clave,entidad,municipio,ing_corr_tot_pc,anios_esc_mean,anios_esc_esp,ss_subin_salud,se_subin_educ,si_subin_ing,idh,gini
01001,Aguascalientes,Aguascalientes,5269.663,10.925,13.582,0.922,0.741,0.81,0.821,0.38
01002,Aguascalientes,Asientos,2999.667,7.766,11.936,0.817,0.59,0.724,0.704,0.33
01003,Aguascalientes,Calvillo,3255.527,7.322,11.232,0.867,0.556,0.737,0.708,0.34
01004,Aguascalientes,Cosío,3157.379,8.423,12.146,0.821,0.618,0.732,0.719,0.33
01005,Aguascalientes,Jesús María,4709.145,9.964,12.343,0.893,0.675,0.793,0.782,0.37
01006,Aguascalientes,Pabellón de Arteaga,4206.17,9.874,12.723,0.831,0.683,0.775,0.76,0.36
01007,Aguascalientes,Rincón de Romos,3459.18,8.925,12.343,0.812,0.64,0.746,0.729,0.36
01008,Aguascalientes,San José de Gracia,3023.96,8.594,11.531,0.916,0.607,0.726,0.739,0.33
01009,Aguascalientes,Tepezalá,3055.737,7.938,11.73,0.899,0.59,0.727,0.728,0.33
01010,Aguascalientes,El Llano,2829.331,7.436,11.326,0.819,0.562,0.716,0.691,0.33
01011,Aguascalientes,San Francisco de los Romo,3489.817,9.34,11.407,0.764,0.628,0.747,0.71,0.34
02001,Baja California,Ensenada,5463.295,10.105,13.284,0.83,0.706,0.815,0.782,0.35
02002,Baja California,Mexicali,5393.114,10.36,13.461,0.904,0.719,0.813,0.809,0.33
02003,Baja California,Tecate,5210.949,9.375,12.738,0.828,0.666,0.808,0.764,0.33
02004,Baja California,Tijuana,5083.978,9.641,12.339,0.931,0.664,0.804,0.792,0.32
02005,Baja California,Playas de Rosarito,4632.329,9.236,12.413,0.804,0.653,0.79,0.746,0.35
03001,Baja California Sur,Comondú,4099.571,8.754,13.292,0.873,0.661,0.772,0.764,0.38
03002,Baja California Sur,Mulegé,4833.579,8.944,11.884,0.878,0.628,0.796,0.76,0.35
03003,Baja California Sur,La Paz,5518.404,10.758,13.966,0.89,0.747,0.816,0.815,0.36
03008,Baja California Sur,Los Cabos,4732.882,9.981,12.779,0.89,0.688,0.793,0.786,0.37
03009,Baja California Sur,Loreto,4229.607,9.34,12.534,0.854,0.659,0.776,0.759,0.39
04001,Campeche,Calkiní,2781.943,8.791,13.973,0.829,0.681,0.713,0.739,0.41
04002,Campeche,Campeche,4303.359,10.576,14.203,0.865,0.747,0.779,0.795,0.37
04003,Campeche,Carmen,4865.157,10.351,13.596,0.885,0.723,0.797,0.799,0.41
04004,Campeche,Champotón,2931.749,7.687,12.332,0.858,0.599,0.721,0.718,0.35
04005,Campeche,Hecelchakán,2470.103,8.998,13.775,0.824,0.683,0.695,0.731,0.41
04006,Campeche,Hopelchén,2016.828,6.783,9.479,0.82,0.489,0.664,0.643,0.41
04007,Campeche,Palizada,2451.246,7.772,11.954,0.757,0.591,0.694,0.677,0.37
04008,Campeche,Tenabo,3093.141,8.061,12.046,0.873,0.603,0.729,0.727,0.34
04009,Campeche,Escárcega,2445.993,7.819,11.856,0.756,0.59,0.694,0.676,0.39
04010,Campeche,Calakmul,1538.514,6.989,11.486,0.69,0.552,0.624,0.62,0.42
04011,Campeche,Candelaria,1667.733,6.547,10.454,0.842,0.509,0.636,0.648,0.43
05001,Coahuila de Zaragoza,Abasolo,4650.932,8.405,13.811,0.883,0.664,0.791,0.774,0.3
05002,Coahuila de Zaragoza,Acuña,4540.691,9.081,12.391,0.894,0.647,0.787,0.769,0.3
05003,Coahuila de Zaragoza,Allende,4497.02,9.072,10.76,0.861,0.601,0.786,0.741,0.33
05004,Coahuila de Zaragoza,Arteaga,4379.409,8.788,11.974,0.846,0.626,0.782,0.745,0.39
05005,Coahuila de Zaragoza,Candela,2912.503,6.963,10.841,0.826,0.533,0.72,0.682,0.34
05006,Coahuila de Zaragoza,Castaños,3552.595,8.958,12.091,0.849,0.634,0.75,0.739,0.33
05007,Coahuila de Zaragoza,Cuatro Ciénegas,4382.92,8.495,11.431,0.864,0.601,0.782,0.74,0.38
05008,Coahuila de Zaragoza,Escobedo,3038.05,7.706,11.851,0.863,0.586,0.726,0.716,0.3
05009,Coahuila de Zaragoza,Francisco I. Madero,3676.612,8.628,12.718,0.891,0.641,0.755,0.756,0.33
05010,Coahuila de Zaragoza,Frontera,4355.616,9.649,12.255,0.91,0.662,0.781,0.778,0.32
05011,Coahuila de Zaragoza,General Cepeda,2929.381,7.708,11.384,0.842,0.573,0.721,0.703,0.33
05012,Coahuila de Zaragoza,Guerrero,3417.255,7.124,11.766,0.836,0.564,0.744,0.705,0.31
05013,Coahuila de Zaragoza,Hidalgo,3622.405,7.436,11.324,0.794,0.562,0.753,0.695,0.32
05014,Coahuila de Zaragoza,Jiménez,3991.962,6.929,11.436,0.809,0.549,0.768,0.699,0.33
05015,Coahuila de Zaragoza,Juárez,3149.914,7.71,11.512,0.861,0.577,0.732,0.714,0.3
05016,Coahuila de Zaragoza,Lamadrid,3922.827,8.347,12.947,0.883,0.638,0.765,0.755,0.31
05017,Coahuila de Zaragoza,Matamoros,4135.374,8.915,11.844,0.883,0.626,0.773,0.753,0.34
05018,Coahuila de Zaragoza,Monclova,5006.581,10.55,13.271,0.856,0.72,0.802,0.791,0.35
05019,Coahuila de Zaragoza,Morelos,4685.966,8.779,12.691,0.874,0.645,0.792,0.764,0.32
05020,Coahuila de Zaragoza,Múzquiz,4105.587,8.815,11.533,0.881,0.614,0.772,0.748,0.32
05021,Coahuila de Zaragoza,Nadadores,4308.661,8.825,12.912,0.851,0.653,0.779,0.757,0.31
05022,Coahuila de Zaragoza,Nava,4320.004,8.748,12.092,0.886,0.628,0.78,0.757,0.31
05023,Coahuila de Zaragoza,Ocampo,3304.529,7.951,11.225,0.888,0.577,0.739,0.723,0.33
05024,Coahuila de Zaragoza,Parras,3926.874,9.209,12.725,0.873,0.66,0.765,0.761,0.34
05025,Coahuila de Zaragoza,Piedras Negras,4941.136,9.743,11.794,0.897,0.652,0.8,0.777,0.33
05026,Coahuila de Zaragoza,Progreso,3132.78,7.266,11.464,0.862,0.561,0.731,0.707,0.32
05027,Coahuila de Zaragoza,Ramos Arizpe,5322.794,10.097,12.549,0.888,0.685,0.811,0.79,0.33
05028,Coahuila de Zaragoza,Sabinas,4629.22,9.573,12.437,0.892,0.665,0.79,0.777,0.33
05029,Coahuila de Zaragoza,Sacramento,3763.164,8.742,12.375,0.823,0.635,0.759,0.735,0.31
05030,Coahuila de Zaragoza,Saltillo,5576.731,10.863,13.268,0.914,0.731,0.818,0.818,0.36
05031,Coahuila de Zaragoza,San Buenaventura,4388.978,9.659,13.378,0.89,0.694,0.782,0.785,0.31
05032,Coahuila de Zaragoza,San Juan de Sabinas,4176.429,9.541,12.421,0.893,0.663,0.774,0.771,0.33
05033,Coahuila de Zaragoza,San Pedro,3249.25,8.43,12.229,0.862,0.621,0.736,0.733,0.37
05034,Coahuila de Zaragoza,Sierra Mojada,3880.012,9.088,11.746,0.799,0.629,0.763,0.727,0.3
05035,Coahuila de Zaragoza,Torreón,4909.784,10.657,12.953,0.911,0.715,0.799,0.804,0.37
05036,Coahuila de Zaragoza,Viesca,2497.767,7.308,10.949,0.795,0.548,0.697,0.672,0.32
05037,Coahuila de Zaragoza,Villa Unión,4350.679,7.989,11.416,0.852,0.583,0.781,0.729,0.31
05038,Coahuila de Zaragoza,Zaragoza,4097.369,8.13,12.029,0.886,0.605,0.772,0.745,0.34
06001,Colima,Armería,3998.324,7.407,11.982,0.903,0.58,0.768,0.738,0.35
06002,Colima,Colima,5308.356,10.267,13.657,0.884,0.722,0.811,0.803,0.36
06003,Colima,Comala,3499.908,8.329,12.819,0.848,0.634,0.748,0.738,0.42
06004,Colima,Coquimatlán,3464.544,7.783,12.53,0.865,0.607,0.746,0.732,0.38
06005,Colima,Cuauhtémoc,4349.284,9.149,13.564,0.894,0.682,0.781,0.781,0.35
06006,Colima,Ixtlahuacán,3458.708,7.093,12.267,0.795,0.577,0.746,0.7,0.36
06007,Colima,Manzanillo,4993.385,9.773,12.562,0.902,0.675,0.801,0.787,0.35
06008,Colima,Minatitlán,4193.866,7.883,12.17,0.897,0.601,0.775,0.748,0.35
06009,Colima,Tecomán,4163.223,7.778,11.552,0.844,0.58,0.774,0.724,0.35
06010,Colima,Villa de Álvarez,5671.78,11.506,14.493,0.917,0.786,0.821,0.84,0.34
07001,Chiapas,Acacoyagua,1936.481,6.434,10.808,0.675,0.515,0.658,0.611,0.3
07002,Chiapas,Acala,2099.64,6.492,10.725,0.838,0.514,0.671,0.661,0.36
07003,Chiapas,Acapetahua,2297.633,6.172,11.492,0.714,0.525,0.684,0.635,0.29
07004,Chiapas,Altamirano,1005.438,4.572,9.036,0.754,0.403,0.559,0.554,0.38
07005,Chiapas,Amatán,1352.065,5.216,9.966,0.75,0.451,0.604,0.589,0.31
07006,Chiapas,Amatenango de la Frontera,1701.197,5.959,11.667,0.84,0.523,0.639,0.655,0.31
07007,Chiapas,Amatenango del Valle,1056.414,4.059,9.045,0.755,0.387,0.567,0.549,0.37
07008,Chiapas,Ángel Albino Corzo,1895.076,5.779,10.45,0.817,0.483,0.655,0.637,0.35
07009,Chiapas,Arriaga,2669.058,7.799,12.855,0.831,0.617,0.707,0.713,0.33
07010,Chiapas,Bejucal de Ocampo,1020.494,5.716,10.198,0.744,0.474,0.562,0.583,0.32
07011,Chiapas,Bella Vista,1369.892,5.842,11.049,0.828,0.502,0.606,0.631,0.3
07012,Chiapas,Berriozábal,2578.495,7.777,11.412,0.686,0.576,0.702,0.652,0.38
07013,Chiapas,Bochil,1842.36,6.537,11.397,0.685,0.534,0.651,0.62,0.42
07014,Chiapas,El Bosque,862.93,4.962,9.337,0.806,0.425,0.536,0.568,0.37
07015,Chiapas,Cacahoatán,2153.936,7.626,11.693,0.747,0.579,0.674,0.663,0.4
07016,Chiapas,Catazajá,2093.867,6.868,11.685,0.738,0.554,0.67,0.649,0.32
07017,Chiapas,Cintalapa,2373.47,7.22,11.696,0.8,0.566,0.689,0.678,0.38
07018,Chiapas,Coapilla,1630.751,5.771,10.326,0.829,0.479,0.632,0.631,0.31
07019,Chiapas,Comitán de Domínguez,2636.786,7.828,11.515,0.819,0.581,0.705,0.695,0.4
07020,Chiapas,La Concordia,1903.598,5.9,11.043,0.829,0.503,0.656,0.649,0.31
07021,Chiapas,Copainalá,1966.629,7.005,11.864,0.78,0.563,0.661,0.662,0.36
07022,Chiapas,Chalchihuitán,666.513,4.024,7.88,0.571,0.353,0.497,0.464,0.35
07023,Chiapas,Chamula,911.52,3.255,8.138,0.677,0.335,0.544,0.498,0.32
07024,Chiapas,Chanal,778.281,4.873,10.161,0.636,0.445,0.521,0.528,0.38
07025,Chiapas,Chapultenango,1520.753,6.781,11.924,0.831,0.557,0.622,0.66,0.32
07026,Chiapas,Chenalhó,695.658,4.105,7.651,0.72,0.349,0.504,0.502,0.37
07027,Chiapas,Chiapa de Corzo,2673.167,8.698,12.376,0.815,0.634,0.707,0.715,0.37
07028,Chiapas,Chiapilla,1838.496,5.262,11.572,0.796,0.497,0.65,0.636,0.29
07029,Chiapas,Chicoasén,1768.868,6.361,11.449,0.68,0.53,0.645,0.615,0.32
07030,Chiapas,Chicomuselo,1748.562,5.453,11.057,0.818,0.489,0.643,0.636,0.32
07031,Chiapas,Chilón,884.428,4.499,9.222,0.685,0.406,0.54,0.531,0.35
07032,Chiapas,Escuintla,2154.445,6.888,11.284,0.797,0.543,0.674,0.663,0.36
07033,Chiapas,Francisco León,1356.231,5.158,11.382,0.669,0.488,0.604,0.582,0.3
07034,Chiapas,Frontera Comalapa,1886.725,6.613,10.862,0.846,0.522,0.654,0.661,0.38
07035,Chiapas,Frontera Hidalgo,2243.608,7.511,11.005,0.826,0.556,0.681,0.679,0.32
07036,Chiapas,La Grandeza,1182.211,6.903,11.269,0.703,0.543,0.584,0.606,0.34
07037,Chiapas,Huehuetán,2679.192,7.696,12.566,0.834,0.606,0.707,0.709,0.32
07038,Chiapas,Huixtán,761.67,5.223,10.344,0.666,0.461,0.517,0.542,0.35
07039,Chiapas,Huitiupán,1066.433,4.87,9.579,0.634,0.428,0.568,0.536,0.35
07040,Chiapas,Huixtla,2816.358,8.016,12.001,0.67,0.601,0.715,0.66,0.34
07041,Chiapas,La Independencia,1335.199,5.453,9.256,0.8,0.439,0.602,0.596,0.34
07042,Chiapas,Ixhuatán,1529.951,6.383,10.038,0.819,0.492,0.623,0.631,0.3
07043,Chiapas,Ixtacomitán,2321.535,7.972,11.484,0.737,0.585,0.686,0.666,0.34
07044,Chiapas,Ixtapa,1327.935,6.391,9.633,0.75,0.481,0.601,0.601,0.35
07045,Chiapas,Ixtapangajoya,1787.953,6.071,10.668,0.838,0.499,0.646,0.646,0.29
07046,Chiapas,Jiquipilas,2308.935,6.911,12.47,0.849,0.577,0.685,0.695,0.35
07047,Chiapas,Jitotol,1050.579,6.133,9.855,0.598,0.478,0.566,0.545,0.45
07048,Chiapas,Juárez,2552.413,7.018,12.242,0.726,0.574,0.7,0.663,0.33
07049,Chiapas,Larráinzar,840.733,5.314,9.45,0.688,0.44,0.532,0.544,0.35
07050,Chiapas,La Libertad,2851.79,7.157,12.564,0.668,0.588,0.717,0.655,0.33
07051,Chiapas,Mapastepec,2236.434,6.43,11.571,0.84,0.536,0.68,0.674,0.35
07052,Chiapas,Las Margaritas,1111.525,4.978,9.74,0.672,0.436,0.574,0.552,0.41
07053,Chiapas,Mazapa de Madero,1411.064,6.371,10.836,0.814,0.513,0.61,0.634,0.35
07054,Chiapas,Mazatán,2488.177,6.83,11.066,0.816,0.535,0.696,0.672,0.3
07055,Chiapas,Metapa,2399.681,7.736,12.179,0.805,0.596,0.691,0.692,0.35
07056,Chiapas,Mitontic,711.232,3.245,7.749,0.706,0.323,0.507,0.487,0.34
07057,Chiapas,Motozintla,2182.176,6.967,11.931,0.784,0.564,0.676,0.668,0.38
07058,Chiapas,Nicolás Ruíz,1414.87,4.968,10.914,0.718,0.469,0.611,0.59,0.28
07059,Chiapas,Ocosingo,1186.502,5.085,10.213,0.789,0.453,0.584,0.593,0.39
07060,Chiapas,Ocotepec,1239.431,4.072,9.917,0.658,0.411,0.591,0.543,0.34
07061,Chiapas,Ocozocoautla de Espinosa,2204.798,6.957,11.186,0.739,0.543,0.678,0.648,0.4
07062,Chiapas,Ostuacán,2333.153,6.469,10.791,0.837,0.515,0.686,0.666,0.32
07063,Chiapas,Osumacinta,1745.376,7.125,12.137,0.845,0.575,0.643,0.678,0.37
07064,Chiapas,Oxchuc,747.986,6.156,11.277,0.673,0.518,0.515,0.564,0.37
07065,Chiapas,Palenque,2237.815,7.063,11.607,0.692,0.558,0.68,0.64,0.36
07066,Chiapas,Pantelhó,831.652,3.58,7.84,0.726,0.337,0.531,0.507,0.36
07067,Chiapas,Pantepec,1291.631,4.813,11.136,0.766,0.47,0.597,0.599,0.3
07068,Chiapas,Pichucalco,2504.435,7.461,12.118,0.674,0.585,0.697,0.65,0.34
07069,Chiapas,Pijijiapan,2282.266,7.006,12.233,0.735,0.573,0.683,0.66,0.33
07070,Chiapas,El Porvenir,831.233,6.342,9.916,0.733,0.487,0.531,0.574,0.37
07071,Chiapas,Villa Comaltitlán,2439.427,6.681,11.056,0.835,0.53,0.693,0.674,0.3
07072,Chiapas,Pueblo Nuevo Solistahuacán,1381.363,5.499,9.968,0.763,0.46,0.607,0.597,0.38
07073,Chiapas,Rayón,1776.87,6.88,12.029,0.758,0.563,0.645,0.651,0.36
07074,Chiapas,Reforma,2622.904,7.9,11.713,0.834,0.589,0.704,0.702,0.35
07075,Chiapas,Las Rosas,1501.996,4.923,9.271,0.815,0.422,0.62,0.597,0.34
07076,Chiapas,Sabanilla,1213.943,5.319,10.658,0.815,0.473,0.588,0.61,0.31
07077,Chiapas,Salto de Agua,1440.357,5.208,11.026,0.76,0.48,0.614,0.607,0.32
07078,Chiapas,San Cristóbal de las Casas,2701.017,9.203,11.459,0.777,0.625,0.709,0.701,0.45
07079,Chiapas,San Fernando,2445.042,6.574,10.323,0.796,0.506,0.694,0.654,0.35
07080,Chiapas,Siltepec,1178.394,5.55,11.417,0.838,0.502,0.583,0.626,0.3
07081,Chiapas,Simojovel,1054.622,4.841,8.964,0.687,0.41,0.567,0.543,0.41
07082,Chiapas,Sitalá,781.36,3.165,8.532,0.625,0.343,0.521,0.481,0.36
07083,Chiapas,Socoltenango,2001.263,5.704,10.932,0.801,0.494,0.663,0.64,0.34
07084,Chiapas,Solosuchiapa,1706.168,6.178,10.536,0.676,0.499,0.639,0.599,0.33
07085,Chiapas,Soyaló,1560.22,5.875,10.165,0.714,0.478,0.626,0.598,0.32
07086,Chiapas,Suchiapa,2513.254,7.745,11.83,0.804,0.587,0.698,0.69,0.35
07087,Chiapas,Suchiate,2408.689,6.131,10.333,0.84,0.491,0.691,0.658,0.3
07088,Chiapas,Sunuapa,1988.044,6.992,12.245,0.737,0.573,0.662,0.654,0.31
07089,Chiapas,Tapachula,2799.131,8.821,12.247,0.844,0.634,0.714,0.726,0.37
07090,Chiapas,Tapalapa,1588.192,6.06,11.917,0.721,0.533,0.628,0.623,0.33
07091,Chiapas,Tapilula,2321.608,7.87,12.249,0.782,0.603,0.686,0.686,0.35
07092,Chiapas,Tecpatán,1622.653,5.493,11.21,0.817,0.495,0.632,0.634,0.32
07093,Chiapas,Tenejapa,816.277,4.874,9.511,0.831,0.427,0.528,0.572,0.34
07094,Chiapas,Teopisca,1424.859,4.56,8.65,0.825,0.392,0.612,0.583,0.38
07096,Chiapas,Tila,852.011,5.041,10.615,0.721,0.463,0.534,0.563,0.34
07097,Chiapas,Tonalá,2683.838,8.467,12.418,0.85,0.627,0.708,0.723,0.37
07098,Chiapas,Totolapa,1359.574,4.964,9.958,0.77,0.442,0.605,0.59,0.31
07099,Chiapas,La Trinitaria,1413.525,5.656,10.205,0.835,0.472,0.611,0.622,0.34
07100,Chiapas,Tumbalá,948.022,5.038,10.812,0.697,0.468,0.55,0.564,0.37
07101,Chiapas,Tuxtla Gutiérrez,3711.086,10.658,13.802,0.853,0.739,0.757,0.781,0.37
07102,Chiapas,Tuxtla Chico,2443.421,7.954,12.428,0.825,0.61,0.693,0.704,0.36
07103,Chiapas,Tuzantán,2111.617,6.92,11.113,0.832,0.539,0.671,0.67,0.33
07104,Chiapas,Tzimol,2010.661,5.888,10.822,0.792,0.497,0.664,0.639,0.32
07105,Chiapas,Unión Juárez,2123.662,7.474,12.278,0.779,0.59,0.672,0.676,0.34
07106,Chiapas,Venustiano Carranza,1569.552,4.984,9.505,0.682,0.43,0.627,0.569,0.36
07107,Chiapas,Villa Corzo,1816.944,6.709,11.106,0.837,0.532,0.649,0.661,0.35
07108,Chiapas,Villaflores,2465.983,7.724,12.087,0.837,0.593,0.695,0.701,0.37
07109,Chiapas,Yajalón,1292.25,5.374,9.911,0.768,0.454,0.597,0.593,0.47
07110,Chiapas,San Lucas,1674.507,4.454,9.716,0.753,0.418,0.636,0.585,0.34
07111,Chiapas,Zinacantán,1042.179,3.65,7.609,0.718,0.333,0.565,0.513,0.35
07112,Chiapas,San Juan Cancuc,666.419,4.173,9.612,0.684,0.406,0.497,0.517,0.36
07113,Chiapas,Aldama,678.405,4.671,8.911,0.554,0.403,0.5,0.482,0.35
07114,Chiapas,Benemérito de las Américas,1979.93,5.742,9.957,0.797,0.468,0.662,0.627,0.32
07115,Chiapas,Maravilla Tenejapa,929.22,4.737,8.855,0.758,0.404,0.547,0.551,0.37
07116,Chiapas,Marqués de Comillas,1610.573,4.916,10.396,0.813,0.453,0.63,0.614,0.31
07117,Chiapas,Montecristo de Guerrero,1306.563,5.166,10.804,0.78,0.472,0.599,0.604,0.3
07118,Chiapas,San Andrés Duraznal,640.496,3.796,8.11,0.586,0.352,0.491,0.466,0.37
07119,Chiapas,Santiago el Pinar,831.64,4.049,10.936,0.642,0.439,0.531,0.531,0.32
08001,Chihuahua,Ahumada,3610.194,6.894,9.419,0.846,0.491,0.752,0.679,0.33
08002,Chihuahua,Aldama,4303.749,9.174,12.116,0.875,0.642,0.779,0.759,0.34
08003,Chihuahua,Allende,4007.726,8.893,13.497,0.852,0.671,0.768,0.76,0.33
08004,Chihuahua,Aquiles Serdán,3625.308,9.143,11.223,0.878,0.617,0.753,0.741,0.31
08005,Chihuahua,Ascensión,3885.283,7.254,10.372,0.815,0.53,0.763,0.691,0.35
08006,Chihuahua,Bachíniva,4546.871,6.739,11.614,0.878,0.547,0.787,0.723,0.3
08007,Chihuahua,Balleza,2075.164,4.795,8.363,0.624,0.392,0.669,0.547,0.46
08008,Chihuahua,Batopilas de Manuel Gómez Morín,840.275,3.159,7.221,0.584,0.306,0.532,0.456,0.51
08009,Chihuahua,Bocoyna,2403.463,6.591,10.854,0.709,0.521,0.691,0.634,0.44
08010,Chihuahua,Buenaventura,3417.94,7.225,9.621,0.75,0.508,0.744,0.657,0.37
08011,Chihuahua,Camargo,4191.694,9.008,12.293,0.766,0.642,0.775,0.725,0.33
08012,Chihuahua,Carichí,2362.383,4.356,7.285,0.712,0.348,0.688,0.554,0.41
08013,Chihuahua,Casas Grandes,3791.66,8.018,12.275,0.867,0.608,0.76,0.737,0.34
08014,Chihuahua,Coronado,3513.466,7.565,11.955,0.901,0.584,0.748,0.733,0.3
08015,Chihuahua,Coyame del Sotol,3676.408,6.466,10.052,0.7,0.495,0.755,0.639,0.32
08016,Chihuahua,La Cruz,4050.778,7.906,12.431,0.89,0.609,0.77,0.747,0.3
08017,Chihuahua,Cuauhtémoc,4752.804,9.047,11.794,0.864,0.629,0.794,0.756,0.34
08018,Chihuahua,Cusihuiriachi,3160.777,6.101,9.08,0.751,0.456,0.732,0.63,0.32
08019,Chihuahua,Chihuahua,6154.116,11.581,14.709,0.9,0.795,0.833,0.842,0.37
08020,Chihuahua,Chínipas,2496.619,6.465,11.306,0.571,0.53,0.697,0.595,0.38
08021,Chihuahua,Delicias,4596.172,9.97,13.331,0.877,0.703,0.789,0.786,0.34
08022,Chihuahua,Dr. Belisario Domínguez,2908.584,6.213,10.409,0.775,0.496,0.72,0.652,0.33
08023,Chihuahua,Galeana,3542.574,7.017,10.54,0.826,0.527,0.75,0.689,0.31
08024,Chihuahua,Santa Isabel,3796.933,7.459,11.45,0.702,0.567,0.76,0.671,0.32
08025,Chihuahua,Gómez Farías,4013.07,7.521,11.547,0.629,0.571,0.768,0.651,0.33
08026,Chihuahua,Gran Morelos,3600.296,6.32,11.918,0.845,0.542,0.752,0.701,0.32
08027,Chihuahua,Guachochi,2223.463,5.787,10.066,0.661,0.472,0.679,0.596,0.44
08028,Chihuahua,Guadalupe,3531.139,7.083,12.076,0.729,0.572,0.749,0.678,0.3
08029,Chihuahua,Guadalupe y Calvo,1711.762,5.083,9.386,0.707,0.43,0.64,0.579,0.43
08030,Chihuahua,Guazapares,2449.361,6.308,10.397,0.772,0.499,0.694,0.644,0.46
08031,Chihuahua,Guerrero,3263.646,6.94,11.76,0.796,0.558,0.737,0.689,0.35
08032,Chihuahua,Hidalgo del Parral,4179.749,9.773,13.343,0.888,0.696,0.775,0.783,0.37
08033,Chihuahua,Huejotitán,2946.361,6.269,10.52,0.821,0.501,0.722,0.667,0.33
08034,Chihuahua,Ignacio Zaragoza,4156.879,7.11,11.585,0.855,0.559,0.774,0.718,0.32
08035,Chihuahua,Janos,3216.576,6.679,7.317,0.658,0.426,0.735,0.59,0.32
08036,Chihuahua,Jiménez,3795.557,9.197,12.181,0.823,0.645,0.76,0.739,0.37
08037,Chihuahua,Juárez,4898.153,9.823,12.738,0.855,0.681,0.798,0.775,0.35
08038,Chihuahua,Julimes,3471.929,7.405,11.246,0.897,0.559,0.746,0.721,0.3
08039,Chihuahua,López,3718.748,8.265,12.507,0.892,0.623,0.757,0.749,0.32
08040,Chihuahua,Madera,3196.162,7.293,11.628,0.841,0.566,0.734,0.704,0.35
08041,Chihuahua,Maguarichi,1521.169,5.574,11.61,0.581,0.508,0.622,0.569,0.4
08042,Chihuahua,Manuel Benavides,3493.8,6.043,10.496,0.782,0.493,0.747,0.66,0.3
08043,Chihuahua,Matachí,3257.766,6.853,10.675,0.888,0.525,0.737,0.7,0.32
08044,Chihuahua,Matamoros,3688.009,7.621,12.815,0.892,0.61,0.756,0.744,0.3
08045,Chihuahua,Meoqui,3966.392,8.443,11.435,0.889,0.599,0.767,0.742,0.34
08046,Chihuahua,Morelos,1396.866,4.848,9.597,0.586,0.428,0.609,0.535,0.43
08047,Chihuahua,Moris,2112.338,5.784,10.762,0.814,0.492,0.671,0.645,0.38
08048,Chihuahua,Namiquipa,4956.422,7.071,10.502,0.857,0.527,0.8,0.713,0.31
08049,Chihuahua,Nonoava,2836.746,6.277,11.349,0.798,0.524,0.716,0.669,0.37
08050,Chihuahua,Nuevo Casas Grandes,4376.545,9.556,13.362,0.865,0.69,0.781,0.775,0.35
08051,Chihuahua,Ocampo,2668.971,6.689,11.664,0.826,0.547,0.707,0.684,0.32
08052,Chihuahua,Ojinaga,4545.112,8.216,9.769,0.898,0.545,0.787,0.728,0.34
08053,Chihuahua,Praxedis G. Guerrero,4038.955,6.842,10.575,0.885,0.522,0.769,0.708,0.28
08054,Chihuahua,Riva Palacio,5019.021,6.654,8.111,0.894,0.447,0.802,0.684,0.31
08055,Chihuahua,Rosales,3552.903,7.91,12.634,0.879,0.615,0.75,0.74,0.32
08056,Chihuahua,Rosario,3012.277,5.993,12.611,0.898,0.55,0.725,0.71,0.33
08057,Chihuahua,San Francisco de Borja,3376.836,6.492,11.053,0.672,0.523,0.742,0.639,0.33
08058,Chihuahua,San Francisco de Conchos,4365.077,7.954,11.542,0.894,0.586,0.781,0.742,0.3
08059,Chihuahua,San Francisco del Oro,4199.477,9.286,13.125,0.889,0.674,0.775,0.775,0.32
08060,Chihuahua,Santa Bárbara,4006.293,9.22,13.236,0.894,0.675,0.768,0.774,0.33
08061,Chihuahua,Satevó,2955.838,6.402,11.029,0.865,0.52,0.722,0.687,0.31
08062,Chihuahua,Saucillo,4109.776,8.299,11.946,0.881,0.608,0.772,0.745,0.33
08063,Chihuahua,Temósachic,3056.306,6.213,10.83,0.767,0.508,0.727,0.657,0.34
08064,Chihuahua,El Tule,2926.058,6.102,10.712,0.673,0.501,0.721,0.624,0.33
08065,Chihuahua,Urique,2262.531,4.726,9.483,0.664,0.421,0.682,0.575,0.41
08066,Chihuahua,Uruachi,1418.405,5.091,10.811,0.583,0.47,0.611,0.551,0.43
08067,Chihuahua,Valle de Zaragoza,3187.493,6.596,11.563,0.698,0.541,0.734,0.652,0.33
09002,Ciudad de México,Azcapotzalco,5093.746,11.459,14.434,0.923,0.783,0.804,0.834,0.37
09003,Ciudad de México,Coyoacán,5239.304,12.383,14.792,0.919,0.824,0.809,0.849,0.4
09004,Ciudad de México,Cuajimalpa de Morelos,4903.279,10.993,13.268,0.899,0.735,0.799,0.808,0.4
09005,Ciudad de México,Gustavo A. Madero,4308.245,11.073,14.691,0.899,0.777,0.779,0.816,0.38
09006,Ciudad de México,Iztacalco,5414.293,11.47,14.391,0.915,0.782,0.814,0.835,0.38
09007,Ciudad de México,Iztapalapa,3774.846,10.235,13.302,0.891,0.711,0.759,0.783,0.39
09008,Ciudad de México,La Magdalena Contreras,3869.455,10.422,13.243,0.893,0.715,0.763,0.787,0.41
09009,Ciudad de México,Milpa Alta,3189.066,9.655,13.471,0.856,0.696,0.734,0.759,0.36
09010,Ciudad de México,Álvaro Obregón,4462.37,11.079,13.973,0.9,0.757,0.784,0.812,0.42
09011,Ciudad de México,Tláhuac,3921.166,10.239,13.908,0.895,0.728,0.765,0.793,0.38
09012,Ciudad de México,Tlalpan,4464.027,11.165,13.748,0.901,0.754,0.784,0.811,0.41
09013,Ciudad de México,Xochimilco,3621.36,10.377,13.468,0.888,0.72,0.753,0.784,0.4
09014,Ciudad de México,Benito Juárez,9606.542,13.957,15.264,0.935,0.889,0.9,0.908,0.37
09015,Ciudad de México,Cuauhtémoc,6618.668,12.439,13.641,0.923,0.794,0.844,0.852,0.4
09016,Ciudad de México,Miguel Hidalgo,7806.848,12.788,14.29,0.931,0.823,0.869,0.873,0.39
09017,Ciudad de México,Venustiano Carranza,4752.403,11.148,12.734,0.915,0.725,0.794,0.808,0.38
10001,Durango,Canatlán,2982.132,8.793,13.051,0.843,0.656,0.724,0.737,0.36
10002,Durango,Canelas,1845.623,5.694,9.625,0.718,0.457,0.651,0.598,0.37
10003,Durango,Coneto de Comonfort,1862.484,7.14,11.047,0.82,0.545,0.652,0.663,0.37
10004,Durango,Cuencamé,3335.074,8.25,12.598,0.861,0.625,0.74,0.736,0.31
10005,Durango,Durango,4106.466,10.329,13.566,0.886,0.721,0.772,0.79,0.34
10006,Durango,General Simón Bolívar,2643.209,6.727,11.127,0.802,0.533,0.705,0.67,0.34
10007,Durango,Gómez Palacio,4019.633,9.726,12.49,0.862,0.671,0.769,0.763,0.33
10008,Durango,Guadalupe Victoria,3437.44,8.562,12.564,0.84,0.634,0.745,0.735,0.34
10009,Durango,Guanaceví,2811.459,6.268,10.426,0.839,0.499,0.715,0.669,0.36
10010,Durango,Hidalgo,2671.077,7.915,13.233,0.881,0.631,0.707,0.733,0.35
10011,Durango,Indé,2632.35,7.129,12.432,0.803,0.583,0.705,0.691,0.35
10012,Durango,Lerdo,4273.793,9.701,12.431,0.888,0.669,0.778,0.773,0.36
10013,Durango,Mapimí,3657,7.641,11.115,0.822,0.563,0.754,0.704,0.3
10014,Durango,Mezquital,883.938,5.166,10.75,0.588,0.471,0.54,0.531,0.5
10015,Durango,Nazas,2667.661,7.787,10.522,0.785,0.552,0.707,0.674,0.34
10016,Durango,Nombre de Dios,2868.488,7.919,12.468,0.843,0.61,0.718,0.717,0.34
10017,Durango,Ocampo,3079.329,7.947,13.615,0.81,0.643,0.728,0.724,0.38
10018,Durango,El Oro,4080.389,8.335,13.439,0.846,0.651,0.771,0.752,0.36
10019,Durango,Otáez,1330.097,6.519,10.111,0.654,0.498,0.602,0.581,0.41
10020,Durango,Pánuco de Coronado,2825.615,7.95,12.115,0.876,0.602,0.715,0.722,0.34
10021,Durango,Peñón Blanco,2925.411,7.869,12.87,0.786,0.62,0.721,0.706,0.33
10022,Durango,Poanas,2886.995,8.15,12.366,0.871,0.615,0.719,0.728,0.36
10023,Durango,Pueblo Nuevo,2841.623,8.211,11.302,0.659,0.588,0.716,0.652,0.36
10024,Durango,Rodeo,2942.562,8.321,13.514,0.787,0.653,0.722,0.718,0.38
10025,Durango,San Bernardo,2815.16,6.995,11.241,0.857,0.545,0.715,0.694,0.38
10026,Durango,San Dimas,2200.745,7.081,9.779,0.765,0.508,0.678,0.641,0.33
10027,Durango,San Juan de Guadalupe,2030.42,6.373,11.461,0.694,0.531,0.665,0.626,0.37
10028,Durango,San Juan del Río,2644.739,7.758,12.204,0.837,0.598,0.705,0.706,0.37
10029,Durango,San Luis del Cordero,2245.625,6.955,11.188,0.854,0.543,0.681,0.681,0.35
10030,Durango,San Pedro del Gallo,2334.601,6.784,11.236,0.841,0.538,0.687,0.678,0.32
10031,Durango,Santa Clara,2735.23,7.384,12.933,0.836,0.605,0.71,0.711,0.34
10032,Durango,Santiago Papasquiaro,3583.971,8.337,12.535,0.86,0.626,0.751,0.74,0.33
10033,Durango,Súchil,2670.714,7.628,12.216,0.762,0.594,0.707,0.684,0.42
10034,Durango,Tamazula,1963.102,6.333,11.265,0.639,0.524,0.66,0.605,0.43
10035,Durango,Tepehuanes,2676.973,6.57,11.101,0.824,0.527,0.707,0.675,0.37
10036,Durango,Tlahualilo,3292.02,8.253,12.308,0.861,0.617,0.738,0.732,0.32
10037,Durango,Topia,1966.707,6.632,10.8,0.673,0.521,0.661,0.614,0.4
10038,Durango,Vicente Guerrero,3533.259,9.093,12.458,0.863,0.649,0.749,0.749,0.34
10039,Durango,Nuevo Ideal,3217.543,8.037,11.559,0.87,0.589,0.735,0.722,0.35
11001,Guanajuato,Abasolo,2979.224,7.024,12.204,0.846,0.573,0.723,0.705,0.34
11002,Guanajuato,Acámbaro,3088.261,7.304,11.957,0.843,0.576,0.729,0.707,0.37
11003,Guanajuato,San Miguel de Allende,3183.204,8.027,11.464,0.875,0.586,0.733,0.722,0.35
11004,Guanajuato,Apaseo el Alto,2908.603,7.287,12.313,0.853,0.585,0.72,0.711,0.34
11005,Guanajuato,Apaseo el Grande,3327.66,8.322,11.337,0.812,0.592,0.74,0.709,0.34
11006,Guanajuato,Atarjea,1839.545,6.3,12.177,0.618,0.548,0.651,0.604,0.38
11007,Guanajuato,Celaya,3708.54,9.371,12.801,0.846,0.668,0.756,0.753,0.38
11008,Guanajuato,Manuel Doblado,2935.631,6.493,10.94,0.86,0.52,0.721,0.686,0.36
11009,Guanajuato,Comonfort,2716.045,7.396,11.525,0.772,0.567,0.709,0.677,0.36
11010,Guanajuato,Coroneo,2755.609,7.11,11.759,0.822,0.564,0.712,0.691,0.34
11011,Guanajuato,Cortazar,3372.059,8.23,11.939,0.832,0.606,0.742,0.72,0.36
11012,Guanajuato,Cuerámaro,2926.667,7.031,11.389,0.83,0.551,0.721,0.691,0.34
11013,Guanajuato,Doctor Mora,3135.41,6.981,12.353,0.839,0.576,0.731,0.707,0.33
11014,Guanajuato,Dolores Hidalgo Cuna de la Independencia Nacional,2830.74,7.221,11.514,0.794,0.561,0.716,0.683,0.38
11015,Guanajuato,Guanajuato,4431.318,10.257,13.594,0.838,0.72,0.783,0.779,0.4
11016,Guanajuato,Huanímaro,2775.134,7.114,11.851,0.83,0.566,0.713,0.695,0.34
11017,Guanajuato,Irapuato,4213.895,9.405,12.662,0.822,0.665,0.776,0.752,0.4
11018,Guanajuato,Jaral del Progreso,2842.011,7.807,11.478,0.809,0.579,0.716,0.695,0.35
11019,Guanajuato,Jerécuaro,2554.391,6.178,10.948,0.741,0.51,0.7,0.642,0.36
11020,Guanajuato,León,3614.21,8.953,11.816,0.88,0.627,0.753,0.746,0.38
11021,Guanajuato,Moroleón,3725.848,7.719,11.66,0.812,0.581,0.757,0.71,0.37
11022,Guanajuato,Ocampo,2758.809,6.383,10.465,0.841,0.503,0.712,0.671,0.33
11023,Guanajuato,Pénjamo,2801.15,6.755,10.94,0.829,0.529,0.714,0.679,0.35
11024,Guanajuato,Pueblo Nuevo,3271.493,7.49,11.803,0.847,0.578,0.738,0.712,0.38
11025,Guanajuato,Purísima del Rincón,3470.097,7.178,10.477,0.824,0.53,0.746,0.688,0.32
11026,Guanajuato,Romita,2949.293,7.539,11.309,0.814,0.565,0.722,0.693,0.36
11027,Guanajuato,Salamanca,3683.353,8.978,12.99,0.851,0.66,0.755,0.751,0.36
11028,Guanajuato,Salvatierra,3156.928,7.889,12.802,0.816,0.619,0.732,0.718,0.37
11029,Guanajuato,San Diego de la Unión,2987.071,6.052,10.982,0.834,0.507,0.724,0.674,0.31
11030,Guanajuato,San Felipe,2704.034,6.926,10.879,0.764,0.533,0.709,0.661,0.34
11031,Guanajuato,San Francisco del Rincón,3357.094,7.797,11.501,0.843,0.579,0.741,0.713,0.35
11032,Guanajuato,San José Iturbide,3751.632,8.261,11.99,0.823,0.608,0.758,0.724,0.32
11033,Guanajuato,San Luis de la Paz,2869.76,7.4,12.023,0.831,0.581,0.718,0.702,0.36
11034,Guanajuato,Santa Catarina,2661.88,6.81,11.73,0.711,0.553,0.706,0.652,0.36
11035,Guanajuato,Santa Cruz de Juventino Rosas,2673.202,7.105,11.101,0.813,0.545,0.707,0.679,0.38
11036,Guanajuato,Santiago Maravatío,2910.989,6.95,12.381,0.788,0.576,0.72,0.689,0.35
11037,Guanajuato,Silao de la Victoria,3529.702,8.864,11.996,0.86,0.629,0.749,0.74,0.37
11038,Guanajuato,Tarandacuao,2939.55,7.43,11.463,0.825,0.566,0.721,0.696,0.34
11039,Guanajuato,Tarimoro,3031.892,6.866,12.241,0.866,0.569,0.726,0.71,0.36
11040,Guanajuato,Tierra Blanca,2336.954,6.706,11.34,0.674,0.539,0.687,0.629,0.34
11041,Guanajuato,Uriangato,3210.318,7.298,12.025,0.793,0.577,0.735,0.696,0.35
11042,Guanajuato,Valle de Santiago,2969.917,7.536,11.324,0.837,0.566,0.723,0.699,0.34
11043,Guanajuato,Victoria,2729.178,7.482,12.799,0.773,0.605,0.71,0.693,0.38
11044,Guanajuato,Villagrán,3316.028,8.677,13.172,0.84,0.655,0.74,0.741,0.33
11045,Guanajuato,Xichú,2200.793,5.686,10.758,0.801,0.488,0.678,0.643,0.4
11046,Guanajuato,Yuriria,2717.867,6.335,11.69,0.825,0.536,0.71,0.68,0.38
12001,Guerrero,Acapulco de Juárez,3118.964,9.256,13.094,0.873,0.672,0.73,0.754,0.38
12002,Guerrero,Ahuacuotzingo,1138.83,3.995,10.445,0.694,0.423,0.578,0.554,0.34
12003,Guerrero,Ajuchitlán del Progreso,2376.932,6.257,11.857,0.818,0.538,0.689,0.672,0.39
12004,Guerrero,Alcozauca de Guerrero,982.809,3.368,9.297,0.663,0.371,0.556,0.515,0.4
12005,Guerrero,Alpoyeca,2216.15,6.371,12.44,0.804,0.558,0.679,0.673,0.33
12006,Guerrero,Apaxtla,2031.898,6.881,11.304,0.859,0.543,0.666,0.678,0.42
12007,Guerrero,Arcelia,2612.964,7.869,11.841,0.852,0.591,0.704,0.708,0.38
12008,Guerrero,Atenango del Río,2006.873,5.353,10.743,0.808,0.477,0.664,0.635,0.33
12009,Guerrero,Atlamajalcingo del Monte,881.621,4.961,10.343,0.594,0.453,0.539,0.525,0.36
12010,Guerrero,Atlixtac,1003.108,4.03,10.635,0.752,0.43,0.559,0.565,0.35
12011,Guerrero,Atoyac de Álvarez,3135.564,8.384,12.312,0.772,0.621,0.731,0.705,0.38
12012,Guerrero,Ayutla de los Libres,2069.092,7.054,11.595,0.782,0.557,0.668,0.663,0.41
12013,Guerrero,Azoyú,2657.324,6.901,12.77,0.861,0.585,0.706,0.708,0.34
12014,Guerrero,Benito Juárez,4253.438,8.836,12.856,0.774,0.652,0.777,0.732,0.34
12015,Guerrero,Buenavista de Cuéllar,2859.345,7.39,12.954,0.852,0.606,0.717,0.718,0.35
12016,Guerrero,Coahuayutla de José María Izazaga,1957.645,4.531,10.039,0.785,0.43,0.66,0.606,0.33
12017,Guerrero,Cocula,2600.583,6.897,11.812,0.844,0.558,0.703,0.692,0.38
12018,Guerrero,Copala,2246.658,6.822,12.281,0.839,0.569,0.681,0.687,0.34
12019,Guerrero,Copalillo,1273.428,4.358,9.909,0.761,0.421,0.595,0.575,0.34
12020,Guerrero,Copanatoyac,1029.932,4.005,9.789,0.703,0.405,0.563,0.543,0.37
12021,Guerrero,Coyuca de Benítez,2340.868,7.522,12.112,0.851,0.587,0.687,0.7,0.39
12022,Guerrero,Coyuca de Catalán,2264.199,6.136,11.223,0.863,0.516,0.682,0.672,0.38
12023,Guerrero,Cuajinicuilapa,2531.726,6.201,11.961,0.847,0.539,0.699,0.683,0.32
12024,Guerrero,Cualác,1485.787,5.645,11.715,0.816,0.514,0.618,0.637,0.33
12025,Guerrero,Cuautepec,1877.483,6.307,11.687,0.801,0.535,0.654,0.654,0.36
12026,Guerrero,Cuetzala del Progreso,1598.339,5.067,11.598,0.808,0.491,0.629,0.63,0.33
12027,Guerrero,Cutzamala de Pinzón,2351.897,5.133,10.158,0.818,0.453,0.688,0.634,0.32
12028,Guerrero,Chilapa de Álvarez,2207.795,6.685,11.856,0.779,0.552,0.678,0.663,0.41
12029,Guerrero,Chilpancingo de los Bravo,3309.625,10.189,13.891,0.882,0.726,0.739,0.779,0.42
12030,Guerrero,Florencio Villarreal,3100.247,7.325,11.786,0.845,0.572,0.729,0.706,0.36
12031,Guerrero,General Canuto A. Neri,1420.829,5.818,10.91,0.765,0.497,0.612,0.615,0.34
12032,Guerrero,General Heliodoro Castillo,1148.718,5.19,10.472,0.65,0.464,0.579,0.559,0.34
12033,Guerrero,Huamuxtitlán,2147.804,7.092,12.221,0.792,0.576,0.674,0.675,0.42
12034,Guerrero,Huitzuco de los Figueroa,2516.652,6.537,11.059,0.863,0.525,0.698,0.681,0.37
12035,Guerrero,Iguala de la Independencia,3320.328,9.354,13.353,0.806,0.683,0.74,0.741,0.41
12036,Guerrero,Igualapa,1848.243,6.78,12.39,0.786,0.57,0.651,0.663,0.35
12037,Guerrero,Ixcateopan de Cuauhtémoc,1738.291,6.598,12.04,0.853,0.554,0.642,0.672,0.35
12038,Guerrero,Zihuatanejo de Azueta,3443.575,8.893,12.622,0.889,0.647,0.745,0.754,0.36
12039,Guerrero,Juan R. Escudero,2032.558,7.095,12.789,0.78,0.592,0.666,0.675,0.38
12040,Guerrero,Leonardo Bravo,1459.904,6.124,11.479,0.837,0.523,0.616,0.646,0.38
12041,Guerrero,Malinaltepec,1253.397,6.703,12.74,0.789,0.577,0.593,0.647,0.35
12042,Guerrero,Mártir de Cuilapan,1705.662,4.972,11.021,0.761,0.472,0.639,0.612,0.4
12043,Guerrero,Metlatónoc,787.486,3.309,10.206,0.597,0.394,0.522,0.497,0.37
12044,Guerrero,Mochitlán,2210.751,7.428,12.84,0.812,0.604,0.678,0.693,0.39
12045,Guerrero,Olinalá,1472.745,5.533,11.043,0.776,0.491,0.617,0.617,0.4
12046,Guerrero,Ometepec,2501.197,7.696,12.877,0.697,0.614,0.697,0.668,0.39
12047,Guerrero,Pedro Ascencio Alquisiras,1210.061,4.835,10.133,0.839,0.443,0.587,0.602,0.32
12048,Guerrero,Petatlán,2774.487,7.329,12.409,0.776,0.589,0.713,0.688,0.35
12049,Guerrero,Pilcaya,2467.167,6.825,11.391,0.859,0.544,0.695,0.687,0.37
12050,Guerrero,Pungarabato,3116.424,8.097,12.437,0.775,0.615,0.73,0.703,0.37
12051,Guerrero,Quechultenango,1124.696,4.817,10.471,0.858,0.451,0.576,0.607,0.36
12052,Guerrero,San Luis Acatlán,1669.319,6.251,11.89,0.807,0.539,0.636,0.651,0.38
12053,Guerrero,San Marcos,2543.606,6.759,12.314,0.8,0.567,0.699,0.682,0.34
12054,Guerrero,San Miguel Totolapan,1573.373,5.476,10.612,0.838,0.477,0.627,0.631,0.39
12055,Guerrero,Taxco de Alarcón,1990.521,7.97,12.856,0.734,0.623,0.662,0.671,0.38
12056,Guerrero,Tecoanapa,1563.538,7.156,12.061,0.838,0.574,0.626,0.67,0.36
12057,Guerrero,Técpan de Galeana,3409.233,6.972,11.311,0.753,0.547,0.744,0.674,0.32
12058,Guerrero,Teloloapan,2474.686,7.189,12.294,0.837,0.581,0.695,0.697,0.38
12059,Guerrero,Tepecoacuilco de Trujano,1889.565,5.874,10.614,0.816,0.491,0.655,0.64,0.38
12060,Guerrero,Tetipac,1522.606,6.126,11.273,0.83,0.517,0.622,0.644,0.35
12061,Guerrero,Tixtla de Guerrero,3318.67,9.253,13.627,0.842,0.687,0.74,0.754,0.43
12062,Guerrero,Tlacoachistlahuaca,1605.14,4.052,10.227,0.846,0.419,0.63,0.607,0.37
12063,Guerrero,Tlacoapa,1089.418,6.177,11.332,0.56,0.521,0.571,0.55,0.34
12064,Guerrero,Tlalchapa,2905.639,6.69,11.811,0.861,0.551,0.72,0.699,0.34
12065,Guerrero,Tlalixtaquilla de Maldonado,1869.767,5.053,10.929,0.74,0.472,0.653,0.611,0.34
12066,Guerrero,Tlapa de Comonfort,2358.62,7.994,12.349,0.745,0.609,0.688,0.679,0.45
12067,Guerrero,Tlapehuala,2417.679,7.17,12.826,0.843,0.595,0.692,0.703,0.41
12068,Guerrero,La Unión de Isidoro Montes de Oca,2856.475,6.251,11.37,0.813,0.524,0.717,0.673,0.33
12069,Guerrero,Xalpatláhuac,1187.165,3.927,10.215,0.808,0.415,0.584,0.58,0.34
12070,Guerrero,Xochihuehuetlán,2330.125,5.552,11.499,0.794,0.504,0.686,0.65,0.32
12071,Guerrero,Xochistlahuaca,1580.707,4.064,10.158,0.814,0.418,0.628,0.598,0.34
12072,Guerrero,Zapotitlán Tablas,1162.977,5.446,10.202,0.671,0.465,0.581,0.566,0.33
12073,Guerrero,Zirándaro,2011.437,4.842,9.563,0.838,0.427,0.664,0.619,0.38
12074,Guerrero,Zitlala,1609.01,4.803,10.848,0.808,0.461,0.63,0.617,0.32
12075,Guerrero,Eduardo Neri,2772.324,7.706,12.352,0.793,0.6,0.713,0.697,0.4
12076,Guerrero,Acatepec,974.593,5.124,11.187,0.809,0.482,0.555,0.6,0.33
12077,Guerrero,Marquelia,2713.33,7.623,12.342,0.836,0.597,0.709,0.707,0.37
12078,Guerrero,Cochoapa el Grande,502.35,1.986,8.818,0.622,0.311,0.454,0.445,0.44
12079,Guerrero,José Joaquín de Herrera,982.792,3.639,10.127,0.821,0.403,0.556,0.568,0.33
12080,Guerrero,Juchitán,2404.283,6.051,12.311,0.802,0.544,0.691,0.67,0.33
12081,Guerrero,Iliatenco,1505.751,7.814,13.37,0.775,0.632,0.62,0.672,0.38
13001,Hidalgo,Acatlán,2741.332,6.4,11.26,0.849,0.526,0.711,0.682,0.29
13002,Hidalgo,Acaxochitlán,1782.035,5.396,10.404,0.817,0.469,0.646,0.628,0.35
13003,Hidalgo,Actopan,3462.859,9.545,13.464,0.891,0.692,0.746,0.772,0.33
13004,Hidalgo,Agua Blanca de Iturbide,2139.231,6.275,12.103,0.882,0.545,0.673,0.687,0.32
13005,Hidalgo,Ajacuba,2994.685,8.188,12.824,0.88,0.629,0.724,0.737,0.31
13006,Hidalgo,Alfajayucan,2492.9,7.636,13.803,0.877,0.638,0.696,0.73,0.31
13007,Hidalgo,Almoloya,2542.422,8.189,12.69,0.892,0.625,0.699,0.731,0.31
13008,Hidalgo,Apan,3491.897,9.392,13.389,0.882,0.685,0.747,0.767,0.34
13009,Hidalgo,El Arenal,2793.43,8.518,12.935,0.882,0.643,0.714,0.74,0.32
13010,Hidalgo,Atitalaquia,4619.587,10.126,14.087,0.888,0.729,0.79,0.8,0.31
13011,Hidalgo,Atlapexco,2152.502,6.67,13.089,0.888,0.586,0.674,0.705,0.33
13012,Hidalgo,Atotonilco el Grande,2654.195,7.23,12.199,0.898,0.58,0.706,0.716,0.32
13013,Hidalgo,Atotonilco de Tula,3397.045,9.583,12.936,0.89,0.679,0.743,0.766,0.3
13014,Hidalgo,Calnali,2247.907,6.393,13.233,0.872,0.581,0.681,0.701,0.36
13015,Hidalgo,Cardonal,2281.078,8.074,14.024,0.86,0.659,0.683,0.729,0.34
13016,Hidalgo,Cuautepec de Hinojosa,2311.581,7.223,12.088,0.883,0.577,0.685,0.704,0.33
13017,Hidalgo,Chapantongo,2407.334,7.279,12.571,0.898,0.592,0.691,0.716,0.3
13018,Hidalgo,Chapulhuacán,2630.513,6.575,11.313,0.865,0.533,0.705,0.688,0.32
13019,Hidalgo,Chilcuautla,2598.435,7.983,13.894,0.887,0.652,0.703,0.741,0.31
13020,Hidalgo,Eloxochitlán,2273.05,6.611,12.642,0.878,0.572,0.683,0.7,0.29
13021,Hidalgo,Emiliano Zapata,3135.681,9.179,13.716,0.88,0.687,0.731,0.762,0.31
13022,Hidalgo,Epazoyucan,3067.789,8.607,12.534,0.886,0.635,0.728,0.743,0.32
13023,Hidalgo,Francisco I. Madero,3191.101,9.731,14.592,0.884,0.73,0.734,0.779,0.34
13024,Hidalgo,Huasca de Ocampo,2413.8,7.091,12.075,0.875,0.572,0.692,0.702,0.33
13025,Hidalgo,Huautla,2401.863,7.167,13.145,0.869,0.604,0.691,0.713,0.38
13026,Hidalgo,Huazalingo,1419.591,5.77,12.405,0.863,0.537,0.611,0.657,0.32
13027,Hidalgo,Huehuetla,1844.368,5.405,12.296,0.858,0.522,0.651,0.663,0.35
13028,Hidalgo,Huejutla de Reyes,2486.193,7.468,13.231,0.883,0.616,0.696,0.724,0.39
13029,Hidalgo,Huichapan,2972.332,7.748,13.235,0.886,0.626,0.723,0.737,0.32
13030,Hidalgo,Ixmiquilpan,3170.749,8.95,13.375,0.887,0.67,0.733,0.758,0.35
13031,Hidalgo,Jacala de Ledezma,3200.139,7.009,12.622,0.876,0.584,0.734,0.721,0.33
13032,Hidalgo,Jaltocán,2152.446,6.015,13.316,0.896,0.57,0.674,0.701,0.33
13033,Hidalgo,Juárez Hidalgo,2233.352,6.625,12.236,0.888,0.561,0.68,0.697,0.33
13034,Hidalgo,Lolotla,1636.584,6.511,12.798,0.867,0.573,0.633,0.68,0.33
13035,Hidalgo,Metepec,2639.767,7.679,12.539,0.871,0.604,0.705,0.719,0.3
13036,Hidalgo,San Agustín Metzquititlán,2349.05,7.625,12.796,0.882,0.61,0.687,0.717,0.31
13037,Hidalgo,Metztitlán,2607.135,7.162,12.844,0.85,0.596,0.703,0.709,0.32
13038,Hidalgo,Mineral del Chico,2771.199,8.102,13.319,0.875,0.64,0.712,0.736,0.34
13039,Hidalgo,Mineral del Monte,3114.591,9.344,13.184,0.88,0.678,0.73,0.758,0.33
13040,Hidalgo,La Misión,2049.397,5.427,10.985,0.882,0.486,0.667,0.659,0.3
13041,Hidalgo,Mixquiahuala de Juárez,3625.053,9.27,13.533,0.867,0.685,0.753,0.765,0.33
13042,Hidalgo,Molango de Escamilla,2875.44,7.816,13.234,0.884,0.628,0.718,0.736,0.4
13043,Hidalgo,Nicolás Flores,1919.111,6.937,12.882,0.873,0.589,0.657,0.696,0.32
13044,Hidalgo,Nopala de Villagrán,2652.469,7.333,12.978,0.866,0.605,0.706,0.718,0.3
13045,Hidalgo,Omitlán de Juárez,2614.193,8.1,12.657,0.893,0.622,0.704,0.731,0.32
13046,Hidalgo,San Felipe Orizatlán,2190.61,5.886,12.687,0.877,0.549,0.677,0.688,0.33
13047,Hidalgo,Pacula,2306.751,5.868,12.581,0.832,0.545,0.685,0.677,0.3
13048,Hidalgo,Pachuca de Soto,4847.843,11.164,14.554,0.881,0.776,0.797,0.817,0.33
13049,Hidalgo,Pisaflores,2136.158,6.446,10.421,0.892,0.504,0.673,0.671,0.33
13050,Hidalgo,Progreso de Obregón,4002.008,9.949,13.996,0.868,0.72,0.768,0.783,0.31
13051,Hidalgo,Mineral de la Reforma,4891.068,12.026,14.956,0.897,0.816,0.798,0.836,0.32
13052,Hidalgo,San Agustín Tlaxiaca,3178.434,8.779,13.66,0.878,0.672,0.733,0.756,0.32
13053,Hidalgo,San Bartolo Tutotepec,2287.258,5.512,12.194,0.865,0.522,0.683,0.676,0.39
13054,Hidalgo,San Salvador,2918.885,9.153,14.264,0.885,0.701,0.72,0.764,0.32
13055,Hidalgo,Santiago de Anaya,2765.06,8.239,13.516,0.879,0.65,0.712,0.741,0.3
13056,Hidalgo,Santiago Tulantepec de Lugo Guerrero,3495.124,9.116,12.658,0.867,0.655,0.747,0.751,0.32
13057,Hidalgo,Singuilucan,2683.813,7.404,11.974,0.873,0.579,0.708,0.71,0.31
13058,Hidalgo,Tasquillo,2722.592,8.019,13.615,0.87,0.645,0.71,0.736,0.34
13059,Hidalgo,Tecozautla,2820.315,7.349,12.594,0.866,0.595,0.715,0.717,0.29
13060,Hidalgo,Tenango de Doria,2293.688,6.814,12.177,0.876,0.565,0.684,0.697,0.38
13061,Hidalgo,Tepeapulco,3827.553,9.9,14.022,0.89,0.72,0.761,0.787,0.31
13062,Hidalgo,Tepehuacán de Guerrero,1505.882,5.156,10.736,0.862,0.47,0.62,0.631,0.32
13063,Hidalgo,Tepeji del Río de Ocampo,3571.217,8.808,12.573,0.895,0.643,0.751,0.756,0.31
13064,Hidalgo,Tepetitlán,2639.795,7.93,12.524,0.877,0.612,0.705,0.723,0.3
13065,Hidalgo,Tetepango,2924.943,8.428,13.43,0.852,0.654,0.721,0.738,0.31
13066,Hidalgo,Villa de Tezontepec,3065.41,8.724,12.628,0.87,0.642,0.728,0.741,0.32
13067,Hidalgo,Tezontepec de Aldama,2785.905,8.584,13.124,0.884,0.651,0.713,0.743,0.32
13068,Hidalgo,Tianguistengo,1623.567,5.152,11.683,0.855,0.496,0.632,0.645,0.35
13069,Hidalgo,Tizayuca,3772.638,9.889,13.244,0.897,0.698,0.759,0.78,0.3
13070,Hidalgo,Tlahuelilpan,3337.524,9.021,13.119,0.89,0.665,0.741,0.76,0.33
13071,Hidalgo,Tlahuiltepa,1816.409,5.231,10.716,0.888,0.472,0.649,0.648,0.31
13072,Hidalgo,Tlanalapa,3510.837,9.921,13.884,0.886,0.716,0.748,0.78,0.31
13073,Hidalgo,Tlanchinol,1592.523,6.118,11.893,0.873,0.534,0.629,0.665,0.39
13074,Hidalgo,Tlaxcoapan,3184.8,8.902,13.191,0.885,0.663,0.733,0.755,0.33
13075,Hidalgo,Tolcayuca,3046.664,8.508,13.108,0.88,0.648,0.727,0.745,0.3
13076,Hidalgo,Tula de Allende,4341.255,9.674,13.052,0.886,0.685,0.78,0.779,0.32
13077,Hidalgo,Tulancingo de Bravo,3580.327,9.207,13.524,0.893,0.683,0.751,0.771,0.33
13078,Hidalgo,Xochiatipan,1316.903,5.196,11.797,0.825,0.501,0.6,0.628,0.3
13079,Hidalgo,Xochicoatlán,2400.559,7.802,13.485,0.871,0.635,0.691,0.726,0.37
13080,Hidalgo,Yahualica,1669.886,5.299,12.317,0.89,0.519,0.636,0.665,0.32
13081,Hidalgo,Zacualtipán de Ángeles,2896.076,8.216,13.186,0.887,0.64,0.719,0.742,0.33
13082,Hidalgo,Zapotlán de Juárez,3318.077,8.804,13.369,0.863,0.665,0.74,0.752,0.3
13083,Hidalgo,Zempoala,3777.196,10.275,14.174,0.886,0.736,0.759,0.791,0.34
13084,Hidalgo,Zimapán,3228.634,8.225,13.949,0.877,0.662,0.736,0.753,0.33
14001,Jalisco,Acatic,4299.79,6.663,10.838,0.885,0.523,0.779,0.712,0.32
14002,Jalisco,Acatlán de Juárez,4233.857,8.672,12.135,0.903,0.626,0.776,0.76,0.31
14003,Jalisco,Ahualulco de Mercado,4259.637,9.159,12.941,0.886,0.665,0.777,0.771,0.33
14004,Jalisco,Amacueca,3320.628,7.693,11.128,0.829,0.566,0.74,0.703,0.38
14005,Jalisco,Amatitán,3734.063,8.459,12.464,0.829,0.628,0.757,0.733,0.33
14006,Jalisco,Ameca,4058.277,8.588,12.742,0.801,0.64,0.77,0.734,0.35
14007,Jalisco,San Juanito de Escobedo,3575.745,7.874,13.24,0.9,0.63,0.751,0.752,0.38
14008,Jalisco,Arandas,4160.238,7.613,11.457,0.872,0.572,0.774,0.728,0.33
14009,Jalisco,El Arenal,4195.058,8.764,12.093,0.888,0.628,0.775,0.756,0.32
14010,Jalisco,Atemajac de Brizuela,2379.992,6.937,10.337,0.879,0.518,0.689,0.68,0.44
14011,Jalisco,Atengo,2802.513,6.835,12.479,0.875,0.574,0.714,0.711,0.43
14012,Jalisco,Atenguillo,4783.5,7.507,12.265,0.901,0.591,0.795,0.751,0.36
14013,Jalisco,Atotonilco el Alto,3939.473,7.779,10.966,0.857,0.564,0.766,0.718,0.34
14014,Jalisco,Atoyac,3661.757,6.719,11.908,0.874,0.555,0.755,0.715,0.36
14015,Jalisco,Autlán de Navarro,4483.524,9.105,13.178,0.844,0.67,0.785,0.763,0.35
14016,Jalisco,Ayotlán,3200.514,6.63,11.082,0.865,0.529,0.734,0.695,0.33
14017,Jalisco,Ayutla,3724.203,7.426,11.667,0.901,0.572,0.757,0.73,0.37
14018,Jalisco,La Barca,3776.79,8.239,11.737,0.879,0.601,0.759,0.737,0.35
14019,Jalisco,Bolaños,2535,6.295,11.296,0.765,0.524,0.699,0.654,0.51
14020,Jalisco,Cabo Corrientes,3198.124,7.03,11.288,0.827,0.548,0.734,0.693,0.34
14021,Jalisco,Casimiro Castillo,3730.802,7.719,11.669,0.833,0.581,0.757,0.716,0.32
14022,Jalisco,Cihuatlán,3750.655,8.102,12.002,0.869,0.603,0.758,0.735,0.33
14023,Jalisco,Zapotlán el Grande,4830.489,10.422,14.33,0.891,0.745,0.796,0.809,0.35
14024,Jalisco,Cocula,4026.943,8.316,12.673,0.763,0.629,0.769,0.717,0.34
14025,Jalisco,Colotlán,4205.646,8.83,14.281,0.835,0.691,0.775,0.765,0.36
14026,Jalisco,Concepción de Buenos Aires,3837.957,6.981,11.742,0.815,0.559,0.762,0.703,0.36
14027,Jalisco,Cuautitlán de García Barragán,2430.903,6.46,12.383,0.807,0.559,0.693,0.679,0.39
14028,Jalisco,Cuautla,3455.868,6.946,11.689,0.848,0.556,0.746,0.706,0.38
14029,Jalisco,Cuquío,3266.843,6.534,11.206,0.859,0.529,0.737,0.694,0.36
14030,Jalisco,Chapala,4484.775,9.153,11.392,0.888,0.622,0.785,0.757,0.37
14031,Jalisco,Chimaltitán,1941.083,5.998,11.383,0.842,0.516,0.659,0.659,0.47
14032,Jalisco,Chiquilistlán,2453.793,7.062,10.926,0.877,0.539,0.694,0.69,0.46
14033,Jalisco,Degollado,3573.406,6.363,9.563,0.884,0.478,0.751,0.682,0.36
14034,Jalisco,Ejutla,4169.257,7.24,11.726,0.896,0.567,0.774,0.733,0.38
14035,Jalisco,Encarnación de Díaz,3653.781,7.257,10.886,0.853,0.544,0.754,0.705,0.33
14036,Jalisco,Etzatlán,3868.721,8.756,12.9,0.909,0.65,0.763,0.767,0.33
14037,Jalisco,El Grullo,3721.577,8.228,11.895,0.864,0.605,0.757,0.734,0.34
14038,Jalisco,Guachinango,2898.904,7.146,11.82,0.89,0.567,0.719,0.713,0.41
14039,Jalisco,Guadalajara,4842.356,10.862,13.571,0.919,0.739,0.797,0.815,0.34
14040,Jalisco,Hostotipaquillo,2390.544,6.635,10.899,0.862,0.524,0.69,0.678,0.43
14041,Jalisco,Huejúcar,3913.591,6.904,13.193,0.843,0.597,0.765,0.727,0.4
14042,Jalisco,Huejuquilla el Alto,3514.701,6.856,11.811,0.866,0.557,0.748,0.712,0.4
14043,Jalisco,La Huerta,3935.724,6.873,11.734,0.84,0.555,0.765,0.709,0.35
14044,Jalisco,Ixtlahuacán de los Membrillos,3617.655,8.631,11.08,0.836,0.595,0.753,0.721,0.31
14045,Jalisco,Ixtlahuacán del Río,3556.254,7.146,11.855,0.835,0.567,0.75,0.708,0.37
14046,Jalisco,Jalostotitlán,3691.262,7.295,10.581,0.911,0.537,0.756,0.718,0.33
14047,Jalisco,Jamay,3505.361,7.794,12.001,0.863,0.593,0.748,0.726,0.32
14048,Jalisco,Jesús María,3515.109,5.561,9.772,0.842,0.457,0.748,0.66,0.34
14049,Jalisco,Jilotlán de los Dolores,2476.675,5.581,9.856,0.869,0.46,0.695,0.652,0.39
14050,Jalisco,Jocotepec,3726.164,7.976,10.657,0.901,0.562,0.757,0.726,0.35
14051,Jalisco,Juanacatlán,3862.188,8.949,12.059,0.872,0.633,0.763,0.75,0.31
14052,Jalisco,Juchitlán,3549.43,7.065,11.681,0.85,0.56,0.75,0.709,0.41
14053,Jalisco,Lagos de Moreno,3579.69,7.791,11.579,0.896,0.581,0.751,0.731,0.34
14054,Jalisco,El Limón,4633.727,8.044,13.042,0.91,0.63,0.79,0.768,0.36
14055,Jalisco,Magdalena,3773.853,8.209,12.791,0.877,0.629,0.759,0.748,0.32
14056,Jalisco,Santa María del Oro,2455.816,5.168,10.686,0.845,0.469,0.694,0.65,0.42
14057,Jalisco,La Manzanilla de la Paz,4213.788,7.429,11.251,0.884,0.56,0.776,0.727,0.36
14058,Jalisco,Mascota,4042.362,7.991,11.923,0.705,0.598,0.769,0.687,0.37
14059,Jalisco,Mazamitla,3540.657,7.719,11.289,0.896,0.571,0.749,0.726,0.34
14060,Jalisco,Mexticacán,2929.835,6.688,10.754,0.863,0.522,0.721,0.687,0.38
14061,Jalisco,Mezquitic,1484.791,5.056,9.585,0.71,0.435,0.618,0.576,0.64
14062,Jalisco,Mixtlán,4171.769,7.059,11.826,0.872,0.564,0.774,0.725,0.37
14063,Jalisco,Ocotlán,4407.902,9.247,13.11,0.818,0.672,0.783,0.755,0.34
14064,Jalisco,Ojuelos de Jalisco,3298.68,6.806,10.26,0.873,0.512,0.739,0.691,0.36
14065,Jalisco,Pihuamo,3531.521,6.003,11.191,0.878,0.511,0.749,0.695,0.33
14066,Jalisco,Poncitlán,3747.936,7.67,11.11,0.825,0.564,0.758,0.707,0.35
14067,Jalisco,Puerto Vallarta,4072.272,9.761,12.711,0.864,0.678,0.771,0.767,0.32
14068,Jalisco,Villa Purificación,3374.099,6.236,11.174,0.869,0.518,0.742,0.694,0.36
14069,Jalisco,Quitupan,2465.79,5.599,9.821,0.867,0.459,0.695,0.652,0.42
14070,Jalisco,El Salto,3568.478,8.701,11.167,0.887,0.6,0.751,0.737,0.32
14071,Jalisco,San Cristóbal de la Barranca,2938.416,6.111,11.116,0.846,0.512,0.721,0.679,0.38
14072,Jalisco,San Diego de Alejandría,3937.426,6.484,10.95,0.858,0.52,0.765,0.699,0.38
14073,Jalisco,San Juan de los Lagos,3986.794,7.991,11.296,0.9,0.58,0.767,0.737,0.32
14074,Jalisco,San Julián,4527.197,6.908,10.862,0.888,0.532,0.787,0.719,0.35
14075,Jalisco,San Marcos,4006.318,8.421,12.626,0.883,0.631,0.768,0.754,0.39
14076,Jalisco,San Martín de Bolaños,3289.236,6.761,11.696,0.885,0.55,0.738,0.711,0.4
14077,Jalisco,San Martín Hidalgo,3721.287,8.313,12.628,0.906,0.628,0.757,0.755,0.36
14078,Jalisco,San Miguel el Alto,3948.18,6.929,10.788,0.888,0.531,0.766,0.712,0.34
14079,Jalisco,Gómez Farías,3584.977,7.246,12.489,0.845,0.588,0.751,0.72,0.32
14080,Jalisco,San Sebastián del Oeste,2782.738,7.12,12.09,0.84,0.573,0.713,0.7,0.41
14081,Jalisco,Santa María de los Ángeles,2417.791,6.376,12.131,0.856,0.55,0.692,0.688,0.43
14082,Jalisco,Sayula,3856.448,8.656,12.407,0.873,0.633,0.762,0.75,0.31
14083,Jalisco,Tala,4089.16,8.576,11.798,0.856,0.614,0.771,0.74,0.31
14084,Jalisco,Talpa de Allende,3712.08,7.641,12.089,0.843,0.59,0.757,0.722,0.35
14085,Jalisco,Tamazula de Gordiano,4172.463,7.561,11.693,0.904,0.577,0.774,0.739,0.32
14086,Jalisco,Tapalpa,2863.509,6.703,10.425,0.858,0.513,0.717,0.681,0.34
14087,Jalisco,Tecalitlán,3920.424,7.43,11.969,0.817,0.58,0.765,0.713,0.33
14088,Jalisco,Tecolotlán,3809.419,8.094,12.365,0.857,0.613,0.761,0.737,0.34
14089,Jalisco,Techaluta de Montenegro,3552.036,7.505,12.415,0.889,0.595,0.75,0.735,0.36
14090,Jalisco,Tenamaxtlán,3805.009,7.699,13.326,0.87,0.627,0.76,0.745,0.39
14091,Jalisco,Teocaltiche,3593.408,6.961,10.895,0.897,0.535,0.752,0.712,0.34
14092,Jalisco,Teocuitatlán de Corona,3205.666,6.725,11.871,0.874,0.554,0.734,0.708,0.36
14093,Jalisco,Tepatitlán de Morelos,4310.656,9.005,12.234,0.889,0.64,0.779,0.762,0.33
14094,Jalisco,Tequila,3764.39,8.741,11.957,0.896,0.623,0.759,0.751,0.35
14095,Jalisco,Teuchitlán,4667.241,7.998,13.223,0.914,0.634,0.791,0.771,0.35
14096,Jalisco,Tizapán el Alto,3461.406,6.771,9.739,0.879,0.496,0.746,0.688,0.33
14097,Jalisco,Tlajomulco de Zúñiga,3952.214,10.001,11.914,0.894,0.664,0.766,0.769,0.32
14098,Jalisco,San Pedro Tlaquepaque,4539.161,10.205,12.489,0.917,0.687,0.787,0.792,0.33
14099,Jalisco,Tolimán,2933.614,6.908,11.235,0.887,0.542,0.721,0.703,0.35
14100,Jalisco,Tomatlán,3307.443,6.906,11.052,0.885,0.537,0.739,0.706,0.34
14101,Jalisco,Tonalá,3799.05,9.322,12.42,0.897,0.656,0.76,0.765,0.31
14102,Jalisco,Tonaya,4259.283,7.474,12.311,0.862,0.591,0.777,0.734,0.36
14103,Jalisco,Tonila,4295.745,8.06,12.909,0.888,0.627,0.779,0.757,0.34
14104,Jalisco,Totatiche,3191.355,7.493,13.049,0.894,0.612,0.734,0.738,0.39
14105,Jalisco,Tototlán,3578.871,7.048,10.773,0.866,0.534,0.751,0.703,0.34
14106,Jalisco,Tuxcacuesco,3185.679,6.483,11.807,0.883,0.544,0.733,0.706,0.37
14107,Jalisco,Tuxcueca,3255.484,7.332,11.116,0.879,0.553,0.737,0.71,0.39
14108,Jalisco,Tuxpan,3817.904,8.753,12.734,0.884,0.645,0.761,0.757,0.33
14109,Jalisco,Unión de San Antonio,3625.853,6.592,11.376,0.861,0.536,0.753,0.703,0.33
14110,Jalisco,Unión de Tula,4131.484,8.383,12.648,0.89,0.631,0.773,0.757,0.37
14111,Jalisco,Valle de Guadalupe,4572.609,7.561,10.654,0.892,0.548,0.788,0.728,0.34
14112,Jalisco,Valle de Juárez,3911.763,6.95,10.561,0.825,0.525,0.765,0.692,0.4
14113,Jalisco,San Gabriel,3215.998,7.008,10.925,0.657,0.537,0.735,0.638,0.34
14114,Jalisco,Villa Corona,3761.723,7.984,11.748,0.846,0.592,0.759,0.724,0.31
14115,Jalisco,Villa Guerrero,3719.512,6.763,11.7,0.875,0.55,0.757,0.714,0.44
14116,Jalisco,Villa Hidalgo,3774.834,7.145,11.133,0.904,0.547,0.759,0.722,0.34
14117,Jalisco,Cañadas de Obregón,4322.982,6.25,10.729,0.87,0.506,0.78,0.7,0.36
14118,Jalisco,Yahualica de González Gallo,3968.746,7.11,11.284,0.829,0.55,0.767,0.705,0.35
14119,Jalisco,Zacoalco de Torres,3278.745,7.825,11.428,0.888,0.578,0.738,0.724,0.35
14120,Jalisco,Zapopan,5393.143,11.277,13.407,0.915,0.748,0.813,0.823,0.37
14121,Jalisco,Zapotiltic,4044.807,8.329,12.883,0.898,0.635,0.77,0.76,0.32
14122,Jalisco,Zapotitlán de Vadillo,3302.035,7.983,12.25,0.856,0.606,0.739,0.727,0.4
14123,Jalisco,Zapotlán del Rey,3204.978,6.502,10.975,0.839,0.522,0.734,0.685,0.34
14124,Jalisco,Zapotlanejo,3810.511,7.239,11.369,0.892,0.557,0.761,0.723,0.34
14125,Jalisco,San Ignacio Cerro Gordo,3865.205,6.286,9.715,0.877,0.479,0.763,0.685,0.34
15001,México,Acambay de Ruíz Castañeda,2192.992,7.333,12.282,0.825,0.586,0.677,0.689,0.38
15002,México,Acolman,3349.063,9.613,12.704,0.823,0.673,0.741,0.743,0.36
15003,México,Aculco,2533.737,7.286,12.286,0.741,0.584,0.699,0.671,0.33
15004,México,Almoloya de Alquisiras,2524.036,7.451,12.674,0.73,0.6,0.698,0.674,0.37
15005,México,Almoloya de Juárez,2370.841,7.827,12.56,0.801,0.61,0.689,0.696,0.39
15006,México,Almoloya del Río,2935,9.46,13.43,0.83,0.688,0.721,0.744,0.36
15007,México,Amanalco,2084.544,7.508,12.903,0.721,0.609,0.669,0.665,0.38
15008,México,Amatepec,2293.943,6.967,12.57,0.863,0.581,0.684,0.7,0.39
15009,México,Amecameca,2770.513,9.858,12.606,0.83,0.679,0.712,0.737,0.38
15010,México,Apaxco,3068.645,9.177,13.383,0.887,0.678,0.728,0.759,0.36
15011,México,Atenco,2610.714,9.026,12.84,0.846,0.658,0.703,0.731,0.36
15012,México,Atizapán,2794.659,9.133,12.643,0.771,0.656,0.714,0.712,0.36
15013,México,Atizapán de Zaragoza,4196.01,10.368,13.474,0.874,0.72,0.775,0.787,0.39
15014,México,Atlacomulco,2699.331,8.498,12.541,0.793,0.632,0.708,0.708,0.37
15015,México,Atlautla,2165.251,8.275,12.182,0.896,0.614,0.675,0.719,0.37
15016,México,Axapusco,2555.379,8.344,12.882,0.883,0.636,0.7,0.732,0.33
15017,México,Ayapango,3066.273,9.634,13.479,0.819,0.696,0.728,0.746,0.36
15018,México,Calimaya,3229.127,9.944,13.123,0.831,0.696,0.736,0.752,0.38
15019,México,Capulhuac,3064.296,9.933,12.638,0.837,0.682,0.728,0.746,0.38
15020,México,Coacalco de Berriozábal,4445.17,11.405,14.205,0.84,0.775,0.784,0.799,0.35
15021,México,Coatepec Harinas,2875.512,7.033,11.123,0.828,0.543,0.718,0.686,0.35
15022,México,Cocotitlán,3006.976,10.003,13.3,0.827,0.703,0.725,0.75,0.34
15023,México,Coyotepec,2842.501,8.992,12.157,0.88,0.637,0.716,0.738,0.36
15024,México,Cuautitlán,4140.63,11.271,13.911,0.793,0.762,0.773,0.776,0.36
15025,México,Chalco,2936.147,9.45,11.81,0.876,0.643,0.721,0.741,0.36
15026,México,Chapa de Mota,2173.579,7.196,12.71,0.846,0.593,0.676,0.697,0.32
15027,México,Chapultepec,3449.889,10.378,13.517,0.84,0.721,0.746,0.768,0.35
15028,México,Chiautla,3056.718,9.781,13.309,0.889,0.696,0.727,0.766,0.38
15029,México,Chicoloapan,2903.455,9.017,13.157,0.889,0.666,0.719,0.752,0.35
15030,México,Chiconcuac,2983.417,10.034,13.637,0.848,0.713,0.724,0.759,0.38
15031,México,Chimalhuacán,2503.605,8.622,12.258,0.835,0.628,0.697,0.715,0.36
15032,México,Donato Guerra,1696.8,6.434,11.191,0.824,0.525,0.638,0.651,0.4
15033,México,Ecatepec de Morelos,3679.916,10.012,13.526,0.884,0.709,0.755,0.78,0.36
15034,México,Ecatzingo,2368.746,8.89,12.71,0.861,0.649,0.689,0.727,0.37
15035,México,Huehuetoca,3114.044,9.266,12.268,0.841,0.65,0.73,0.736,0.31
15036,México,Hueypoxtla,2441.982,7.708,12.732,0.888,0.611,0.693,0.722,0.34
15037,México,Huixquilucan,3711.651,10.623,13.617,0.851,0.732,0.757,0.778,0.41
15038,México,Isidro Fabela,3010.127,8.616,13.089,0.894,0.651,0.725,0.75,0.34
15039,México,Ixtapaluca,3011.44,9.658,13.203,0.805,0.689,0.725,0.738,0.35
15040,México,Ixtapan de la Sal,3183.247,9.439,12.793,0.842,0.67,0.733,0.745,0.36
15041,México,Ixtapan del Oro,1453.545,5.849,9.512,0.84,0.459,0.615,0.619,0.39
15042,México,Ixtlahuaca,2199.763,7.638,12.776,0.831,0.61,0.678,0.7,0.37
15043,México,Xalatlaco,2445.218,8.893,12.476,0.761,0.643,0.694,0.698,0.39
15044,México,Jaltenco,3164.553,9.673,13.373,0.819,0.694,0.732,0.746,0.33
15045,México,Jilotepec,2926.825,8.687,13.639,0.893,0.668,0.721,0.755,0.36
15046,México,Jilotzingo,3187.207,9.033,13.137,0.816,0.666,0.734,0.736,0.34
15047,México,Jiquipilco,1978.635,7.374,12.584,0.845,0.595,0.662,0.693,0.36
15048,México,Jocotitlán,2812.921,8.9,14.276,0.865,0.693,0.715,0.754,0.35
15049,México,Joquicingo,2158.603,7.955,12.301,0.904,0.607,0.675,0.718,0.34
15050,México,Juchitepec,2565.581,8.506,12.275,0.851,0.624,0.701,0.72,0.35
15051,México,Lerma,4108.66,11.412,14.132,0.867,0.773,0.772,0.803,0.39
15052,México,Malinalco,2353.052,7.229,11.954,0.796,0.573,0.688,0.679,0.39
15053,México,Melchor Ocampo,3083.617,9.502,12.69,0.847,0.669,0.729,0.745,0.35
15054,México,Metepec,4548.387,11.869,14.315,0.885,0.793,0.787,0.821,0.4
15055,México,Mexicaltzingo,3329.845,9.821,13.076,0.883,0.691,0.74,0.767,0.39
15056,México,Morelos,1991.089,6.938,11.781,0.865,0.559,0.663,0.684,0.39
15057,México,Naucalpan de Juárez,3880.645,10.554,13.379,0.851,0.723,0.763,0.777,0.39
15058,México,Nezahualcóyotl,3497.943,10.281,13.886,0.872,0.728,0.748,0.78,0.37
15059,México,Nextlalpan,3090.093,9.539,12.273,0.828,0.659,0.729,0.735,0.34
15060,México,Nicolás Romero,3161.532,9.593,13.509,0.87,0.695,0.732,0.762,0.35
15061,México,Nopaltepec,3002.076,8.943,12.66,0.844,0.65,0.725,0.735,0.33
15062,México,Ocoyoacac,3355.76,10.12,13.777,0.875,0.72,0.741,0.776,0.37
15063,México,Ocuilan,2029.396,7.472,12.221,0.87,0.589,0.665,0.698,0.34
15064,México,El Oro,2230.571,8.219,12.905,0.824,0.632,0.68,0.708,0.38
15065,México,Otumba,2689.288,8.778,12.293,0.869,0.634,0.708,0.731,0.35
15066,México,Otzoloapan,1980.478,6.173,12.469,0.869,0.552,0.662,0.682,0.38
15067,México,Otzolotepec,2596.408,8.469,12.567,0.831,0.631,0.703,0.717,0.37
15068,México,Ozumba,2434.479,8.468,11.823,0.891,0.611,0.693,0.722,0.37
15069,México,Papalotla,3864.033,10.468,13.534,0.886,0.725,0.763,0.788,0.41
15070,México,La Paz,2809.194,9.172,12.666,0.822,0.658,0.714,0.728,0.36
15071,México,Polotitlán,2637.545,7.988,12.877,0.844,0.624,0.705,0.719,0.34
15072,México,Rayón,3079.473,9.677,13.169,0.893,0.688,0.728,0.765,0.33
15073,México,San Antonio la Isla,3451.588,10.583,13.741,0.837,0.734,0.746,0.771,0.36
15074,México,San Felipe del Progreso,2041.117,7.027,12.169,0.741,0.572,0.666,0.656,0.41
15075,México,San Martín de las Pirámides,3186.032,9.324,12.847,0.872,0.668,0.734,0.753,0.36
15076,México,San Mateo Atenco,3136.033,9.755,13.174,0.846,0.691,0.731,0.753,0.4
15077,México,San Simón de Guerrero,2174.022,7.63,12.829,0.865,0.611,0.676,0.709,0.38
15078,México,Santo Tomás,2398.29,7.542,11.536,0.857,0.572,0.691,0.697,0.38
15079,México,Soyaniquilpan de Juárez,2668.476,8.239,13.396,0.897,0.647,0.707,0.743,0.33
15080,México,Sultepec,2271.168,6.782,12.16,0.742,0.564,0.682,0.658,0.41
15081,México,Tecámac,3773.351,10.416,13.485,0.881,0.722,0.759,0.784,0.35
15082,México,Tejupilco,2701.142,7.57,12.114,0.837,0.589,0.709,0.704,0.41
15083,México,Temamatla,2877.964,9.104,11.105,0.882,0.612,0.718,0.729,0.34
15084,México,Temascalapa,2681.047,8.443,12.69,0.89,0.634,0.707,0.736,0.34
15085,México,Temascalcingo,2108.015,7.033,12.236,0.843,0.574,0.671,0.688,0.38
15086,México,Temascaltepec,2081.458,7.381,12.257,0.819,0.587,0.669,0.685,0.37
15087,México,Temoaya,2362.83,8.174,12.227,0.745,0.612,0.688,0.679,0.37
15088,México,Tenancingo,2739.429,8.814,12.434,0.783,0.639,0.711,0.709,0.38
15089,México,Tenango del Aire,2857.758,9.335,13.059,0.807,0.674,0.717,0.731,0.34
15090,México,Tenango del Valle,2334.96,8.34,12.51,0.831,0.625,0.687,0.709,0.38
15091,México,Teoloyucan,3130.521,9.461,12.776,0.882,0.67,0.731,0.756,0.34
15092,México,Teotihuacán,3183.227,9.628,13.623,0.875,0.699,0.733,0.765,0.36
15093,México,Tepetlaoxtoc,2988.356,9.393,13.06,0.857,0.676,0.724,0.749,0.34
15094,México,Tepetlixpa,2548.766,8.893,12.672,0.808,0.648,0.7,0.716,0.36
15095,México,Tepotzotlán,3361.453,9.504,12.817,0.815,0.673,0.742,0.741,0.35
15096,México,Tequixquiac,2908.578,8.752,13.048,0.891,0.654,0.72,0.749,0.34
15097,México,Texcaltitlán,2438.319,7.668,12.69,0.752,0.608,0.693,0.682,0.38
15098,México,Texcalyacac,2845.918,9.551,13.536,0.83,0.694,0.716,0.745,0.37
15099,México,Texcoco,3214.664,9.909,13.096,0.837,0.694,0.735,0.753,0.38
15100,México,Tezoyuca,2876.738,9.384,12.585,0.893,0.662,0.718,0.752,0.35
15101,México,Tianguistenco,2535.732,8.94,12.405,0.81,0.643,0.699,0.714,0.37
15102,México,Timilpan,2688.531,7.781,14.055,0.883,0.65,0.708,0.741,0.34
15103,México,Tlalmanalco,3015.983,10.033,12.856,0.877,0.692,0.725,0.76,0.35
15104,México,Tlalnepantla de Baz,4161.381,10.659,13.693,0.885,0.736,0.774,0.796,0.38
15105,México,Tlatlaya,2302.901,6.273,12.168,0.874,0.547,0.684,0.689,0.37
15106,México,Toluca,3329.964,10.134,13.725,0.854,0.719,0.74,0.769,0.4
15107,México,Tonatico,3183.647,8.176,12.624,0.915,0.623,0.733,0.748,0.35
15108,México,Tultepec,3631.071,10.306,13.453,0.871,0.717,0.753,0.778,0.35
15109,México,Tultitlán,3453.827,9.904,13.348,0.843,0.701,0.746,0.761,0.35
15110,México,Valle de Bravo,2710.385,8.273,12.767,0.829,0.63,0.709,0.718,0.37
15111,México,Villa de Allende,1739.179,6.402,11.531,0.758,0.534,0.642,0.638,0.36
15112,México,Villa del Carbón,2345.689,7.59,12.115,0.687,0.59,0.687,0.653,0.36
15113,México,Villa Guerrero,2265.366,6.273,9.61,0.756,0.476,0.682,0.626,0.32
15114,México,Villa Victoria,1858.31,6.015,10.335,0.726,0.488,0.652,0.614,0.37
15115,México,Xonacatlán,2674.06,8.846,13.102,0.795,0.659,0.707,0.718,0.37
15116,México,Zacazonapan,2896.126,7.058,11.602,0.859,0.558,0.719,0.701,0.37
15117,México,Zacualpan,2164.088,6.444,11.608,0.833,0.537,0.675,0.671,0.38
15118,México,Zinacantepec,3087.043,9.306,12.868,0.836,0.668,0.729,0.741,0.4
15119,México,Zumpahuacán,1896.992,6.312,11.15,0.682,0.52,0.655,0.615,0.34
15120,México,Zumpango,2962.196,9.224,12.758,0.892,0.662,0.723,0.753,0.34
15121,México,Cuautitlán Izcalli,4555.831,11.39,14.276,0.908,0.776,0.788,0.822,0.38
15122,México,Valle de Chalco Solidaridad,2588.637,8.687,12.852,0.868,0.647,0.702,0.733,0.35
15123,México,Luvianos,1872.616,5.922,11.59,0.828,0.519,0.653,0.655,0.39
15124,México,San José del Rincón,1643.172,5.861,10.421,0.735,0.485,0.633,0.609,0.37
15125,México,Tonanitla,3330.996,9.956,12.266,0.897,0.673,0.74,0.764,0.37
16001,Michoacán de Ocampo,Acuitzio,2650.341,6.939,11.608,0.795,0.554,0.706,0.677,0.32
16002,Michoacán de Ocampo,Aguililla,2828.878,5.457,8.644,0.791,0.422,0.716,0.621,0.34
16003,Michoacán de Ocampo,Álvaro Obregón,2354.371,6.852,10.891,0.759,0.531,0.688,0.652,0.34
16004,Michoacán de Ocampo,Angamacutiro,2760.212,6.331,11.34,0.632,0.526,0.712,0.619,0.32
16005,Michoacán de Ocampo,Angangueo,2500.544,8.195,11.303,0.818,0.587,0.697,0.694,0.38
16006,Michoacán de Ocampo,Apatzingán,3751.055,7.418,10.445,0.818,0.537,0.758,0.693,0.32
16007,Michoacán de Ocampo,Aporo,2290.486,7.35,12.315,0.694,0.587,0.684,0.653,0.34
16008,Michoacán de Ocampo,Aquila,2688.214,6.139,11.29,0.729,0.518,0.708,0.644,0.37
16009,Michoacán de Ocampo,Ario,3281.963,7.461,11.547,0.863,0.569,0.738,0.713,0.33
16010,Michoacán de Ocampo,Arteaga,3052.95,6.461,12.811,0.756,0.571,0.727,0.68,0.34
16011,Michoacán de Ocampo,Briseñas,3287.405,7.308,10.665,0.849,0.54,0.738,0.697,0.32
16012,Michoacán de Ocampo,Buenavista,3044.403,5.614,9.309,0.888,0.446,0.727,0.66,0.28
16013,Michoacán de Ocampo,Carácuaro,2458.356,5.594,10.591,0.888,0.481,0.694,0.667,0.35
16014,Michoacán de Ocampo,Coahuayana,3498.389,6.7,9.935,0.658,0.499,0.748,0.626,0.33
16015,Michoacán de Ocampo,Coalcomán de Vázquez Pallares,2918.863,6.232,10.946,0.804,0.512,0.72,0.667,0.33
16016,Michoacán de Ocampo,Coeneo,2788.197,6.213,11.231,0.749,0.519,0.713,0.652,0.33
16017,Michoacán de Ocampo,Contepec,2355.186,6.306,11.044,0.779,0.517,0.688,0.652,0.33
16018,Michoacán de Ocampo,Copándaro,2212.668,6.08,11.18,0.737,0.513,0.678,0.635,0.31
16019,Michoacán de Ocampo,Cotija,3098.628,5.903,10.6,0.755,0.491,0.729,0.647,0.3
16020,Michoacán de Ocampo,Cuitzeo,2433.313,6.597,11.786,0.778,0.547,0.693,0.666,0.34
16021,Michoacán de Ocampo,Charapan,2011.567,6.045,10.516,0.878,0.494,0.664,0.66,0.33
16022,Michoacán de Ocampo,Charo,2841.013,6.962,11.96,0.766,0.564,0.716,0.676,0.31
16023,Michoacán de Ocampo,Chavinda,2967.078,6.083,10.39,0.859,0.491,0.723,0.673,0.3
16024,Michoacán de Ocampo,Cherán,2395.656,7.581,11.413,0.816,0.57,0.69,0.685,0.4
16025,Michoacán de Ocampo,Chilchota,2543.362,7.054,11.352,0.856,0.55,0.699,0.691,0.35
16026,Michoacán de Ocampo,Chinicuila,2591.155,6.007,11.154,0.685,0.51,0.702,0.626,0.32
16027,Michoacán de Ocampo,Chucándiro,2439.568,5.276,11.766,0.881,0.503,0.693,0.674,0.3
16028,Michoacán de Ocampo,Churintzio,3409.447,6.707,12.432,0.824,0.569,0.744,0.704,0.29
16029,Michoacán de Ocampo,Churumuco,2394.691,5.702,11.027,0.883,0.496,0.69,0.671,0.34
16030,Michoacán de Ocampo,Ecuandureo,2915.947,5.38,10.448,0.818,0.47,0.72,0.652,0.31
16031,Michoacán de Ocampo,Epitacio Huerta,2370.005,5.887,11.137,0.691,0.506,0.689,0.622,0.32
16032,Michoacán de Ocampo,Erongarícuaro,2490.979,7.393,12.261,0.799,0.587,0.696,0.688,0.36
16033,Michoacán de Ocampo,Gabriel Zamora,3078.809,6.956,11.105,0.887,0.54,0.728,0.704,0.33
16034,Michoacán de Ocampo,Hidalgo,2600.208,7.193,11.507,0.76,0.559,0.703,0.669,0.38
16035,Michoacán de Ocampo,La Huacana,2637.839,6.598,11.126,0.853,0.529,0.705,0.683,0.36
16036,Michoacán de Ocampo,Huandacareo,2986.512,6.489,12.713,0.814,0.569,0.724,0.695,0.31
16037,Michoacán de Ocampo,Huaniqueo,2823.671,5.676,10.809,0.636,0.489,0.715,0.606,0.31
16038,Michoacán de Ocampo,Huetamo,3521.631,7.314,12.036,0.876,0.578,0.749,0.724,0.34
16039,Michoacán de Ocampo,Huiramba,2652.465,7.287,11.842,0.873,0.572,0.706,0.706,0.31
16040,Michoacán de Ocampo,Indaparapeo,2449.59,6.331,10.854,0.877,0.513,0.694,0.678,0.33
16041,Michoacán de Ocampo,Irimbo,2348.685,6.525,12.092,0.679,0.553,0.687,0.637,0.34
16042,Michoacán de Ocampo,Ixtlán,2760.98,5.87,9.538,0.886,0.461,0.712,0.662,0.31
16043,Michoacán de Ocampo,Jacona,3493.293,6.755,9.994,0.791,0.503,0.747,0.667,0.33
16044,Michoacán de Ocampo,Jiménez,2840.89,6.541,10.38,0.885,0.506,0.716,0.684,0.33
16045,Michoacán de Ocampo,Jiquilpan,3653.472,8.531,12.68,0.821,0.637,0.754,0.733,0.34
16046,Michoacán de Ocampo,Juárez,2663.211,6.865,11.048,0.766,0.536,0.706,0.662,0.34
16047,Michoacán de Ocampo,Jungapeo,2748.662,7.282,11.308,0.728,0.557,0.711,0.661,0.33
16048,Michoacán de Ocampo,Lagunillas,2723.345,7.178,12.231,0.82,0.579,0.71,0.696,0.3
16049,Michoacán de Ocampo,Madero,2156.04,5.73,9.587,0.777,0.457,0.675,0.621,0.36
16050,Michoacán de Ocampo,Maravatío,2791.635,7.231,10.991,0.804,0.546,0.714,0.679,0.35
16051,Michoacán de Ocampo,Marcos Castellanos,3650.303,7.532,11.35,0.85,0.566,0.754,0.713,0.31
16052,Michoacán de Ocampo,Lázaro Cárdenas,4382.787,9.357,13.267,0.852,0.68,0.782,0.768,0.32
16053,Michoacán de Ocampo,Morelia,4731.456,10.741,14.094,0.898,0.75,0.793,0.811,0.34
16054,Michoacán de Ocampo,Morelos,2856.383,5.87,11.795,0.799,0.523,0.717,0.669,0.31
16055,Michoacán de Ocampo,Múgica,3326.501,7.046,10.442,0.879,0.525,0.74,0.699,0.33
16056,Michoacán de Ocampo,Nahuatzen,2309.629,6.618,11.764,0.831,0.547,0.685,0.678,0.36
16057,Michoacán de Ocampo,Nocupétaro,2613.982,5.96,11.085,0.881,0.507,0.704,0.68,0.34
16058,Michoacán de Ocampo,Nuevo Parangaricutiro,2825.878,7.504,12.134,0.823,0.587,0.715,0.702,0.31
16059,Michoacán de Ocampo,Nuevo Urecho,2608.153,6.247,11.16,0.875,0.518,0.703,0.683,0.3
16060,Michoacán de Ocampo,Numarán,2828.151,6.717,11.089,0.751,0.532,0.716,0.659,0.3
16061,Michoacán de Ocampo,Ocampo,1829.318,6.447,10.79,0.79,0.515,0.65,0.642,0.36
16062,Michoacán de Ocampo,Pajacuarán,2419.548,6.362,10.333,0.694,0.499,0.692,0.621,0.35
16063,Michoacán de Ocampo,Panindícuaro,2765.777,5.702,10.888,0.763,0.492,0.712,0.645,0.31
16064,Michoacán de Ocampo,Parácuaro,2577.604,6.195,10.22,0.882,0.49,0.701,0.672,0.33
16065,Michoacán de Ocampo,Paracho,3044.166,7.854,12.193,0.887,0.601,0.727,0.729,0.38
16066,Michoacán de Ocampo,Pátzcuaro,3234.325,8.769,11.948,0.776,0.624,0.736,0.709,0.39
16067,Michoacán de Ocampo,Penjamillo,2658.641,5.734,11.125,0.732,0.5,0.706,0.637,0.32
16068,Michoacán de Ocampo,Peribán,3525.934,7.09,10.669,0.862,0.533,0.749,0.701,0.3
16069,Michoacán de Ocampo,La Piedad,3931.192,8.48,11.902,0.774,0.613,0.765,0.713,0.33
16070,Michoacán de Ocampo,Purépero,3273.86,7.109,11.401,0.787,0.554,0.738,0.685,0.29
16071,Michoacán de Ocampo,Puruándiro,3021.229,6.673,11.429,0.787,0.54,0.725,0.675,0.33
16072,Michoacán de Ocampo,Queréndaro,2663.481,6.853,11.991,0.824,0.562,0.706,0.689,0.35
16073,Michoacán de Ocampo,Quiroga,2637.207,6.746,11.134,0.888,0.534,0.705,0.694,0.33
16074,Michoacán de Ocampo,Cojumatlán de Régules,2711.524,5.947,10.265,0.863,0.483,0.709,0.666,0.31
16075,Michoacán de Ocampo,Los Reyes,3741.028,7.278,9.996,0.83,0.52,0.758,0.689,0.32
16076,Michoacán de Ocampo,Sahuayo,3576.467,7.472,10.874,0.798,0.551,0.751,0.691,0.3
16077,Michoacán de Ocampo,San Lucas,2788.3,6.383,11.362,0.714,0.528,0.713,0.646,0.34
16078,Michoacán de Ocampo,Santa Ana Maya,2680.458,6.978,12.555,0.875,0.581,0.707,0.711,0.33
16079,Michoacán de Ocampo,Salvador Escalante,2562.768,6.392,10.348,0.715,0.501,0.701,0.631,0.32
16080,Michoacán de Ocampo,Senguio,2217.284,6.218,10.978,0.819,0.512,0.679,0.658,0.32
16081,Michoacán de Ocampo,Susupuato,1955.382,5.063,10.462,0.808,0.459,0.66,0.626,0.31
16082,Michoacán de Ocampo,Tacámbaro,3208.579,7.543,11.331,0.841,0.566,0.735,0.705,0.32
16083,Michoacán de Ocampo,Tancítaro,3378.921,6.059,10.279,0.888,0.487,0.742,0.685,0.29
16084,Michoacán de Ocampo,Tangamandapio,2700.12,6.287,11.137,0.869,0.519,0.709,0.684,0.35
16085,Michoacán de Ocampo,Tangancícuaro,3292.287,6.617,10.873,0.852,0.523,0.738,0.69,0.31
16086,Michoacán de Ocampo,Tanhuato,3428.589,7.001,11.145,0.793,0.543,0.745,0.684,0.31
16087,Michoacán de Ocampo,Taretan,3161.023,7.057,10.224,0.774,0.519,0.732,0.665,0.32
16088,Michoacán de Ocampo,Tarímbaro,3873.236,9.294,12.671,0.76,0.662,0.763,0.727,0.32
16089,Michoacán de Ocampo,Tepalcatepec,3633.248,6.432,10.779,0.873,0.514,0.753,0.696,0.28
16090,Michoacán de Ocampo,Tingambato,2737.107,8.146,12.351,0.844,0.615,0.711,0.717,0.36
16091,Michoacán de Ocampo,Tingüindín,3388.316,7.032,11.093,0.763,0.543,0.743,0.675,0.32
16092,Michoacán de Ocampo,Tiquicheo de Nicolás Romero,2695.871,5.481,10.913,0.892,0.486,0.708,0.674,0.35
16093,Michoacán de Ocampo,Tlalpujahua,2328.439,7.306,11.167,0.625,0.554,0.686,0.619,0.37
16094,Michoacán de Ocampo,Tlazazalca,3200.48,5.202,9.149,0.845,0.428,0.734,0.642,0.28
16095,Michoacán de Ocampo,Tocumbo,3533.284,6.971,10.882,0.876,0.535,0.749,0.705,0.31
16096,Michoacán de Ocampo,Tumbiscatío,2386.871,4.852,10.246,0.787,0.446,0.69,0.624,0.33
16097,Michoacán de Ocampo,Turicato,2439.645,5.187,10.342,0.882,0.46,0.693,0.655,0.33
16098,Michoacán de Ocampo,Tuxpan,2738.403,7.15,11.594,0.825,0.56,0.711,0.69,0.34
16099,Michoacán de Ocampo,Tuzantla,2246.411,5.707,11.006,0.725,0.496,0.681,0.626,0.35
16100,Michoacán de Ocampo,Tzintzuntzan,2478.323,7.363,11.853,0.833,0.575,0.696,0.693,0.37
16101,Michoacán de Ocampo,Tzitzio,1969.142,5.475,10.874,0.842,0.485,0.661,0.646,0.33
16102,Michoacán de Ocampo,Uruapan,3785.364,8.894,12.258,0.893,0.637,0.76,0.756,0.34
16103,Michoacán de Ocampo,Venustiano Carranza,2813.847,6.999,10.954,0.833,0.538,0.715,0.684,0.33
16104,Michoacán de Ocampo,Villamar,3118.428,6.151,10.664,0.728,0.501,0.73,0.643,0.32
16105,Michoacán de Ocampo,Vista Hermosa,3311.749,7.029,11.137,0.756,0.544,0.739,0.672,0.3
16106,Michoacán de Ocampo,Yurécuaro,3443.839,7.026,9.276,0.841,0.492,0.745,0.675,0.32
16107,Michoacán de Ocampo,Zacapu,3239.05,8.679,11.583,0.833,0.611,0.736,0.721,0.36
16108,Michoacán de Ocampo,Zamora,3546.559,8.2,11.571,0.851,0.595,0.75,0.724,0.34
16109,Michoacán de Ocampo,Zináparo,3245.71,6.635,12.395,0.854,0.565,0.736,0.708,0.3
16110,Michoacán de Ocampo,Zinapécuaro,2729.82,6.776,11.718,0.889,0.551,0.71,0.703,0.33
16111,Michoacán de Ocampo,Ziracuaretiro,2444.793,7.066,10.426,0.882,0.525,0.694,0.685,0.34
16112,Michoacán de Ocampo,Zitácuaro,2768.764,8.528,12.283,0.777,0.625,0.712,0.702,0.39
16113,Michoacán de Ocampo,José Sixto Verduzco,2748.45,6.352,12.307,0.868,0.554,0.711,0.699,0.32
17001,Morelos,Amacuzac,2274.803,7.456,11.5,0.889,0.568,0.683,0.701,0.36
17002,Morelos,Atlatlahucan,3082.382,9.024,12.79,0.886,0.656,0.729,0.751,0.41
17003,Morelos,Axochiapan,2221.774,7.402,11.196,0.887,0.558,0.679,0.695,0.39
17004,Morelos,Ayala,2667.052,7.895,11.842,0.895,0.592,0.707,0.721,0.36
17005,Morelos,Coatlán del Río,2130.023,7.22,11.529,0.892,0.561,0.673,0.696,0.34
17006,Morelos,Cuautla,3335.804,9.686,12.916,0.896,0.682,0.74,0.768,0.38
17007,Morelos,Cuernavaca,4486.266,11.653,14.614,0.9,0.794,0.785,0.825,0.41
17008,Morelos,Emiliano Zapata,3484.519,9.973,12.863,0.887,0.69,0.747,0.77,0.39
17009,Morelos,Huitzilac,3233.065,10.067,13.35,0.836,0.706,0.736,0.758,0.39
17010,Morelos,Jantetelco,2524.823,8.342,12.908,0.841,0.637,0.698,0.72,0.36
17011,Morelos,Jiutepec,3646.963,10.292,13.767,0.902,0.725,0.754,0.79,0.38
17012,Morelos,Jojutla,2837.655,9.51,12.959,0.896,0.677,0.716,0.757,0.36
17013,Morelos,Jonacatepec de Leandro Valle,2505.664,8.48,11.421,0.825,0.6,0.697,0.701,0.4
17014,Morelos,Mazatepec,2850.095,8.239,11.798,0.883,0.602,0.717,0.725,0.38
17015,Morelos,Miacatlán,2951.363,8.575,12.869,0.896,0.643,0.722,0.747,0.37
17016,Morelos,Ocuituco,1963.422,8.12,12.155,0.75,0.608,0.66,0.67,0.37
17017,Morelos,Puente de Ixtla,2642.296,8.787,12.781,0.904,0.648,0.705,0.745,0.39
17018,Morelos,Temixco,2761.838,8.742,12.459,0.884,0.638,0.712,0.738,0.39
17019,Morelos,Tepalcingo,2385.711,7.727,12.456,0.884,0.604,0.69,0.717,0.37
17020,Morelos,Tepoztlán,3339.743,9.787,13.052,0.892,0.689,0.741,0.769,0.38
17021,Morelos,Tetecala,2781.491,8.388,11.643,0.9,0.603,0.713,0.729,0.38
17022,Morelos,Tetela del Volcán,1894.701,8.118,12.228,0.839,0.61,0.655,0.695,0.38
17023,Morelos,Tlalnepantla,2255.47,7.974,11.192,0.897,0.577,0.681,0.706,0.37
17024,Morelos,Tlaltizapán de Zapata,2566.304,8.567,12.515,0.895,0.633,0.701,0.735,0.35
17025,Morelos,Tlaquiltenango,2595.312,8.061,12.289,0.898,0.61,0.703,0.728,0.36
17026,Morelos,Tlayacapan,2907.332,8.717,12.187,0.853,0.629,0.72,0.728,0.36
17027,Morelos,Totolapan,2311.45,8.195,11.661,0.883,0.597,0.685,0.712,0.36
17028,Morelos,Xochitepec,2779.286,8.902,12.141,0.896,0.634,0.713,0.74,0.37
17029,Morelos,Yautepec,3040.284,9.234,12.273,0.881,0.649,0.726,0.746,0.36
17030,Morelos,Yecapixtla,2415.331,8.491,12.226,0.9,0.623,0.692,0.729,0.37
17031,Morelos,Zacatepec,3158.545,9.994,13.669,0.903,0.713,0.732,0.778,0.36
17032,Morelos,Zacualpan de Amilpas,2809.903,9.125,13.637,0.885,0.683,0.715,0.756,0.38
17033,Morelos,Temoac,2109.331,8.013,12.885,0.892,0.625,0.671,0.721,0.36
18001,Nayarit,Acaponeta,3571.862,8.692,13.18,0.891,0.656,0.751,0.76,0.38
18002,Nayarit,Ahuacatlán,4300.439,8.612,12.819,0.879,0.643,0.779,0.761,0.33
18003,Nayarit,Amatlán de Cañas,3763.347,7.669,12.511,0.912,0.603,0.759,0.747,0.33
18004,Nayarit,Compostela,4000.664,8.075,12.206,0.898,0.608,0.768,0.749,0.35
18005,Nayarit,Huajicori,1696.939,7.081,12.197,0.833,0.575,0.638,0.673,0.44
18006,Nayarit,Ixtlán del Río,4529.186,8.85,12.18,0.896,0.633,0.787,0.764,0.36
18007,Nayarit,Jala,2953.951,8.375,12.234,0.79,0.619,0.722,0.707,0.4
18008,Nayarit,Xalisco,5327.309,10.484,14.064,0.917,0.74,0.811,0.819,0.37
18009,Nayarit,Del Nayar,1058.151,4.626,9.61,0.79,0.421,0.567,0.574,0.48
18010,Nayarit,Rosamorada,3109.983,7.548,11.936,0.902,0.583,0.73,0.727,0.34
18011,Nayarit,Ruíz,3684.69,8.308,12.022,0.885,0.611,0.755,0.742,0.36
18012,Nayarit,San Blas,3413.975,7.279,12.127,0.89,0.58,0.744,0.727,0.32
18013,Nayarit,San Pedro Lagunillas,3670.163,7.832,13.245,0.899,0.629,0.755,0.753,0.33
18014,Nayarit,Santa María del Oro,3535.037,7.812,13.098,0.888,0.624,0.749,0.746,0.33
18015,Nayarit,Santiago Ixcuintla,4309.067,8.321,12.39,0.871,0.622,0.779,0.75,0.32
18016,Nayarit,Tecuala,3860.016,8.428,13.42,0.895,0.654,0.762,0.764,0.34
18017,Nayarit,Tepic,5615.198,10.83,14.218,0.915,0.756,0.819,0.827,0.37
18018,Nayarit,Tuxpan,4303.267,8.74,13.143,0.896,0.656,0.779,0.771,0.35
18019,Nayarit,La Yesca,1733.216,5.826,10.996,0.869,0.5,0.642,0.653,0.4
18020,Nayarit,Bahía de Banderas,4381.966,8.889,11.994,0.89,0.629,0.782,0.759,0.36
19001,Nuevo León,Abasolo,4398.196,9.022,12.21,0.91,0.64,0.782,0.769,0.28
19002,Nuevo León,Agualeguas,4782.601,7.707,11.889,0.896,0.587,0.795,0.748,0.29
19003,Nuevo León,Los Aldamas,4617.771,6.645,10.943,0.873,0.525,0.79,0.713,0.3
19004,Nuevo León,Allende,4423.435,8.688,11.446,0.91,0.608,0.783,0.757,0.3
19005,Nuevo León,Anáhuac,4470.165,7.84,11.743,0.826,0.588,0.785,0.725,0.32
19006,Nuevo León,Apodaca,5780.195,10.894,13.562,0.911,0.74,0.823,0.822,0.31
19007,Nuevo León,Aramberri,2704.248,6.9,12.406,0.804,0.575,0.709,0.689,0.38
19008,Nuevo León,Bustamante,4322.396,8.438,12.643,0.778,0.632,0.78,0.727,0.31
19009,Nuevo León,Cadereyta Jiménez,4876.577,9.022,11.792,0.897,0.628,0.798,0.766,0.3
19010,Nuevo León,El Carmen,4194.813,9.181,10.814,0.921,0.606,0.775,0.756,0.3
19011,Nuevo León,Cerralvo,6501.375,7.132,10.937,0.907,0.542,0.841,0.745,0.3
19012,Nuevo León,Ciénega de Flores,4660.154,9.221,10.568,0.872,0.601,0.791,0.746,0.29
19013,Nuevo León,China,5939.94,7.262,10.914,0.878,0.545,0.828,0.735,0.32
19014,Nuevo León,Doctor Arroyo,2565.345,6.732,11.803,0.896,0.552,0.701,0.703,0.39
19015,Nuevo León,Doctor Coss,4517.819,6.623,12.075,0.899,0.556,0.786,0.732,0.31
19016,Nuevo León,Doctor González,4076.059,7.371,11.614,0.881,0.568,0.771,0.728,0.3
19017,Nuevo León,Galeana,3160.196,7.6,12.121,0.853,0.59,0.732,0.717,0.36
19018,Nuevo León,García,4918.985,10.061,11.869,0.854,0.665,0.799,0.768,0.31
19019,Nuevo León,San Pedro Garza García,11295.532,14.017,14.943,0.902,0.882,0.925,0.903,0.37
19020,Nuevo León,General Bravo,5555.451,7.128,12.042,0.879,0.572,0.817,0.743,0.36
19021,Nuevo León,General Escobedo,5157.796,10.073,12.639,0.912,0.687,0.806,0.796,0.34
19022,Nuevo León,General Terán,6997.961,7.708,11.068,0.878,0.564,0.852,0.75,0.42
19023,Nuevo León,General Treviño,4762.243,7.823,10.579,0.899,0.555,0.794,0.734,0.29
19024,Nuevo León,General Zaragoza,2363.934,6.976,12.225,0.809,0.572,0.688,0.683,0.41
19025,Nuevo León,General Zuazua,4447.012,9.165,11.741,0.823,0.632,0.784,0.741,0.29
19026,Nuevo León,Guadalupe,6165.19,10.626,13.473,0.916,0.728,0.833,0.822,0.33
19027,Nuevo León,Los Herreras,4929.895,7.078,10.496,0.877,0.528,0.799,0.718,0.31
19028,Nuevo León,Higueras,4773.758,8.101,12.558,0.818,0.619,0.795,0.738,0.29
19029,Nuevo León,Hualahuises,4973.029,8.566,13.352,0.896,0.656,0.801,0.778,0.32
19030,Nuevo León,Iturbide,2993.779,6.923,11.639,0.905,0.554,0.724,0.713,0.34
19031,Nuevo León,Juárez,4771.773,9.827,11.731,0.895,0.653,0.795,0.775,0.3
19032,Nuevo León,Lampazos de Naranjo,5678.457,7.64,12.437,0.911,0.6,0.821,0.766,0.29
19033,Nuevo León,Linares,4570.098,8.926,13.088,0.893,0.661,0.788,0.775,0.34
19034,Nuevo León,Marín,5005.383,8.064,11.422,0.905,0.586,0.802,0.752,0.3
19035,Nuevo León,Melchor Ocampo,4821.283,8.032,11.819,0.9,0.596,0.796,0.753,0.3
19036,Nuevo León,Mier y Noriega,1929.319,5.434,10.681,0.851,0.478,0.658,0.644,0.38
19037,Nuevo León,Mina,5622.255,7.509,11.887,0.922,0.581,0.819,0.76,0.31
19038,Nuevo León,Montemorelos,5216.701,9.263,12.124,0.889,0.646,0.808,0.774,0.32
19039,Nuevo León,Monterrey,6643.935,11.079,13.21,0.925,0.736,0.845,0.832,0.38
19040,Nuevo León,Parás,5418.513,8.131,11.643,0.898,0.594,0.814,0.757,0.31
19041,Nuevo León,Pesquería,4543.585,9.393,10.874,0.821,0.615,0.787,0.735,0.28
19042,Nuevo León,Los Ramones,3844.223,6.902,10.993,0.872,0.535,0.762,0.709,0.31
19043,Nuevo León,Rayones,3078.398,6.052,9.982,0.896,0.479,0.728,0.679,0.33
19044,Nuevo León,Sabinas Hidalgo,5000.459,9.129,13.19,0.859,0.671,0.802,0.773,0.32
19045,Nuevo León,Salinas Victoria,4364.574,9.05,10.917,0.909,0.605,0.781,0.755,0.29
19046,Nuevo León,San Nicolás de los Garza,6779.461,11.228,14.204,0.918,0.769,0.848,0.843,0.32
19047,Nuevo León,Hidalgo,4877.035,8.951,11.516,0.864,0.618,0.798,0.753,0.32
19048,Nuevo León,Santa Catarina,5903.777,10.371,13.198,0.911,0.712,0.827,0.813,0.32
19049,Nuevo León,Santiago,7091.388,10.077,13.169,0.91,0.702,0.854,0.817,0.35
19050,Nuevo León,Vallecillo,4335.697,6.735,10.844,0.868,0.526,0.78,0.709,0.28
19051,Nuevo León,Villaldama,5430.542,8.336,11.936,0.917,0.609,0.814,0.769,0.32
21001,Puebla,Acajete,1814.141,6.605,11.503,0.703,0.54,0.648,0.627,0.32
21002,Puebla,Acateno,2081.626,6.477,11.745,0.845,0.542,0.669,0.674,0.3
21003,Puebla,Acatlán,2370.548,7.787,12.562,0.874,0.609,0.689,0.715,0.37
21004,Puebla,Acatzingo,2015.952,7.131,10.586,0.74,0.532,0.664,0.639,0.31
21005,Puebla,Acteopan,1240.708,5.445,10.998,0.79,0.487,0.591,0.61,0.31
21006,Puebla,Ahuacatlán,1684.772,5.067,12.975,0.611,0.529,0.637,0.59,0.32
21007,Puebla,Ahuatlán,1403.62,5.302,11.43,0.853,0.494,0.61,0.636,0.32
21008,Puebla,Ahuazotepec,2165.334,7.817,12.792,0.79,0.616,0.675,0.69,0.3
21009,Puebla,Ahuehuetitla,2049.656,6.449,11.901,0.836,0.546,0.667,0.673,0.36
21010,Puebla,Ajalpan,1983.465,5.906,10.616,0.714,0.492,0.662,0.615,0.35
21011,Puebla,Albino Zertuche,1625.889,5.697,11.433,0.745,0.508,0.632,0.621,0.33
21012,Puebla,Aljojuca,1518.187,6.81,13.194,0.673,0.594,0.622,0.629,0.34
21013,Puebla,Altepexi,1998.252,6.121,10.357,0.854,0.492,0.663,0.653,0.3
21014,Puebla,Amixtlán,1498.482,4.77,12.784,0.718,0.514,0.62,0.612,0.32
21015,Puebla,Amozoc,2562.868,8.761,12.369,0.769,0.636,0.701,0.7,0.33
21016,Puebla,Aquixtla,1755.191,6.487,11.64,0.878,0.54,0.643,0.673,0.32
21017,Puebla,Atempan,1639.75,6.658,12.228,0.84,0.562,0.633,0.668,0.37
21018,Puebla,Atexcal,1766.72,6.324,12.888,0.882,0.569,0.644,0.686,0.35
21019,Puebla,Atlixco,2589.682,8.457,12.496,0.845,0.629,0.702,0.72,0.34
21020,Puebla,Atoyatempan,1764.574,7.324,11.901,0.779,0.575,0.644,0.661,0.33
21021,Puebla,Atzala,2292.139,7.359,12.727,0.836,0.599,0.684,0.7,0.32
21022,Puebla,Atzitzihuacán,1530.815,5.925,11.096,0.88,0.506,0.623,0.652,0.33
21023,Puebla,Atzitzintla,1206.338,5.461,10.592,0.75,0.476,0.587,0.594,0.33
21024,Puebla,Axutla,2102.242,5.248,12.112,0.85,0.511,0.671,0.663,0.32
21025,Puebla,Ayotoxco de Guerrero,1913.04,6.917,12.105,0.784,0.567,0.656,0.663,0.33
21026,Puebla,Calpan,1902.329,6.681,12.653,0.845,0.574,0.656,0.683,0.32
21027,Puebla,Caltepec,1514.338,5.828,12.52,0.85,0.542,0.621,0.659,0.32
21028,Puebla,Camocuautla,1275.862,4.601,10.978,0.763,0.458,0.595,0.593,0.29
21029,Puebla,Caxhuacan,1762.481,6.773,13.983,0.765,0.614,0.644,0.671,0.39
21030,Puebla,Coatepec,1856.965,5.397,12.757,0.853,0.534,0.652,0.667,0.32
21031,Puebla,Coatzingo,1532.383,4.896,11.061,0.847,0.47,0.623,0.629,0.33
21032,Puebla,Cohetzala,1735.398,5.822,12.198,0.863,0.533,0.642,0.666,0.32
21033,Puebla,Cohuecan,1472.775,7.306,11.802,0.842,0.571,0.617,0.667,0.33
21034,Puebla,Coronango,2556.393,9.347,12.889,0.882,0.67,0.7,0.745,0.39
21035,Puebla,Coxcatlán,1860.123,7.28,12.208,0.778,0.582,0.652,0.666,0.37
21036,Puebla,Coyomeapan,942.773,4.228,10.002,0.753,0.419,0.55,0.558,0.34
21037,Puebla,Coyotepec,2234.124,6.898,14.341,0.841,0.628,0.68,0.711,0.37
21038,Puebla,Cuapiaxtla de Madero,1954.817,6.985,10.408,0.826,0.522,0.66,0.658,0.28
21039,Puebla,Cuautempan,1470.537,6.183,11.613,0.845,0.529,0.617,0.651,0.34
21040,Puebla,Cuautinchán,1976.059,7.191,11.946,0.71,0.572,0.661,0.645,0.31
21041,Puebla,Cuautlancingo,3350.396,11.199,13.351,0.865,0.744,0.741,0.781,0.32
21042,Puebla,Cuayuca de Andrade,1604.239,5.693,11.115,0.853,0.499,0.63,0.645,0.34
21043,Puebla,Cuetzalan del Progreso,1626.008,6.534,12.275,0.813,0.559,0.632,0.66,0.32
21044,Puebla,Cuyoaco,1956.608,6.984,12.426,0.78,0.578,0.66,0.668,0.3
21045,Puebla,Chalchicomula de Sesma,2187.29,7.772,12.292,0.708,0.6,0.677,0.66,0.36
21046,Puebla,Chapulco,1984.817,6.754,11.484,0.607,0.544,0.662,0.603,0.31
21047,Puebla,Chiautla,2381.695,7.441,11.879,0.875,0.578,0.69,0.704,0.36
21048,Puebla,Chiautzingo,1978.043,7.768,12.625,0.775,0.61,0.662,0.679,0.32
21049,Puebla,Chiconcuautla,1192.236,4.076,11.126,0.646,0.445,0.585,0.552,0.33
21050,Puebla,Chichiquila,1307.942,4.68,9.418,0.731,0.418,0.599,0.568,0.32
21051,Puebla,Chietla,2018.788,6.702,11.445,0.857,0.541,0.665,0.676,0.32
21052,Puebla,Chigmecatitlán,1363.449,5.479,12.756,0.856,0.537,0.605,0.653,0.31
21053,Puebla,Chignahuapan,2186.285,7.383,11.887,0.759,0.576,0.677,0.667,0.33
21054,Puebla,Chignautla,2021.835,6.609,12.366,0.723,0.564,0.665,0.647,0.32
21055,Puebla,Chila,1697.015,6.467,11.392,0.857,0.532,0.638,0.663,0.37
21056,Puebla,Chila de la Sal,2003.967,5.198,11.994,0.808,0.506,0.663,0.647,0.31
21057,Puebla,Honey,1451.952,5.66,11.791,0.827,0.516,0.615,0.64,0.33
21058,Puebla,Chilchotla,1246.287,4.349,10.769,0.707,0.444,0.592,0.571,0.35
21059,Puebla,Chinantla,2049.778,6.607,11.478,0.815,0.539,0.667,0.664,0.38
21060,Puebla,Domingo Arenas,1722.95,6.548,11.365,0.748,0.534,0.641,0.635,0.33
21061,Puebla,Eloxochitlán,971.986,4.299,9.513,0.693,0.408,0.554,0.539,0.31
21062,Puebla,Epatlán,2194.22,6.63,12.341,0.885,0.564,0.677,0.696,0.32
21063,Puebla,Esperanza,1805.766,7.011,12.398,0.723,0.578,0.648,0.647,0.33
21064,Puebla,Francisco Z. Mena,1857.644,6.581,11.944,0.781,0.551,0.652,0.655,0.31
21065,Puebla,General Felipe Ángeles,2020.315,5.906,10.772,0.728,0.496,0.665,0.622,0.28
21066,Puebla,Guadalupe,1879.045,5.366,11.783,0.843,0.506,0.654,0.654,0.32
21067,Puebla,Guadalupe Victoria,2041.34,6.71,12.124,0.681,0.56,0.666,0.634,0.32
21068,Puebla,Hermenegildo Galeana,1471.428,4.378,11.778,0.847,0.473,0.617,0.628,0.32
21069,Puebla,Huaquechula,1781.356,6.359,10.939,0.881,0.516,0.646,0.665,0.33
21070,Puebla,Huatlatlauca,1450.576,4.841,12.894,0.671,0.52,0.615,0.598,0.33
21071,Puebla,Huauchinango,2478.719,8.547,12.85,0.736,0.642,0.696,0.69,0.39
21072,Puebla,Huehuetla,1463.346,4.842,11.793,0.62,0.489,0.616,0.572,0.35
21073,Puebla,Huehuetlán el Chico,1755.243,6.647,11.303,0.878,0.536,0.643,0.671,0.35
21074,Puebla,Huejotzingo,2338.465,8.46,13.038,0.832,0.644,0.687,0.717,0.33
21075,Puebla,Hueyapan,1602.699,6.937,13.192,0.866,0.598,0.63,0.688,0.31
21076,Puebla,Hueytamalco,1696.672,6.197,11.604,0.792,0.529,0.638,0.644,0.31
21077,Puebla,Hueytlalpan,1243.28,4.411,10.88,0.541,0.449,0.591,0.524,0.31
21078,Puebla,Huitzilan de Serdán,1438.395,4.639,9.276,0.625,0.412,0.613,0.541,0.31
21079,Puebla,Huitziltepec,2059.744,7.743,12.789,0.806,0.613,0.668,0.691,0.3
21080,Puebla,Atlequizayan,1326.911,4.919,12.201,0.826,0.503,0.601,0.63,0.32
21081,Puebla,Ixcamilpa de Guerrero,1589.634,5.266,10.935,0.843,0.479,0.628,0.633,0.32
21082,Puebla,Ixcaquixtla,2612.054,8.767,13.299,0.638,0.662,0.704,0.667,0.38
21083,Puebla,Ixtacamaxtitlán,1693,6.057,12.516,0.701,0.55,0.638,0.626,0.3
21084,Puebla,Ixtepec,1375.669,4.655,10.831,0.74,0.456,0.607,0.589,0.35
21085,Puebla,Izúcar de Matamoros,2463.926,8.282,12.955,0.878,0.636,0.695,0.73,0.35
21086,Puebla,Jalpan,1783.432,6.463,12.445,0.854,0.561,0.646,0.676,0.3
21087,Puebla,Jolalpan,1477.937,5.113,10.685,0.858,0.467,0.617,0.628,0.32
21088,Puebla,Jonotla,1595.695,6.405,12.802,0.86,0.569,0.629,0.675,0.34
21089,Puebla,Jopala,1703.935,5.048,12.04,0.828,0.503,0.639,0.643,0.31
21090,Puebla,Juan C. Bonilla,2648.182,9.292,13.341,0.821,0.68,0.706,0.733,0.36
21091,Puebla,Juan Galindo,2562.223,9.08,13.663,0.892,0.682,0.701,0.753,0.36
21092,Puebla,Juan N. Méndez,1545.257,5.369,11.241,0.805,0.491,0.624,0.627,0.31
21093,Puebla,Lafragua,1264.302,5.166,11.066,0.758,0.48,0.594,0.6,0.35
21094,Puebla,Libres,2325.376,8.445,12.646,0.673,0.633,0.686,0.664,0.34
21095,Puebla,La Magdalena Tlatlauquitepec,1193.221,8.472,12.96,0.758,0.642,0.585,0.658,0.34
21096,Puebla,Mazapiltepec de Juárez,1823.959,7.311,11.357,0.653,0.559,0.649,0.619,0.31
21097,Puebla,Mixtla,2167.878,8.922,13.594,0.753,0.675,0.675,0.7,0.33
21098,Puebla,Molcaxac,1785.778,7.064,11.482,0.74,0.554,0.646,0.642,0.33
21099,Puebla,Cañada Morelos,1660.073,5.876,10.753,0.78,0.495,0.635,0.626,0.3
21100,Puebla,Naupan,1233.396,5.117,11.602,0.804,0.493,0.59,0.616,0.32
21101,Puebla,Nauzontla,1699.536,6.282,12.427,0.883,0.555,0.639,0.679,0.31
21102,Puebla,Nealtican,2169.043,6.872,11.196,0.885,0.54,0.675,0.686,0.29
21103,Puebla,Nicolás Bravo,2066.369,6.295,11.646,0.828,0.533,0.668,0.666,0.31
21104,Puebla,Nopalucan,1981.786,7.398,11.485,0.85,0.566,0.662,0.683,0.34
21105,Puebla,Ocotepec,1835.062,6.775,12.82,0.803,0.582,0.65,0.672,0.34
21106,Puebla,Ocoyucan,2674.581,9.175,12.281,0.89,0.647,0.707,0.741,0.41
21107,Puebla,Olintla,1201.08,3.95,11.328,0.788,0.446,0.586,0.591,0.34
21108,Puebla,Oriental,2096.884,7.618,12.107,0.76,0.59,0.67,0.67,0.35
21109,Puebla,Pahuatlán,1685.799,6.494,12.142,0.825,0.554,0.637,0.663,0.35
21110,Puebla,Palmar de Bravo,1859.977,5.594,9.9,0.837,0.461,0.652,0.631,0.3
21111,Puebla,Pantepec,1668.461,6.325,12.329,0.822,0.553,0.636,0.661,0.33
21112,Puebla,Petlalcingo,1563.775,5.629,11.631,0.854,0.511,0.626,0.649,0.36
21113,Puebla,Piaxtla,1873.849,5.861,11.662,0.855,0.519,0.653,0.662,0.35
21114,Puebla,Puebla,3724.151,11.009,14.072,0.881,0.758,0.757,0.797,0.35
21115,Puebla,Quecholac,1584.405,6.009,9.81,0.79,0.473,0.628,0.617,0.32
21116,Puebla,Quimixtlán,1312.331,4.757,9.835,0.845,0.432,0.6,0.603,0.34
21117,Puebla,Rafael Lara Grajales,2568.934,8.253,11.919,0.857,0.606,0.701,0.714,0.32
21118,Puebla,Los Reyes de Juárez,1849.962,6.677,10.366,0.71,0.511,0.651,0.618,0.3
21119,Puebla,San Andrés Cholula,3784.13,11.146,14.529,0.782,0.775,0.759,0.772,0.38
21120,Puebla,San Antonio Cañada,1558.315,5.103,10.32,0.738,0.457,0.625,0.595,0.33
21121,Puebla,San Diego la Mesa Tochimiltzingo,1541.834,5.064,11.213,0.849,0.48,0.624,0.634,0.32
21122,Puebla,San Felipe Teotlalcingo,1989.702,7.707,12.038,0.887,0.591,0.662,0.703,0.32
21123,Puebla,San Felipe Tepatlán,1444.393,4.463,11.494,0.857,0.468,0.614,0.627,0.29
21124,Puebla,San Gabriel Chilac,1872.033,6.532,11.61,0.858,0.54,0.653,0.672,0.31
21125,Puebla,San Gregorio Atzompa,3291.551,9.551,12.687,0.876,0.671,0.738,0.757,0.35
21126,Puebla,San Jerónimo Tecuanipan,1730.581,7.126,11.648,0.792,0.561,0.641,0.658,0.33
21127,Puebla,San Jerónimo Xayacatlán,2250.299,6.497,13.834,0.841,0.601,0.681,0.701,0.35
21128,Puebla,San José Chiapa,2150.203,7.155,12.403,0.801,0.583,0.674,0.68,0.32
21129,Puebla,San José Miahuatlán,1720.927,5.793,11.764,0.885,0.52,0.64,0.665,0.3
21130,Puebla,San Juan Atenco,1853.547,6.614,13.059,0.882,0.583,0.652,0.695,0.31
21131,Puebla,San Juan Atzompa,1340.124,7.573,12.633,0.735,0.603,0.603,0.644,0.33
21132,Puebla,San Martín Texmelucan,2478.475,9.223,13.06,0.83,0.67,0.696,0.729,0.34
21133,Puebla,San Martín Totoltepec,2064.213,6.756,13.444,0.881,0.599,0.668,0.706,0.33
21134,Puebla,San Matías Tlalancaleca,1920.235,7.516,11.883,0.84,0.581,0.657,0.684,0.31
21135,Puebla,San Miguel Ixitlán,1534.543,5.975,12.735,0.762,0.553,0.623,0.64,0.32
21136,Puebla,San Miguel Xoxtla,2755.223,9.738,14.047,0.887,0.715,0.712,0.767,0.32
21137,Puebla,San Nicolás Buenos Aires,1638.276,5.531,9.684,0.713,0.453,0.633,0.589,0.32
21138,Puebla,San Nicolás de los Ranchos,1928.854,6.975,12.18,0.877,0.571,0.658,0.691,0.32
21139,Puebla,San Pablo Anicano,1836.827,6.881,12.451,0.879,0.575,0.65,0.69,0.35
21140,Puebla,San Pedro Cholula,3503.656,10.85,14.002,0.868,0.751,0.748,0.787,0.38
21141,Puebla,San Pedro Yeloixtlahuaca,2086.482,6.834,12.752,0.853,0.582,0.67,0.693,0.35
21142,Puebla,San Salvador el Seco,1853.611,6.718,12.331,0.755,0.566,0.652,0.653,0.32
21143,Puebla,San Salvador el Verde,2488.241,8.415,12.224,0.766,0.62,0.696,0.691,0.3
21144,Puebla,San Salvador Huixcolotla,1953.313,6.718,10.246,0.679,0.509,0.66,0.611,0.31
21145,Puebla,San Sebastián Tlacotepec,1093.293,4.904,10.189,0.701,0.446,0.572,0.564,0.32
21146,Puebla,Santa Catarina Tlaltempan,1536.463,4.795,13.256,0.849,0.528,0.623,0.654,0.3
21147,Puebla,Santa Inés Ahuatempan,1973.388,6.276,12.208,0.841,0.548,0.661,0.673,0.34
21148,Puebla,Santa Isabel Cholula,1913.859,6.521,10.82,0.8,0.518,0.657,0.648,0.31
21149,Puebla,Santiago Miahuatlán,2259.499,6.805,11.674,0.841,0.551,0.682,0.681,0.29
21150,Puebla,Huehuetlán el Grande,1533.249,5.598,11.03,0.852,0.493,0.623,0.64,0.33
21151,Puebla,Santo Tomás Hueyotlipan,1863.3,8.312,12.721,0.758,0.63,0.652,0.678,0.34
21152,Puebla,Soltepec,1799.064,6.541,12.047,0.876,0.553,0.647,0.679,0.31
21153,Puebla,Tecali de Herrera,2096.996,8.047,12.604,0.795,0.618,0.67,0.691,0.31
21154,Puebla,Tecamachalco,2507.037,8.308,12.351,0.838,0.62,0.697,0.713,0.33
21155,Puebla,Tecomatlán,2665.862,7.57,13.26,0.829,0.621,0.707,0.714,0.39
21156,Puebla,Tehuacán,2965.24,8.804,12.957,0.784,0.653,0.723,0.718,0.32
21157,Puebla,Tehuitzingo,2026.97,6.304,11.735,0.849,0.536,0.665,0.671,0.34
21158,Puebla,Tenampulco,1993.026,6.977,13.024,0.812,0.594,0.663,0.684,0.32
21159,Puebla,Teopantlán,1386.364,3.726,12.001,0.828,0.458,0.608,0.613,0.35
21160,Puebla,Teotlalco,1890.103,6.717,12.43,0.857,0.569,0.655,0.684,0.33
21161,Puebla,Tepanco de López,2259.771,7.147,12.894,0.857,0.596,0.682,0.704,0.3
21162,Puebla,Tepango de Rodríguez,1256.305,4.623,11.917,0.763,0.485,0.593,0.603,0.35
21163,Puebla,Tepatlaxco de Hidalgo,1968.269,6.854,11.544,0.806,0.549,0.661,0.664,0.32
21164,Puebla,Tepeaca,2282.756,7.826,11.68,0.77,0.585,0.683,0.675,0.33
21165,Puebla,Tepemaxalco,1336.727,4.654,11.34,0.626,0.47,0.602,0.562,0.32
21166,Puebla,Tepeojuma,1709.789,5.924,11.444,0.885,0.515,0.639,0.663,0.35
21167,Puebla,Tepetzintla,1140.344,4.278,11.635,0.531,0.466,0.578,0.523,0.32
21168,Puebla,Tepexco,1462.69,5.361,10.803,0.773,0.479,0.616,0.611,0.35
21169,Puebla,Tepexi de Rodríguez,2114.86,7.209,12.525,0.728,0.588,0.672,0.66,0.34
21170,Puebla,Tepeyahualco,1771.984,6.307,11.047,0.672,0.517,0.645,0.607,0.32
21171,Puebla,Tepeyahualco de Cuauhtémoc,2190.736,7.977,12.45,0.867,0.612,0.677,0.711,0.28
21172,Puebla,Tetela de Ocampo,1765.908,6.118,12.481,0.825,0.551,0.644,0.664,0.35
21173,Puebla,Teteles de Ávila Castillo,2862.463,10.323,14.914,0.789,0.758,0.717,0.754,0.38
21174,Puebla,Teziutlán,3061.875,9.377,13.447,0.789,0.686,0.728,0.733,0.34
21175,Puebla,Tianguismanalco,1753.827,6.705,11.293,0.885,0.537,0.643,0.674,0.34
21176,Puebla,Tilapa,2205.961,7.35,12.231,0.881,0.585,0.678,0.704,0.34
21177,Puebla,Tlacotepec de Benito Juárez,1845.06,6.07,11.329,0.806,0.517,0.651,0.647,0.31
21178,Puebla,Tlacuilotepec,1444.209,5.485,12.616,0.792,0.533,0.614,0.638,0.3
21179,Puebla,Tlachichuca,1633.376,6.805,11.542,0.801,0.547,0.633,0.652,0.33
21180,Puebla,Tlahuapan,1998.763,7.457,11.747,0.848,0.575,0.663,0.686,0.3
21181,Puebla,Tlaltenango,2035.932,7.965,12.747,0.836,0.62,0.666,0.701,0.34
21182,Puebla,Tlanepantla,1544.769,7.526,11.773,0.833,0.578,0.624,0.67,0.32
21183,Puebla,Tlaola,1258.333,4.513,11.195,0.685,0.461,0.593,0.572,0.32
21184,Puebla,Tlapacoya,1338.449,4.826,10.971,0.824,0.466,0.603,0.614,0.31
21185,Puebla,Tlapanalá,1837.095,6.015,10.367,0.879,0.488,0.65,0.653,0.31
21186,Puebla,Tlatlauquitepec,2256.877,8.314,13.376,0.831,0.649,0.681,0.716,0.37
21187,Puebla,Tlaxco,1695.631,6.103,11.41,0.694,0.52,0.638,0.613,0.34
21188,Puebla,Tochimilco,1447.096,6.079,9.844,0.852,0.476,0.614,0.629,0.33
21189,Puebla,Tochtepec,2273.356,7.598,12.076,0.833,0.589,0.683,0.694,0.31
21190,Puebla,Totoltepec de Guerrero,1840.072,7.461,13.162,0.647,0.614,0.651,0.637,0.35
21191,Puebla,Tulcingo,2152.906,5.845,11.184,0.777,0.505,0.674,0.642,0.34
21192,Puebla,Tuzamapan de Galeana,1663.769,6.773,13.053,0.659,0.588,0.635,0.627,0.33
21193,Puebla,Tzicatlacoyan,1612.266,6.313,11.201,0.814,0.522,0.631,0.645,0.29
21194,Puebla,Venustiano Carranza,2122.807,7.209,13.073,0.842,0.603,0.672,0.699,0.32
21195,Puebla,Vicente Guerrero,1157.04,4.193,10.226,0.717,0.424,0.581,0.561,0.35
21196,Puebla,Xayacatlán de Bravo,2174.049,7.102,13.274,0.89,0.605,0.676,0.714,0.41
21197,Puebla,Xicotepec,2276.022,7.728,13.192,0.861,0.624,0.683,0.716,0.34
21198,Puebla,Xicotlán,1441.895,5.455,11.672,0.566,0.506,0.614,0.56,0.32
21199,Puebla,Xiutetelco,1977.105,6.216,11.196,0.818,0.518,0.661,0.654,0.3
21200,Puebla,Xochiapulco,1626.498,6.483,12.045,0.855,0.551,0.632,0.668,0.37
21201,Puebla,Xochiltepec,1779.573,5.576,11.669,0.883,0.51,0.646,0.662,0.31
21202,Puebla,Xochitlán de Vicente Suárez,1522.691,5.444,11.038,0.853,0.488,0.622,0.637,0.31
21203,Puebla,Xochitlán Todos Santos,1701.917,6.078,11.168,0.772,0.513,0.639,0.632,0.32
21204,Puebla,Yaonáhuac,2342.577,8.829,14.704,0.878,0.703,0.687,0.751,0.37
21205,Puebla,Yehualtepec,1976.76,6.655,11.833,0.827,0.551,0.661,0.67,0.3
21206,Puebla,Zacapala,1816.749,5.487,11.552,0.708,0.504,0.649,0.614,0.31
21207,Puebla,Zacapoaxtla,2140.201,7.334,12.917,0.746,0.603,0.673,0.671,0.35
21208,Puebla,Zacatlán,2167.247,7.695,12.099,0.797,0.593,0.675,0.683,0.38
21209,Puebla,Zapotitlán,1949.69,7.029,13.153,0.863,0.6,0.659,0.699,0.35
21210,Puebla,Zapotitlán de Méndez,1617.582,6.454,13.025,0.665,0.577,0.631,0.623,0.35
21211,Puebla,Zaragoza,2698.811,9.655,14.075,0.771,0.713,0.708,0.73,0.36
21212,Puebla,Zautla,1459.815,5.44,12.196,0.739,0.52,0.616,0.619,0.32
21213,Puebla,Zihuateutla,1593.359,5.723,11.984,0.856,0.524,0.629,0.656,0.3
21214,Puebla,Zinacatepec,2104.043,6.373,11.271,0.845,0.526,0.671,0.668,0.3
21215,Puebla,Zongozotla,1451.453,5.994,12.007,0.618,0.533,0.615,0.588,0.33
21216,Puebla,Zoquiapan,1606.528,5.366,12.699,0.843,0.532,0.63,0.656,0.33
21217,Puebla,Zoquitlán,1168.122,3.848,10.035,0.758,0.407,0.582,0.564,0.37
22001,Querétaro,Amealco de Bonfil,2468.342,6.949,11.462,0.773,0.55,0.695,0.666,0.36
22002,Querétaro,Pinal de Amoles,1744.138,6.442,11.152,0.797,0.525,0.642,0.645,0.37
22003,Querétaro,Arroyo Seco,2827.225,6.768,11.386,0.856,0.542,0.715,0.692,0.35
22004,Querétaro,Cadereyta de Montes,2588.451,7.044,11.325,0.787,0.549,0.702,0.672,0.34
22005,Querétaro,Colón,2895.696,7.097,11.3,0.814,0.55,0.719,0.686,0.31
22006,Querétaro,Corregidora,6822.121,12.323,14.532,0.892,0.814,0.849,0.851,0.39
22007,Querétaro,Ezequiel Montes,2903.441,7.276,11.624,0.832,0.565,0.719,0.697,0.33
22008,Querétaro,Huimilpan,2534.11,6.218,10.04,0.861,0.486,0.699,0.664,0.31
22009,Querétaro,Jalpan de Serra,3378.954,7.956,12.562,0.846,0.614,0.742,0.728,0.4
22010,Querétaro,Landa de Matamoros,2180.211,5.697,11.799,0.777,0.518,0.676,0.648,0.34
22011,Querétaro,El Marqués,4080.896,9.502,12.02,0.882,0.651,0.771,0.762,0.37
22012,Querétaro,Pedro Escobedo,3344.242,8.204,11.533,0.879,0.594,0.741,0.729,0.32
22013,Querétaro,Peñamiller,2268.705,6.47,10.943,0.756,0.52,0.682,0.645,0.33
22014,Querétaro,Querétaro,5396.74,11.482,13.381,0.891,0.754,0.813,0.818,0.38
22015,Querétaro,San Joaquín,2868.065,6.643,11.25,0.797,0.534,0.718,0.673,0.36
22016,Querétaro,San Juan del Río,4065.939,9.645,13.087,0.849,0.685,0.77,0.765,0.35
22017,Querétaro,Tequisquiapan,3340.716,8.738,12.428,0.876,0.636,0.741,0.745,0.35
22018,Querétaro,Tolimán,2497.917,7.774,12.189,0.831,0.598,0.697,0.702,0.37
23001,Quintana Roo,Cozumel,3797.204,9.855,12.856,0.892,0.686,0.76,0.775,0.38
23002,Quintana Roo,Felipe Carrillo Puerto,1692.694,7.484,12.791,0.84,0.605,0.638,0.687,0.51
23003,Quintana Roo,Isla Mujeres,3520.24,8.679,11.608,0.878,0.612,0.749,0.738,0.37
23004,Quintana Roo,Othón P. Blanco,3837.481,9.498,13.679,0.89,0.697,0.762,0.779,0.42
23005,Quintana Roo,Benito Juárez,4301.647,10.208,12.197,0.896,0.679,0.779,0.78,0.39
23006,Quintana Roo,José María Morelos,1710.328,7.163,12.607,0.829,0.589,0.64,0.679,0.47
23007,Quintana Roo,Lázaro Cárdenas,2262.356,7.788,12.463,0.862,0.606,0.682,0.709,0.43
23008,Quintana Roo,Solidaridad,4204.055,10.757,12.003,0.884,0.692,0.775,0.78,0.38
23009,Quintana Roo,Tulum,2574.338,8.619,10.934,0.871,0.591,0.701,0.712,0.47
24001,San Luis Potosí,Ahualulco,1963.685,6.987,11.299,0.793,0.547,0.66,0.659,0.39
24002,San Luis Potosí,Alaquines,1695.437,5.896,10.525,0.847,0.489,0.638,0.642,0.36
24003,San Luis Potosí,Aquismón,1073.047,5.718,11.046,0.733,0.497,0.569,0.592,0.39
24004,San Luis Potosí,Armadillo de los Infante,2413.258,5.545,9.175,0.879,0.44,0.692,0.644,0.36
24005,San Luis Potosí,Cárdenas,2933.019,8.388,12.108,0.878,0.616,0.721,0.731,0.35
24006,San Luis Potosí,Catorce,1738.756,6.537,10.861,0.869,0.52,0.642,0.662,0.38
24007,San Luis Potosí,Cedral,2995.32,8.328,12.873,0.844,0.635,0.724,0.73,0.41
24008,San Luis Potosí,Cerritos,2953.448,7.875,12.354,0.882,0.606,0.722,0.728,0.35
24009,San Luis Potosí,Cerro de San Pedro,3775.857,8.907,13.117,0.889,0.661,0.759,0.764,0.33
24010,San Luis Potosí,Ciudad del Maíz,1909.911,7.087,10.603,0.874,0.531,0.656,0.673,0.38
24011,San Luis Potosí,Ciudad Fernández,2790.262,7.866,12.231,0.883,0.602,0.713,0.724,0.35
24012,San Luis Potosí,Tancanhuitz,1590.073,8.008,13.254,0.833,0.635,0.629,0.693,0.42
24013,San Luis Potosí,Ciudad Valles,3197.707,9.151,13.555,0.877,0.682,0.734,0.76,0.35
24014,San Luis Potosí,Coxcatlán,1305.286,7.653,12.353,0.841,0.598,0.599,0.67,0.43
24015,San Luis Potosí,Charcas,2795.645,7.55,11.48,0.836,0.571,0.714,0.698,0.38
24016,San Luis Potosí,Ebano,2867.597,7.965,12.512,0.887,0.613,0.718,0.731,0.36
24017,San Luis Potosí,Guadalcázar,1681.07,5.648,10.042,0.885,0.467,0.637,0.641,0.37
24018,San Luis Potosí,Huehuetlán,1743.973,7.614,12.798,0.83,0.609,0.642,0.687,0.41
24019,San Luis Potosí,Lagunillas,1930.123,5.151,11.159,0.826,0.482,0.658,0.64,0.35
24020,San Luis Potosí,Matehuala,3659.13,9.405,13.072,0.885,0.677,0.754,0.767,0.34
24021,San Luis Potosí,Mexquitic de Carmona,2218.118,7.529,11.697,0.869,0.576,0.679,0.698,0.35
24022,San Luis Potosí,Moctezuma,2258.271,6.304,10.917,0.851,0.513,0.682,0.668,0.36
24023,San Luis Potosí,Rayón,2391.825,6.401,11.181,0.819,0.524,0.69,0.667,0.4
24024,San Luis Potosí,Rioverde,2795.55,8.034,12.324,0.884,0.61,0.714,0.728,0.38
24025,San Luis Potosí,Salinas,2424.247,7.437,11.272,0.887,0.561,0.692,0.701,0.35
24026,San Luis Potosí,San Antonio,1074.842,7.065,12.594,0.868,0.585,0.569,0.661,0.37
24027,San Luis Potosí,San Ciro de Acosta,2711.865,6.753,12.212,0.892,0.564,0.709,0.709,0.35
24028,San Luis Potosí,San Luis Potosí,5200.232,11.185,13.399,0.899,0.745,0.808,0.815,0.34
24029,San Luis Potosí,San Martín Chalchicuautla,1393.533,5.894,12.195,0.846,0.535,0.609,0.651,0.39
24030,San Luis Potosí,San Nicolás Tolentino,2354.757,5.646,10.851,0.718,0.49,0.688,0.623,0.35
24031,San Luis Potosí,Santa Catarina,1207.79,4.523,9.955,0.818,0.427,0.587,0.59,0.41
24032,San Luis Potosí,Santa María del Río,2531.721,7.006,11.244,0.867,0.546,0.699,0.692,0.36
24033,San Luis Potosí,Santo Domingo,1954.782,5.858,9.972,0.885,0.472,0.66,0.651,0.37
24034,San Luis Potosí,San Vicente Tancuayalab,1914.465,7.409,12.737,0.856,0.601,0.657,0.696,0.4
24035,San Luis Potosí,Soledad de Graciano Sánchez,4420.847,10.445,13.323,0.883,0.718,0.783,0.792,0.31
24036,San Luis Potosí,Tamasopo,2223.21,6.362,11.143,0.872,0.522,0.679,0.676,0.39
24037,San Luis Potosí,Tamazunchale,1773.287,8.094,12.735,0.827,0.624,0.645,0.693,0.46
24038,San Luis Potosí,Tampacán,1562.222,7.782,13.146,0.815,0.625,0.626,0.683,0.42
24039,San Luis Potosí,Tampamolón Corona,1695.878,7.339,12.845,0.744,0.601,0.638,0.658,0.45
24040,San Luis Potosí,Tamuín,2343.244,7.605,12.74,0.88,0.607,0.687,0.716,0.38
24041,San Luis Potosí,Tanlajás,1235.232,7.091,12.356,0.717,0.58,0.59,0.626,0.39
24042,San Luis Potosí,Tanquián de Escobedo,2152.558,7.63,13.048,0.889,0.617,0.674,0.718,0.41
24043,San Luis Potosí,Tierra Nueva,2240.568,6.007,10.701,0.892,0.497,0.68,0.671,0.34
24044,San Luis Potosí,Vanegas,2109.727,6.843,10.871,0.821,0.53,0.671,0.663,0.38
24045,San Luis Potosí,Venado,2493.334,6.927,11.584,0.781,0.553,0.696,0.67,0.38
24046,San Luis Potosí,Villa de Arriaga,2369.651,6.511,10.404,0.803,0.506,0.689,0.654,0.34
24047,San Luis Potosí,Villa de Guadalupe,1776.584,5.434,10.891,0.849,0.484,0.645,0.642,0.37
24048,San Luis Potosí,Villa de la Paz,3559.03,8.154,12.478,0.903,0.618,0.75,0.748,0.32
24049,San Luis Potosí,Villa de Ramos,1706.936,5.603,10.485,0.886,0.478,0.639,0.647,0.35
24050,San Luis Potosí,Villa de Reyes,2550.99,6.869,10.739,0.887,0.527,0.7,0.689,0.33
24051,San Luis Potosí,Villa Hidalgo,2521.786,6.82,11.24,0.838,0.54,0.698,0.681,0.36
24052,San Luis Potosí,Villa Juárez,2116.064,6.003,10.388,0.884,0.489,0.672,0.662,0.34
24053,San Luis Potosí,Axtla de Terrazas,1599.565,7.862,12.989,0.84,0.623,0.629,0.69,0.44
24054,San Luis Potosí,Xilitla,1370.739,7.256,11.714,0.847,0.567,0.606,0.663,0.42
24055,San Luis Potosí,Zaragoza,2893.921,6.784,11.54,0.896,0.547,0.719,0.706,0.31
24056,San Luis Potosí,Villa de Arista,2159.069,6.108,10.676,0.87,0.5,0.675,0.665,0.34
24057,San Luis Potosí,Matlapa,1418.427,7.293,12.177,0.882,0.581,0.611,0.679,0.42
24058,San Luis Potosí,El Naranjo,2475.436,7.655,11.184,0.892,0.566,0.695,0.705,0.34
25001,Sinaloa,Ahome,4339.384,10.316,14.257,0.884,0.74,0.78,0.799,0.33
25002,Sinaloa,Angostura,4238.495,8.419,13.312,0.894,0.65,0.777,0.767,0.34
25003,Sinaloa,Badiraguato,2570.723,5.912,11.798,0.731,0.525,0.701,0.645,0.4
25004,Sinaloa,Concordia,3732.46,8.203,12.984,0.813,0.634,0.757,0.731,0.37
25005,Sinaloa,Cosalá,2989.238,7.102,12.69,0.794,0.589,0.724,0.697,0.39
25006,Sinaloa,Culiacán,5001.377,10.494,14.279,0.897,0.746,0.802,0.813,0.33
25007,Sinaloa,Choix,2932.349,6.532,11.635,0.773,0.541,0.721,0.67,0.41
25008,Sinaloa,Elota,3341.342,7.736,11.693,0.805,0.583,0.741,0.703,0.34
25009,Sinaloa,Escuinapa,3809.46,8.798,11.991,0.804,0.626,0.761,0.726,0.35
25010,Sinaloa,El Fuerte,3098.024,8.207,13.028,0.799,0.635,0.729,0.718,0.36
25011,Sinaloa,Guasave,3533.755,9.112,13.933,0.823,0.691,0.749,0.752,0.35
25012,Sinaloa,Mazatlán,5076.526,10.557,13.854,0.898,0.737,0.804,0.81,0.32
25013,Sinaloa,Mocorito,3498.467,6.953,12.549,0.812,0.58,0.748,0.706,0.36
25014,Sinaloa,Rosario,3529.343,9.091,10.808,0.815,0.603,0.749,0.717,0.34
25015,Sinaloa,Salvador Alvarado,4282.622,10.145,14.223,0.897,0.733,0.778,0.8,0.32
25016,Sinaloa,San Ignacio,3223.95,7.44,11.428,0.803,0.565,0.735,0.694,0.37
25017,Sinaloa,Sinaloa,2837.856,7.019,12.501,0.789,0.581,0.716,0.69,0.38
25018,Sinaloa,Navolato,3664.819,8.152,11.888,0.891,0.602,0.755,0.74,0.31
26001,Sonora,Aconchi,5704.26,8.369,12.124,0.889,0.616,0.821,0.766,0.37
26002,Sonora,Agua Prieta,4310.127,9.53,12.149,0.858,0.655,0.779,0.759,0.35
26003,Sonora,Alamos,3134.045,7.511,12.618,ND,0.601,0.731,ND,0.42
26004,Sonora,Altar,3389.561,7.666,11.455,0.89,0.574,0.743,0.724,0.37
26005,Sonora,Arivechi,3591.464,7.819,11.687,0.777,0.585,0.752,0.699,0.4
26006,Sonora,Arizpe,3660.04,7.782,10.658,0.888,0.555,0.754,0.719,0.38
26007,Sonora,Atil,3890.571,8.74,12.706,0.605,0.644,0.764,0.668,0.4
26008,Sonora,Bacadéhuachi,2460.412,7.126,13.592,0.864,0.615,0.694,0.717,0.4
26009,Sonora,Bacanora,3779.692,6.888,12.547,0.65,0.578,0.759,0.658,0.39
26010,Sonora,Bacerac,2990.716,7.621,12.606,0.864,0.604,0.724,0.723,0.39
26011,Sonora,Bacoachi,2672.174,7.512,12.075,0.874,0.586,0.707,0.713,0.37
26012,Sonora,Bácum,3348.937,8.144,11.875,0.855,0.601,0.741,0.725,0.34
26013,Sonora,Banámichi,3752.873,8.836,11.21,0.821,0.606,0.758,0.722,0.35
26014,Sonora,Baviácora,4862.097,8.208,12.467,0.873,0.62,0.797,0.755,0.36
26015,Sonora,Bavispe,2242.945,7.273,11.336,0.847,0.557,0.68,0.685,0.41
26016,Sonora,Benjamín Hill,4045.427,8.733,12.188,0.876,0.63,0.77,0.752,0.36
26017,Sonora,Caborca,4308.914,9.234,12.242,0.887,0.648,0.779,0.765,0.35
26018,Sonora,Cajeme,4131.465,10.565,13.635,0.886,0.731,0.773,0.794,0.34
26019,Sonora,Cananea,4235.842,10.196,13.089,0.885,0.703,0.777,0.785,0.35
26020,Sonora,Carbó,3554.811,7.833,11.367,0.873,0.577,0.75,0.723,0.37
26021,Sonora,La Colorada,3969.866,7.128,10.595,0.878,0.532,0.767,0.71,0.36
26022,Sonora,Cucurpe,2909.739,7.192,10.812,0.877,0.54,0.72,0.699,0.36
26023,Sonora,Cumpas,4721.696,9.319,13.919,0.857,0.697,0.793,0.78,0.35
26024,Sonora,Divisaderos,3260.876,8.064,13.423,0.664,0.642,0.737,0.68,0.39
26025,Sonora,Empalme,3757.743,9.406,12.291,0.881,0.655,0.758,0.759,0.36
26026,Sonora,Etchojoa,2837.837,9.123,12.802,0.88,0.66,0.716,0.746,0.38
26027,Sonora,Fronteras,3821.134,8.867,12.627,0.884,0.646,0.761,0.758,0.37
26028,Sonora,Granados,4024.719,8.599,11.529,0.847,0.607,0.769,0.734,0.37
26029,Sonora,Guaymas,4251.219,9.694,12.195,0.884,0.662,0.777,0.769,0.38
26030,Sonora,Hermosillo,5391.396,11.072,13.551,0.899,0.745,0.813,0.817,0.36
26031,Sonora,Huachinera,2782.34,7.153,12.507,0.889,0.586,0.713,0.719,0.39
26032,Sonora,Huásabas,4027.326,8.593,14.113,0.892,0.678,0.769,0.775,0.36
26033,Sonora,Huatabampo,2931.145,9.298,13.359,0.875,0.681,0.721,0.755,0.38
26034,Sonora,Huépac,5016.034,9.028,12.09,0.881,0.637,0.802,0.766,0.36
26035,Sonora,Imuris,3610.607,8.633,11.988,0.89,0.621,0.752,0.746,0.36
26036,Sonora,Magdalena,4374.524,9.587,13.053,0.864,0.682,0.781,0.772,0.35
26037,Sonora,Mazatán,3402.483,7.979,12.251,0.806,0.606,0.743,0.713,0.38
26038,Sonora,Moctezuma,5450.535,9.856,14.578,0.744,0.733,0.815,0.763,0.35
26039,Sonora,Naco,3370.839,9.096,11.79,0.869,0.631,0.742,0.741,0.4
26040,Sonora,Nácori Chico,2246.135,6.668,11.559,0.761,0.543,0.681,0.655,0.42
26041,Sonora,Nacozari de García,5306.562,10.135,12.086,0.88,0.674,0.811,0.783,0.34
26042,Sonora,Navojoa,3560.665,9.973,13.558,0.882,0.709,0.75,0.777,0.37
26043,Sonora,Nogales,4305.357,10.229,12.108,0.862,0.677,0.779,0.769,0.33
26044,Sonora,Ónavas,3795.385,6.602,12.652,ND,0.571,0.76,ND,0.36
26045,Sonora,Opodepe,3123.603,7.398,11.543,0.875,0.567,0.731,0.713,0.4
26046,Sonora,Oquitoa,3900.313,9.521,12.577,0.696,0.667,0.764,0.708,0.36
26047,Sonora,Pitiquito,4526.807,8.615,12.433,0.89,0.633,0.787,0.762,0.37
26048,Sonora,Puerto Peñasco,4299.638,9.416,11.525,0.862,0.634,0.779,0.752,0.35
26049,Sonora,Quiriego,2287.797,6.586,10.933,0.738,0.523,0.683,0.641,0.43
26050,Sonora,Rayón,3066.219,7.414,11.004,0.88,0.553,0.728,0.708,0.39
26051,Sonora,Rosario,3500.854,6.261,10.408,0.883,0.498,0.748,0.69,0.37
26052,Sonora,Sahuaripa,3797.408,7.569,11.556,0.721,0.573,0.76,0.68,0.4
26053,Sonora,San Felipe de Jesús,4323.823,9.04,11.843,0.858,0.63,0.78,0.75,0.36
26054,Sonora,San Javier,3895.966,8.375,12.516,0.572,0.627,0.764,0.649,0.36
26055,Sonora,San Luis Río Colorado,3786.207,8.936,12.052,0.886,0.633,0.76,0.753,0.35
26056,Sonora,San Miguel de Horcasitas,3042.344,5.762,9.48,0.812,0.455,0.727,0.645,0.35
26057,Sonora,San Pedro de la Cueva,3272.314,7.299,11.848,0.881,0.572,0.738,0.719,0.41
26058,Sonora,Santa Ana,4363.248,9.407,12.836,0.832,0.67,0.781,0.758,0.36
26059,Sonora,Santa Cruz,2567.627,7.894,10.557,0.892,0.556,0.701,0.703,0.37
26060,Sonora,Sáric,2769.346,7.114,11.374,0.864,0.553,0.712,0.698,0.4
26061,Sonora,Soyopa,4660.332,7.049,9.342,0.73,0.494,0.791,0.658,0.37
26062,Sonora,Suaqui Grande,3772.771,6.89,12.844,0.884,0.586,0.759,0.733,0.36
26063,Sonora,Tepache,3292.76,7.739,13.478,0.632,0.632,0.738,0.666,0.38
26064,Sonora,Trincheras,3443.017,7.364,11.278,0.872,0.559,0.745,0.713,0.36
26065,Sonora,Tubutama,3401.426,7.117,12.901,0.793,0.596,0.743,0.705,0.38
26066,Sonora,Ures,4877.018,8.523,12.787,0.882,0.639,0.798,0.766,0.36
26067,Sonora,Villa Hidalgo,3492.192,7.624,11.696,0.884,0.579,0.747,0.726,0.35
26068,Sonora,Villa Pesqueira,4205.761,7.908,12.739,0.669,0.617,0.775,0.684,0.39
26069,Sonora,Yécora,1490.596,6.265,9.887,0.78,0.483,0.619,0.616,0.46
26070,Sonora,General Plutarco Elías Calles,3811.478,8.487,11.624,0.855,0.606,0.761,0.733,0.37
26071,Sonora,Benito Juárez,3210.387,8.79,12.671,0.885,0.645,0.735,0.749,0.37
26072,Sonora,San Ignacio Río Muerto,2822.678,7.897,11.801,0.79,0.591,0.715,0.694,0.35
27001,Tabasco,Balancán,2373.106,7.49,11.99,0.823,0.583,0.689,0.691,0.36
27002,Tabasco,Cárdenas,2732.827,8.367,12.677,0.851,0.631,0.71,0.725,0.36
27003,Tabasco,Centla,1866.908,8.768,12.761,0.839,0.647,0.653,0.708,0.38
27004,Tabasco,Centro,4199.903,10.831,14.004,0.879,0.75,0.775,0.8,0.37
27005,Tabasco,Comalcalco,2739.523,8.689,12.18,0.876,0.628,0.711,0.731,0.37
27006,Tabasco,Cunduacán,2709.51,8.723,13.609,0.826,0.669,0.709,0.732,0.37
27007,Tabasco,Emiliano Zapata,3063.477,8.899,12.382,0.856,0.641,0.728,0.736,0.36
27008,Tabasco,Huimanguillo,2391.399,7.63,12.652,0.847,0.606,0.69,0.707,0.35
27009,Tabasco,Jalapa,2484.216,8.353,12.874,0.878,0.636,0.696,0.73,0.34
27010,Tabasco,Jalpa de Méndez,2592.407,9.432,13.41,0.874,0.687,0.702,0.75,0.37
27011,Tabasco,Jonuta,2270.374,7.722,11.983,0.813,0.59,0.682,0.689,0.35
27012,Tabasco,Macuspana,2378.239,9.006,12.286,0.846,0.641,0.689,0.72,0.41
27013,Tabasco,Nacajuca,3542.529,10.199,14.318,0.87,0.738,0.75,0.784,0.4
27014,Tabasco,Paraíso,3214.666,9.517,13.307,0.796,0.687,0.735,0.738,0.4
27015,Tabasco,Tacotalpa,2276.462,8.497,12.591,0.771,0.633,0.683,0.693,0.38
27016,Tabasco,Teapa,2821.9,7.988,11.991,0.84,0.599,0.715,0.711,0.34
27017,Tabasco,Tenosique,2987.905,8.351,12.956,0.846,0.638,0.724,0.731,0.37
28001,Tamaulipas,Abasolo,2469.059,7.173,12.152,0.892,0.577,0.695,0.71,0.34
28002,Tamaulipas,Aldama,2763.065,7.579,11.707,0.892,0.578,0.712,0.716,0.35
28003,Tamaulipas,Altamira,3308.784,9.424,12.349,0.842,0.657,0.739,0.742,0.35
28004,Tamaulipas,Antiguo Morelos,2603.698,7.021,12.29,0.892,0.575,0.703,0.712,0.34
28005,Tamaulipas,Burgos,2445.036,6.617,10.578,0.891,0.514,0.694,0.683,0.33
28006,Tamaulipas,Bustamante,1602.247,5.862,10.657,0.708,0.491,0.63,0.603,0.39
28007,Tamaulipas,Camargo,3592.189,7.42,11.412,0.851,0.564,0.752,0.712,0.36
28008,Tamaulipas,Casas,2150.077,5.86,9.155,0.823,0.45,0.674,0.63,0.33
28009,Tamaulipas,Ciudad Madero,5297.233,11.816,13.567,0.896,0.771,0.81,0.824,0.37
28010,Tamaulipas,Cruillas,2220.381,6.694,11.135,0.882,0.532,0.679,0.683,0.33
28011,Tamaulipas,Gómez Farías,2425.637,7.882,12.631,0.892,0.614,0.692,0.723,0.34
28012,Tamaulipas,González,2504.643,6.985,10.645,0.891,0.529,0.697,0.69,0.34
28013,Tamaulipas,Güémez,2306.602,7.185,11.115,0.891,0.548,0.685,0.694,0.31
28014,Tamaulipas,Guerrero,4922.429,8.113,12.032,0.853,0.605,0.799,0.744,0.35
28015,Tamaulipas,Gustavo Díaz Ordaz,3754.826,8.201,11.319,0.888,0.588,0.758,0.734,0.36
28016,Tamaulipas,Hidalgo,2182.152,7.119,10.66,0.886,0.533,0.676,0.684,0.37
28017,Tamaulipas,Jaumave,2450.369,7.771,12.909,0.86,0.618,0.694,0.717,0.38
28018,Tamaulipas,Jiménez,2306.7,7.684,12.12,0.892,0.593,0.685,0.713,0.38
28019,Tamaulipas,Llera,2402.49,6.968,11.405,0.892,0.549,0.691,0.697,0.34
28020,Tamaulipas,Mainero,2135.402,6.998,11.604,0.833,0.556,0.673,0.678,0.35
28021,Tamaulipas,El Mante,3245.752,9.153,13.118,0.865,0.669,0.736,0.752,0.35
28022,Tamaulipas,Matamoros,3905.439,9.592,12.64,0.885,0.671,0.764,0.768,0.35
28023,Tamaulipas,Méndez,2719.709,6.606,10.589,0.892,0.514,0.71,0.688,0.32
28024,Tamaulipas,Mier,4241.731,8.603,12.197,0.887,0.626,0.777,0.756,0.32
28025,Tamaulipas,Miguel Alemán,4089.43,8.298,11.283,0.889,0.59,0.771,0.74,0.41
28026,Tamaulipas,Miquihuana,1381.293,6.126,10.928,0.78,0.508,0.607,0.622,0.41
28027,Tamaulipas,Nuevo Laredo,4129.537,9.735,12.685,0.896,0.677,0.773,0.777,0.35
28028,Tamaulipas,Nuevo Morelos,2492.297,7.505,11.293,0.892,0.564,0.696,0.705,0.32
28029,Tamaulipas,Ocampo,2389.142,7.552,12.119,0.892,0.588,0.69,0.713,0.35
28030,Tamaulipas,Padilla,2649.489,8.209,12.464,0.892,0.62,0.706,0.731,0.36
28031,Tamaulipas,Palmillas,2381.154,6.878,13.165,0.832,0.595,0.69,0.699,0.36
28032,Tamaulipas,Reynosa,4509.331,10.009,12.687,0.838,0.686,0.786,0.767,0.35
28033,Tamaulipas,Río Bravo,3319.797,8.244,11.498,0.885,0.594,0.74,0.73,0.36
28034,Tamaulipas,San Carlos,1670.399,6.746,11.223,0.84,0.537,0.636,0.659,0.38
28035,Tamaulipas,San Fernando,2908.851,8.113,12.063,0.868,0.606,0.72,0.723,0.37
28036,Tamaulipas,San Nicolás,1345.009,6.72,10.823,0.684,0.525,0.603,0.6,0.37
28037,Tamaulipas,Soto la Marina,2732.349,7.29,10.695,0.863,0.54,0.71,0.692,0.37
28038,Tamaulipas,Tampico,4660.167,11.205,14.421,0.865,0.774,0.791,0.809,0.38
28039,Tamaulipas,Tula,2452.402,7.201,11.48,0.889,0.559,0.694,0.701,0.39
28040,Tamaulipas,Valle Hermoso,3579.718,8.92,12.545,0.886,0.646,0.751,0.755,0.36
28041,Tamaulipas,Victoria,4383.372,11.182,14.226,0.894,0.768,0.782,0.813,0.38
28042,Tamaulipas,Villagrán,2178.44,6.31,10.589,0.884,0.504,0.676,0.671,0.37
28043,Tamaulipas,Xicoténcatl,3578.383,8.74,12.978,0.892,0.652,0.751,0.759,0.33
29001,Tlaxcala,Amaxac de Guerrero,3128.05,10.514,13.65,0.886,0.73,0.731,0.779,0.34
29002,Tlaxcala,Apetatitlán de Antonio Carvajal,3638.77,10.842,14.273,0.623,0.758,0.754,0.709,0.34
29003,Tlaxcala,Atlangatepec,2082.677,7.575,11.625,0.868,0.575,0.669,0.694,0.31
29004,Tlaxcala,Atltzayanca,1843.003,7.423,11.154,0.694,0.557,0.651,0.631,0.32
29005,Tlaxcala,Apizaco,3478.38,10.797,14.206,0.892,0.755,0.747,0.795,0.34
29006,Tlaxcala,Calpulalpan,2729.645,8.996,12.702,0.764,0.653,0.71,0.707,0.33
29007,Tlaxcala,El Carmen Tequexquitla,1641.343,7.229,12.377,0.653,0.585,0.633,0.623,0.36
29008,Tlaxcala,Cuapiaxtla,1881.979,7.369,11.335,0.732,0.56,0.654,0.645,0.32
29009,Tlaxcala,Cuaxomulco,2509.488,9.181,13.063,0.891,0.669,0.697,0.746,0.32
29010,Tlaxcala,Chiautempan,2867.253,10.162,13.705,0.863,0.719,0.718,0.764,0.36
29011,Tlaxcala,Muñoz de Domingo Arenas,2482.85,8.429,12.488,0.888,0.628,0.696,0.729,0.29
29012,Tlaxcala,Españita,2060.472,7.671,12.081,0.889,0.591,0.668,0.705,0.3
29013,Tlaxcala,Huamantla,2560.736,8.836,12.15,0.791,0.632,0.701,0.705,0.38
29014,Tlaxcala,Hueyotlipan,1797.915,8.133,13.069,0.742,0.634,0.647,0.673,0.34
29015,Tlaxcala,Ixtacuixtla de Mariano Matamoros,2741.395,9.608,13.671,0.877,0.7,0.711,0.759,0.36
29016,Tlaxcala,Ixtenco,2307.014,9.366,13.546,0.884,0.688,0.685,0.747,0.34
29017,Tlaxcala,Mazatecochco de José María Morelos,1542.017,7.871,12.002,0.883,0.596,0.624,0.69,0.34
29018,Tlaxcala,Contla de Juan Cuamatzi,2436.184,9.394,13.638,0.89,0.692,0.693,0.753,0.34
29019,Tlaxcala,Tepetitla de Lardizábal,2261.861,9.375,13.187,0.848,0.679,0.682,0.732,0.35
29020,Tlaxcala,Sanctórum de Lázaro Cárdenas,1712.86,8.05,11.972,0.83,0.601,0.64,0.683,0.32
29021,Tlaxcala,Nanacamilpa de Mariano Arista,2212.321,8.225,12.425,0.803,0.619,0.678,0.696,0.31
29022,Tlaxcala,Acuamanala de Miguel Hidalgo,2463.63,9.319,13.493,0.883,0.685,0.695,0.749,0.32
29023,Tlaxcala,Natívitas,2435.758,8.983,12.979,0.886,0.66,0.693,0.74,0.35
29024,Tlaxcala,Panotla,3159.349,10.635,14.116,0.878,0.747,0.732,0.783,0.37
29025,Tlaxcala,San Pablo del Monte,2406.341,7.755,11.834,0.848,0.587,0.691,0.701,0.34
29026,Tlaxcala,Santa Cruz Tlaxcala,3300.758,10.043,13.442,0.867,0.708,0.739,0.768,0.33
29027,Tlaxcala,Tenancingo,1884.552,7.674,12.283,0.868,0.597,0.654,0.697,0.36
29028,Tlaxcala,Teolocholco,2324.699,9.2,12.803,0.75,0.662,0.686,0.698,0.36
29029,Tlaxcala,Tepeyanco,2775.785,9.957,13.116,0.876,0.696,0.713,0.758,0.34
29030,Tlaxcala,Terrenate,1967.488,7.259,11.646,0.814,0.565,0.661,0.673,0.31
29031,Tlaxcala,Tetla de la Solidaridad,2985.086,9.123,12.555,0.885,0.653,0.724,0.748,0.31
29032,Tlaxcala,Tetlatlahuca,2840.645,9.441,13.286,0.8,0.684,0.716,0.732,0.33
29033,Tlaxcala,Tlaxcala,5181.271,12.546,15.02,0.882,0.835,0.807,0.841,0.33
29034,Tlaxcala,Tlaxco,2241.534,7.255,11.571,0.89,0.563,0.68,0.698,0.32
29035,Tlaxcala,Tocatlán,1812.795,8.574,12.357,0.879,0.629,0.648,0.71,0.35
29036,Tlaxcala,Totolac,3428.082,11.555,14.392,0.887,0.785,0.745,0.804,0.36
29037,Tlaxcala,Ziltlaltépec de Trinidad Sánchez Santos,1832.279,6.957,11.72,0.822,0.557,0.65,0.668,0.33
29038,Tlaxcala,Tzompantepec,3061.742,9.918,12.904,0.74,0.689,0.728,0.719,0.34
29039,Tlaxcala,Xaloztoc,2110.617,8.732,12.601,0.824,0.641,0.671,0.708,0.34
29040,Tlaxcala,Xaltocan,2390.268,8.649,12.732,0.887,0.642,0.69,0.732,0.32
29041,Tlaxcala,Papalotla de Xicohténcatl,2521.191,9.497,12.698,0.889,0.669,0.698,0.746,0.36
29042,Tlaxcala,Xicohtzinco,2937.771,10.016,13.831,0.886,0.718,0.721,0.771,0.34
29043,Tlaxcala,Yauhquemehcan,3182.393,10.405,13.224,0.891,0.714,0.733,0.775,0.34
29044,Tlaxcala,Zacatelco,2677.439,9.664,13.043,0.88,0.684,0.707,0.752,0.35
29045,Tlaxcala,Benito Juárez,2162.644,7.816,12.052,0.805,0.595,0.675,0.687,0.29
29046,Tlaxcala,Emiliano Zapata,1697.672,7.199,11.33,0.795,0.555,0.638,0.655,0.28
29047,Tlaxcala,Lázaro Cárdenas,1915.791,7.978,11.569,0.89,0.587,0.657,0.7,0.28
29048,Tlaxcala,La Magdalena Tlaltelulco,ND,ND,ND,0.778,ND,ND,ND,0.28
29049,Tlaxcala,San Damián Texóloc,2943.876,10.243,13.691,0.878,0.722,0.722,0.77,0.34
29050,Tlaxcala,San Francisco Tetlanohcan,2505.129,9.166,13.586,0.827,0.683,0.697,0.733,0.37
29051,Tlaxcala,San Jerónimo Zacualpan,3142.779,10.231,12.189,0.867,0.68,0.731,0.755,0.34
29052,Tlaxcala,San José Teacalco,2005.482,7.925,12.241,0.866,0.604,0.664,0.703,0.32
29053,Tlaxcala,San Juan Huactzinco,2566.631,10.309,13.302,0.744,0.713,0.701,0.719,0.36
29054,Tlaxcala,San Lorenzo Axocomanitla,2857.07,9.677,13.029,0.876,0.685,0.717,0.755,0.33
29055,Tlaxcala,San Lucas Tecopilco,2096.565,8.603,12.831,0.886,0.643,0.67,0.725,0.33
29056,Tlaxcala,Santa Ana Nopalucan,2319.23,9.824,13.449,0.727,0.701,0.686,0.705,0.36
29057,Tlaxcala,Santa Apolonia Teacalco,2483.815,10.082,13.874,0.884,0.721,0.696,0.763,0.36
29058,Tlaxcala,Santa Catarina Ayometla,2352.958,8.795,13.109,0.858,0.657,0.688,0.729,0.33
29059,Tlaxcala,Santa Cruz Quilehtla,2036.158,8.408,11.734,0.792,0.606,0.666,0.684,0.32
29060,Tlaxcala,Santa Isabel Xiloxoxtla,2614.072,9.122,13.3,0.749,0.673,0.704,0.708,0.32
30001,Veracruz de Ignacio de la Llave,Acajete,1650.237,6.572,11.418,0.846,0.536,0.634,0.66,0.37
30002,Veracruz de Ignacio de la Llave,Acatlán,2340.769,6.807,13.631,0.827,0.606,0.687,0.701,0.32
30003,Veracruz de Ignacio de la Llave,Acayucan,2652.787,8.189,12.886,0.895,0.631,0.706,0.736,0.36
30004,Veracruz de Ignacio de la Llave,Actopan,2436.151,6.749,12.799,0.882,0.58,0.693,0.708,0.33
30005,Veracruz de Ignacio de la Llave,Acula,2629.027,6.317,11.767,0.843,0.537,0.704,0.683,0.32
30006,Veracruz de Ignacio de la Llave,Acultzingo,1584.62,6.913,11.067,0.875,0.538,0.628,0.666,0.38
30007,Veracruz de Ignacio de la Llave,Camarón de Tejeda,2164.861,6.135,11.686,0.632,0.529,0.675,0.609,0.31
30008,Veracruz de Ignacio de la Llave,Alpatláhuac,1436.823,5.529,11.066,0.877,0.492,0.613,0.642,0.34
30009,Veracruz de Ignacio de la Llave,Alto Lucero de Gutiérrez Barrios,2446.501,6.249,12.312,0.883,0.55,0.694,0.696,0.33
30010,Veracruz de Ignacio de la Llave,Altotonga,1548.759,5.894,10.583,0.816,0.49,0.625,0.63,0.38
30011,Veracruz de Ignacio de la Llave,Alvarado,4149.73,11.087,13.234,0.898,0.737,0.773,0.8,0.36
30012,Veracruz de Ignacio de la Llave,Amatitlán,2439.389,6.459,10.971,0.888,0.52,0.693,0.684,0.33
30013,Veracruz de Ignacio de la Llave,Naranjos Amatlán,3195.306,9,14.058,0.892,0.69,0.734,0.768,0.36
30014,Veracruz de Ignacio de la Llave,Amatlán de los Reyes,2515.565,8.243,13.002,0.882,0.636,0.698,0.731,0.33
30015,Veracruz de Ignacio de la Llave,Angel R. Cabada,2312.353,6.638,12.105,0.89,0.558,0.685,0.698,0.34
30016,Veracruz de Ignacio de la Llave,La Antigua,3266.676,8.693,12.771,0.883,0.645,0.737,0.748,0.32
30017,Veracruz de Ignacio de la Llave,Apazapan,2553.573,7.5,13.461,0.882,0.624,0.7,0.728,0.31
30018,Veracruz de Ignacio de la Llave,Aquila,1143.195,4.464,9.43,0.694,0.411,0.579,0.548,0.32
30019,Veracruz de Ignacio de la Llave,Astacinga,1067.985,4.022,11.167,0.689,0.444,0.568,0.558,0.32
30020,Veracruz de Ignacio de la Llave,Atlahuilco,997.823,4.427,10.217,0.708,0.431,0.558,0.554,0.33
30021,Veracruz de Ignacio de la Llave,Atoyac,2543.752,8.258,12.607,0.88,0.625,0.7,0.728,0.35
30022,Veracruz de Ignacio de la Llave,Atzacan,1648.096,6.452,11.182,0.872,0.526,0.634,0.663,0.34
30023,Veracruz de Ignacio de la Llave,Atzalan,1840.78,5.26,11.096,0.761,0.484,0.651,0.621,0.32
30024,Veracruz de Ignacio de la Llave,Tlaltetela,1719.226,5.498,10.77,0.852,0.482,0.64,0.641,0.33
30025,Veracruz de Ignacio de la Llave,Ayahualulco,984.942,3.196,10.049,0.835,0.386,0.556,0.564,0.38
30026,Veracruz de Ignacio de la Llave,Banderilla,3656.36,9.862,13.821,0.887,0.713,0.754,0.781,0.37
30027,Veracruz de Ignacio de la Llave,Benito Juárez,1545.032,6.218,12.667,0.89,0.559,0.624,0.677,0.36
30028,Veracruz de Ignacio de la Llave,Boca del Río,4347.717,10.499,13.903,0.881,0.736,0.78,0.797,0.35
30029,Veracruz de Ignacio de la Llave,Calcahualco,1020.628,4.352,9.994,0.846,0.423,0.562,0.586,0.35
30030,Veracruz de Ignacio de la Llave,Camerino Z. Mendoza,2650.387,9.238,12.665,0.872,0.66,0.706,0.741,0.42
30031,Veracruz de Ignacio de la Llave,Carrillo Puerto,1684.097,5.27,9.901,0.862,0.451,0.637,0.628,0.3
30032,Veracruz de Ignacio de la Llave,Catemaco,1806.028,6.776,11.566,0.865,0.547,0.648,0.674,0.36
30033,Veracruz de Ignacio de la Llave,Cazones de Herrera,1767.182,6.88,12.383,0.88,0.573,0.644,0.688,0.34
30034,Veracruz de Ignacio de la Llave,Cerro Azul,3087.379,9.352,14.357,0.776,0.711,0.729,0.738,0.38
30035,Veracruz de Ignacio de la Llave,Citlaltépetl,1647.188,6.184,12.378,0.891,0.55,0.634,0.677,0.35
30036,Veracruz de Ignacio de la Llave,Coacoatzintla,1779.275,6.448,11.704,0.836,0.54,0.646,0.663,0.36
30037,Veracruz de Ignacio de la Llave,Coahuitlán,1450.515,4.799,11.404,0.792,0.477,0.615,0.615,0.33
30038,Veracruz de Ignacio de la Llave,Coatepec,3208.947,9.681,13.344,0.895,0.693,0.735,0.77,0.42
30039,Veracruz de Ignacio de la Llave,Coatzacoalcos,3566.601,10.256,14.017,0.888,0.731,0.751,0.787,0.34
30040,Veracruz de Ignacio de la Llave,Coatzintla,3357.803,9.74,13.595,0.891,0.702,0.741,0.774,0.38
30041,Veracruz de Ignacio de la Llave,Coetzala,1679.868,6.158,13.126,0.819,0.57,0.637,0.667,0.33
30042,Veracruz de Ignacio de la Llave,Colipa,1978.706,6.291,11.608,0.858,0.532,0.662,0.671,0.38
30043,Veracruz de Ignacio de la Llave,Comapa,1468.28,4.874,10.137,0.832,0.444,0.616,0.61,0.34
30044,Veracruz de Ignacio de la Llave,Córdoba,3281.069,9.444,12.927,0.897,0.674,0.738,0.764,0.35
30045,Veracruz de Ignacio de la Llave,Cosamaloapan de Carpio,3229.944,8.062,12.239,0.883,0.609,0.736,0.734,0.35
30046,Veracruz de Ignacio de la Llave,Cosautlán de Carvajal,1655.278,5.52,11.405,0.794,0.501,0.635,0.632,0.33
30047,Veracruz de Ignacio de la Llave,Coscomatepec,1536.218,5.193,9.572,0.834,0.439,0.623,0.611,0.41
30048,Veracruz de Ignacio de la Llave,Cosoleacaque,2982.464,9.072,13.58,0.893,0.68,0.724,0.76,0.33
30049,Veracruz de Ignacio de la Llave,Cotaxtla,2351.05,6.135,11.355,0.887,0.52,0.688,0.682,0.32
30050,Veracruz de Ignacio de la Llave,Coxquihui,1424.003,5.665,11.968,0.816,0.521,0.612,0.638,0.36
30051,Veracruz de Ignacio de la Llave,Coyutla,1762.498,5.525,11.495,0.87,0.503,0.644,0.656,0.36
30052,Veracruz de Ignacio de la Llave,Cuichapa,2075.424,7.357,12.474,0.884,0.592,0.669,0.705,0.33
30053,Veracruz de Ignacio de la Llave,Cuitláhuac,2699.41,7.462,11.812,0.888,0.577,0.708,0.713,0.34
30054,Veracruz de Ignacio de la Llave,Chacaltianguis,2361.273,6.253,10.735,0.89,0.507,0.688,0.677,0.32
30055,Veracruz de Ignacio de la Llave,Chalma,2100.933,6.806,13.423,0.866,0.6,0.671,0.704,0.35
30056,Veracruz de Ignacio de la Llave,Chiconamel,1734.557,5.272,13.663,0.863,0.555,0.642,0.675,0.33
30057,Veracruz de Ignacio de la Llave,Chiconquiaco,1136.381,5.083,11.432,0.866,0.487,0.578,0.625,0.35
30058,Veracruz de Ignacio de la Llave,Chicontepec,1867.764,7.169,13.858,0.799,0.624,0.653,0.688,0.35
30059,Veracruz de Ignacio de la Llave,Chinameca,2463.993,7.528,13.234,0.75,0.619,0.695,0.686,0.33
30060,Veracruz de Ignacio de la Llave,Chinampa de Gorostiza,2115.672,7.178,12.627,0.795,0.59,0.672,0.681,0.33
30061,Veracruz de Ignacio de la Llave,Las Choapas,2227.569,7.13,11.115,0.887,0.546,0.679,0.69,0.43
30062,Veracruz de Ignacio de la Llave,Chocamán,1826.202,6.067,10.382,0.851,0.491,0.649,0.647,0.36
30063,Veracruz de Ignacio de la Llave,Chontla,1923.151,6.334,12.839,0.841,0.568,0.657,0.679,0.33
30064,Veracruz de Ignacio de la Llave,Chumatlán,1277.226,6.054,12.338,0.853,0.545,0.595,0.651,0.33
30065,Veracruz de Ignacio de la Llave,Emiliano Zapata,3753.264,10.281,14.154,0.891,0.736,0.758,0.792,0.38
30066,Veracruz de Ignacio de la Llave,Espinal,1859.85,6.913,12.242,0.816,0.57,0.652,0.672,0.36
30067,Veracruz de Ignacio de la Llave,Filomeno Mata,1365.683,4.412,9.991,0.587,0.425,0.606,0.533,0.34
30068,Veracruz de Ignacio de la Llave,Fortín,2992.261,9.701,13.595,0.891,0.701,0.724,0.767,0.38
30069,Veracruz de Ignacio de la Llave,Gutiérrez Zamora,2610.544,8.059,13.347,0.892,0.639,0.703,0.737,0.34
30070,Veracruz de Ignacio de la Llave,Hidalgotitlán,1847.889,6.021,10.854,0.811,0.502,0.651,0.642,0.32
30071,Veracruz de Ignacio de la Llave,Huatusco,2470.615,8.074,12.304,0.881,0.611,0.695,0.721,0.38
30072,Veracruz de Ignacio de la Llave,Huayacocotla,1933.035,6.501,11.642,0.803,0.54,0.658,0.658,0.44
30073,Veracruz de Ignacio de la Llave,Hueyapan de Ocampo,1794.227,6.308,12.029,0.872,0.544,0.647,0.675,0.38
30074,Veracruz de Ignacio de la Llave,Huiloapan de Cuauhtémoc,2484.306,8.577,13.577,0.729,0.663,0.696,0.695,0.34
30075,Veracruz de Ignacio de la Llave,Ignacio de la Llave,2019.862,6.136,11.891,0.875,0.535,0.665,0.678,0.33
30076,Veracruz de Ignacio de la Llave,Ilamatlán,1086.595,3.888,10.669,0.867,0.426,0.571,0.595,0.36
30077,Veracruz de Ignacio de la Llave,Isla,2548.528,6.764,10.097,0.89,0.506,0.7,0.68,0.34
30078,Veracruz de Ignacio de la Llave,Ixcatepec,1858.226,6.608,13.283,0.887,0.589,0.652,0.699,0.34
30079,Veracruz de Ignacio de la Llave,Ixhuacán de los Reyes,1373.398,5.151,10.445,0.869,0.462,0.606,0.624,0.34
30080,Veracruz de Ignacio de la Llave,Ixhuatlán del Café,1646.81,6.496,11.15,0.836,0.526,0.634,0.653,0.33
30081,Veracruz de Ignacio de la Llave,Ixhuatlancillo,2639.131,8.372,12.36,0.815,0.622,0.705,0.71,0.4
30082,Veracruz de Ignacio de la Llave,Ixhuatlán del Sureste,2881.284,7.31,12.246,0.773,0.584,0.718,0.687,0.36
30083,Veracruz de Ignacio de la Llave,Ixhuatlán de Madero,1396.624,5.63,11.529,0.86,0.508,0.609,0.643,0.35
30084,Veracruz de Ignacio de la Llave,Ixmatlahuacan,2337.211,6.011,11.466,0.874,0.519,0.687,0.678,0.3
30085,Veracruz de Ignacio de la Llave,Ixtaczoquitlán,2840.1,8.862,13.448,0.894,0.669,0.716,0.754,0.37
30086,Veracruz de Ignacio de la Llave,Jalacingo,1824.341,6.052,11.156,0.859,0.512,0.649,0.658,0.34
30087,Veracruz de Ignacio de la Llave,Xalapa,4242.712,10.958,14.693,0.907,0.773,0.777,0.817,0.37
30088,Veracruz de Ignacio de la Llave,Jalcomulco,2305.789,6.064,12.422,0.85,0.547,0.685,0.683,0.32
30089,Veracruz de Ignacio de la Llave,Jáltipan,2594.593,8.296,13.617,0.882,0.655,0.702,0.74,0.35
30090,Veracruz de Ignacio de la Llave,Jamapa,2586.312,7.001,11.849,0.883,0.563,0.702,0.704,0.31
30091,Veracruz de Ignacio de la Llave,Jesús Carranza,1952.73,6.023,11.267,0.862,0.514,0.66,0.664,0.34
30092,Veracruz de Ignacio de la Llave,Xico,2233.781,6.94,12.3,0.885,0.573,0.68,0.701,0.39
30093,Veracruz de Ignacio de la Llave,Jilotepec,2315.868,7.849,13.168,0.813,0.627,0.685,0.704,0.34
30094,Veracruz de Ignacio de la Llave,Juan Rodríguez Clara,2287.484,6.323,11.397,0.882,0.527,0.683,0.682,0.32
30095,Veracruz de Ignacio de la Llave,Juchique de Ferrer,1922.851,6.163,12.338,0.869,0.548,0.657,0.679,0.35
30096,Veracruz de Ignacio de la Llave,Landero y Coss,1604.528,6.044,12.507,0.889,0.549,0.63,0.675,0.32
30097,Veracruz de Ignacio de la Llave,Lerdo de Tejada,2917.198,8.063,12.768,0.879,0.623,0.72,0.733,0.34
30098,Veracruz de Ignacio de la Llave,Magdalena,1259.201,6.279,10.984,0.818,0.514,0.593,0.629,0.31
30099,Veracruz de Ignacio de la Llave,Maltrata,1664.797,6.698,11.752,0.853,0.55,0.635,0.668,0.35
30100,Veracruz de Ignacio de la Llave,Manlio Fabio Altamirano,2307.547,6.7,11.392,0.879,0.54,0.685,0.688,0.33
30101,Veracruz de Ignacio de la Llave,Mariano Escobedo,1933.167,7.116,10.408,0.826,0.526,0.658,0.659,0.48
30102,Veracruz de Ignacio de la Llave,Martínez de la Torre,2855.985,8.569,12.418,0.898,0.631,0.717,0.74,0.34
30103,Veracruz de Ignacio de la Llave,Mecatlán,1175.484,4.573,11.051,0.832,0.459,0.583,0.606,0.37
30104,Veracruz de Ignacio de la Llave,Mecayapan,1860.741,5.297,11.876,0.768,0.506,0.652,0.633,0.34
30105,Veracruz de Ignacio de la Llave,Medellín de Bravo,3414.941,9.447,11.983,0.892,0.648,0.744,0.755,0.34
30106,Veracruz de Ignacio de la Llave,Miahuatlán,1541.054,6.215,11.939,0.883,0.539,0.624,0.667,0.33
30107,Veracruz de Ignacio de la Llave,Las Minas,1231.505,4.871,10.734,0.664,0.461,0.59,0.565,0.33
30108,Veracruz de Ignacio de la Llave,Minatitlán,3614.654,9.445,12.629,0.891,0.666,0.753,0.764,0.37
30109,Veracruz de Ignacio de la Llave,Misantla,2759.754,8.794,13.312,0.877,0.663,0.712,0.745,0.37
30110,Veracruz de Ignacio de la Llave,Mixtla de Altamirano,1088.062,2.807,9.421,0.828,0.355,0.571,0.552,0.29
30111,Veracruz de Ignacio de la Llave,Moloacán,2513.37,7.53,12.796,0.859,0.606,0.698,0.714,0.36
30112,Veracruz de Ignacio de la Llave,Naolinco,2165.216,7.174,12.455,0.862,0.585,0.675,0.698,0.37
30113,Veracruz de Ignacio de la Llave,Naranjal,1707.684,6.627,12.488,0.868,0.568,0.639,0.68,0.32
30114,Veracruz de Ignacio de la Llave,Nautla,2810.454,7.468,12.304,0.875,0.591,0.715,0.718,0.34
30115,Veracruz de Ignacio de la Llave,Nogales,2175.745,8.539,12.317,0.888,0.627,0.676,0.722,0.4
30116,Veracruz de Ignacio de la Llave,Oluta,2392.859,7.786,12.915,0.873,0.618,0.69,0.719,0.34
30117,Veracruz de Ignacio de la Llave,Omealca,2002.601,6.646,11.632,0.891,0.545,0.663,0.685,0.33
30118,Veracruz de Ignacio de la Llave,Orizaba,4182.438,11.377,14.906,0.899,0.793,0.775,0.821,0.34
30119,Veracruz de Ignacio de la Llave,Otatitlán,2493.708,7.261,12.41,0.887,0.587,0.697,0.713,0.31
30120,Veracruz de Ignacio de la Llave,Oteapan,2336.757,7.397,12.877,0.757,0.604,0.687,0.68,0.32
30121,Veracruz de Ignacio de la Llave,Ozuluama de Mascareñas,2746.905,6.728,12.362,0.869,0.568,0.711,0.705,0.3
30122,Veracruz de Ignacio de la Llave,Pajapan,1703.987,4.87,10.807,0.632,0.463,0.639,0.572,0.33
30123,Veracruz de Ignacio de la Llave,Pánuco,2888.778,8.074,12.992,0.857,0.63,0.719,0.729,0.34
30124,Veracruz de Ignacio de la Llave,Papantla,2253.879,7.64,12.523,0.859,0.603,0.681,0.706,0.38
30125,Veracruz de Ignacio de la Llave,Paso del Macho,2293.787,6.834,11.709,0.877,0.553,0.684,0.692,0.33
30126,Veracruz de Ignacio de la Llave,Paso de Ovejas,2612.303,7.501,11.536,0.887,0.57,0.704,0.709,0.34
30127,Veracruz de Ignacio de la Llave,La Perla,996.601,3.79,8.11,0.781,0.352,0.558,0.535,0.39
30128,Veracruz de Ignacio de la Llave,Perote,2264.484,7.76,12.115,0.823,0.595,0.682,0.694,0.36
30129,Veracruz de Ignacio de la Llave,Platón Sánchez,2409.907,6.384,12.449,0.729,0.559,0.691,0.655,0.41
30130,Veracruz de Ignacio de la Llave,Playa Vicente,2019.201,5.792,11.305,0.887,0.507,0.665,0.669,0.33
30131,Veracruz de Ignacio de la Llave,Poza Rica de Hidalgo,3405.756,10.298,14.102,0.89,0.735,0.744,0.786,0.37
30132,Veracruz de Ignacio de la Llave,Las Vigas de Ramírez,1655.279,6.921,12.089,0.808,0.567,0.635,0.662,0.39
30133,Veracruz de Ignacio de la Llave,Pueblo Viejo,2827.633,8.201,12.873,0.858,0.631,0.715,0.729,0.33
30134,Veracruz de Ignacio de la Llave,Puente Nacional,2441.702,7.337,12.407,0.884,0.589,0.693,0.712,0.35
30135,Veracruz de Ignacio de la Llave,Rafael Delgado,2032.733,7.13,11.962,0.832,0.57,0.666,0.681,0.36
30136,Veracruz de Ignacio de la Llave,Rafael Lucio,2309.649,7.808,12.27,0.886,0.601,0.685,0.715,0.32
30137,Veracruz de Ignacio de la Llave,Los Reyes,1052.095,5.298,11.047,0.639,0.483,0.566,0.559,0.31
30138,Veracruz de Ignacio de la Llave,Río Blanco,3372.922,10.656,14.447,0.883,0.757,0.742,0.791,0.35
30139,Veracruz de Ignacio de la Llave,Saltabarranca,2599.797,6.541,11.266,0.881,0.531,0.703,0.69,0.32
30140,Veracruz de Ignacio de la Llave,San Andrés Tenejapan,1313.913,5.69,10.792,0.889,0.489,0.6,0.639,0.32
30141,Veracruz de Ignacio de la Llave,San Andrés Tuxtla,1863.728,6.356,11.456,0.879,0.53,0.653,0.673,0.36
30142,Veracruz de Ignacio de la Llave,San Juan Evangelista,2051.456,6.348,11.402,0.884,0.528,0.667,0.678,0.31
30143,Veracruz de Ignacio de la Llave,Santiago Tuxtla,1852.331,5.569,9.882,0.876,0.46,0.652,0.641,0.34
30144,Veracruz de Ignacio de la Llave,Sayula de Alemán,1873.073,6.654,11.837,0.891,0.551,0.653,0.684,0.33
30145,Veracruz de Ignacio de la Llave,Soconusco,2498.015,8.286,12.301,0.883,0.618,0.697,0.724,0.36
30146,Veracruz de Ignacio de la Llave,Sochiapa,1592.563,5.968,10.515,0.872,0.491,0.629,0.646,0.31
30147,Veracruz de Ignacio de la Llave,Soledad Atzompa,1011.023,4.223,9.559,0.81,0.406,0.56,0.569,0.35
30148,Veracruz de Ignacio de la Llave,Soledad de Doblado,2227.359,6.723,11.017,0.892,0.53,0.679,0.685,0.34
30149,Veracruz de Ignacio de la Llave,Soteapan,1569.079,4.267,11.064,0.775,0.45,0.627,0.602,0.36
30150,Veracruz de Ignacio de la Llave,Tamalín,2169.735,6.697,12.136,0.887,0.56,0.675,0.695,0.33
30151,Veracruz de Ignacio de la Llave,Tamiahua,2275.373,6.651,13.231,0.655,0.589,0.683,0.641,0.32
30152,Veracruz de Ignacio de la Llave,Tampico Alto,2491.375,6.739,12.205,0.771,0.564,0.696,0.671,0.33
30153,Veracruz de Ignacio de la Llave,Tancoco,2101.811,6.565,13.753,0.867,0.601,0.671,0.704,0.34
30154,Veracruz de Ignacio de la Llave,Tantima,1752.412,5.631,12.505,0.864,0.535,0.643,0.667,0.31
30155,Veracruz de Ignacio de la Llave,Tantoyuca,1910.056,7.406,13.609,0.832,0.625,0.656,0.699,0.42
30156,Veracruz de Ignacio de la Llave,Tatatila,1183.293,5.129,10.382,0.712,0.459,0.584,0.576,0.36
30157,Veracruz de Ignacio de la Llave,Castillo de Teayo,2134.177,6.897,11.989,0.87,0.563,0.673,0.691,0.34
30158,Veracruz de Ignacio de la Llave,Tecolutla,2100.124,6.552,11.659,0.845,0.542,0.671,0.675,0.31
30159,Veracruz de Ignacio de la Llave,Tehuipango,920.283,3.312,10.3,0.671,0.397,0.546,0.526,0.36
30160,Veracruz de Ignacio de la Llave,Álamo Temapache,2458.546,8.097,12.865,0.844,0.627,0.694,0.716,0.36
30161,Veracruz de Ignacio de la Llave,Tempoal,2170.532,6.559,11.835,0.857,0.547,0.676,0.682,0.37
30162,Veracruz de Ignacio de la Llave,Tenampa,1497,5.465,9.712,0.879,0.452,0.619,0.627,0.3
30163,Veracruz de Ignacio de la Llave,Tenochtitlán,1437.875,5.539,11.195,0.878,0.496,0.613,0.644,0.33
30164,Veracruz de Ignacio de la Llave,Teocelo,2103.621,7.076,12.189,0.877,0.574,0.671,0.697,0.37
30165,Veracruz de Ignacio de la Llave,Tepatlaxco,1638.223,5.925,10.279,0.861,0.483,0.633,0.641,0.32
30166,Veracruz de Ignacio de la Llave,Tepetlán,1773.732,5.403,11.674,0.89,0.504,0.645,0.662,0.32
30167,Veracruz de Ignacio de la Llave,Tepetzintla,1824.46,6.999,12.206,0.874,0.572,0.649,0.687,0.36
30168,Veracruz de Ignacio de la Llave,Tequila,1402.093,5.322,10.714,0.746,0.475,0.61,0.6,0.41
30169,Veracruz de Ignacio de la Llave,José Azueta,2382.583,6.205,10.281,0.858,0.492,0.69,0.663,0.31
30170,Veracruz de Ignacio de la Llave,Texcatepec,1040.556,4.014,9.914,0.866,0.409,0.564,0.585,0.35
30171,Veracruz de Ignacio de la Llave,Texhuacán,1298.482,6.045,11.288,0.741,0.515,0.598,0.611,0.36
30172,Veracruz de Ignacio de la Llave,Texistepec,1877.349,6.388,12.036,0.874,0.547,0.654,0.679,0.33
30173,Veracruz de Ignacio de la Llave,Tezonapa,1847.351,6.442,11.673,0.824,0.539,0.651,0.661,0.36
30174,Veracruz de Ignacio de la Llave,Tierra Blanca,2878.709,8.114,11.796,0.887,0.598,0.718,0.725,0.36
30175,Veracruz de Ignacio de la Llave,Tihuatlán,2241.413,7.942,12.711,0.878,0.618,0.68,0.717,0.35
30176,Veracruz de Ignacio de la Llave,Tlacojalpan,2215.322,6.802,11.603,0.856,0.549,0.679,0.683,0.31
30177,Veracruz de Ignacio de la Llave,Tlacolulan,1452.616,5.817,10.882,0.88,0.496,0.615,0.645,0.34
30178,Veracruz de Ignacio de la Llave,Tlacotalpan,2569.983,7.313,12.135,0.881,0.581,0.701,0.71,0.35
30179,Veracruz de Ignacio de la Llave,Tlacotepec de Mejía,1968.949,6.552,11.061,0.882,0.526,0.661,0.674,0.32
30180,Veracruz de Ignacio de la Llave,Tlachichilco,1353.639,4.859,10.862,0.87,0.464,0.604,0.624,0.32
30181,Veracruz de Ignacio de la Llave,Tlalixcoyan,2558.853,6.681,11.424,0.89,0.54,0.7,0.696,0.31
30182,Veracruz de Ignacio de la Llave,Tlalnelhuayocan,2084.479,7.362,13.234,0.818,0.613,0.669,0.695,0.37
30183,Veracruz de Ignacio de la Llave,Tlapacoyan,2476.367,7.273,10.978,0.887,0.547,0.695,0.696,0.33
30184,Veracruz de Ignacio de la Llave,Tlaquilpa,1056.468,4.306,10.806,0.558,0.444,0.567,0.52,0.32
30185,Veracruz de Ignacio de la Llave,Tlilapan,2029.672,7.263,12.356,0.726,0.585,0.665,0.656,0.39
30186,Veracruz de Ignacio de la Llave,Tomatlán,2248.297,7.347,11.74,0.891,0.571,0.681,0.702,0.32
30187,Veracruz de Ignacio de la Llave,Tonayán,1103.514,5.403,10.857,0.771,0.482,0.573,0.597,0.33
30188,Veracruz de Ignacio de la Llave,Totutla,1540.259,5.578,10.678,0.861,0.483,0.624,0.638,0.34
30189,Veracruz de Ignacio de la Llave,Tuxpan,3354.005,9.327,13.347,0.895,0.682,0.741,0.767,0.35
30190,Veracruz de Ignacio de la Llave,Tuxtilla,2417.602,7.058,13.105,0.813,0.599,0.692,0.696,0.32
30191,Veracruz de Ignacio de la Llave,Ursulo Galván,2979.458,8.489,13.511,0.875,0.658,0.723,0.747,0.32
30192,Veracruz de Ignacio de la Llave,Vega de Alatorre,2616.574,7.398,12.58,0.884,0.596,0.704,0.719,0.33
30193,Veracruz de Ignacio de la Llave,Veracruz,3545.723,10.112,13.58,0.898,0.714,0.75,0.783,0.35
30194,Veracruz de Ignacio de la Llave,Villa Aldama,1617.474,6.178,10.949,0.667,0.51,0.631,0.599,0.34
30195,Veracruz de Ignacio de la Llave,Xoxocotla,1387.006,5.133,11.123,0.766,0.48,0.608,0.607,0.35
30196,Veracruz de Ignacio de la Llave,Yanga,2697.193,7.342,12.417,0.889,0.59,0.708,0.719,0.33
30197,Veracruz de Ignacio de la Llave,Yecuatla,1829.782,5.934,12.366,0.88,0.541,0.65,0.677,0.33
30198,Veracruz de Ignacio de la Llave,Zacualpan,1508.254,5.014,11.294,0.792,0.481,0.621,0.618,0.35
30199,Veracruz de Ignacio de la Llave,Zaragoza,2018.847,6.723,11.905,0.811,0.555,0.665,0.669,0.33
30200,Veracruz de Ignacio de la Llave,Zentla,1970.382,6.272,10.323,0.884,0.496,0.661,0.662,0.31
30201,Veracruz de Ignacio de la Llave,Zongolica,1458.431,5.827,11.271,0.866,0.507,0.615,0.647,0.43
30202,Veracruz de Ignacio de la Llave,Zontecomatlán de López y Fuentes,1153.711,4.498,11.42,0.801,0.467,0.58,0.601,0.33
30203,Veracruz de Ignacio de la Llave,Zozocolco de Hidalgo,1396.464,5.475,11.955,0.819,0.515,0.609,0.635,0.37
30204,Veracruz de Ignacio de la Llave,Agua Dulce,3198.631,9.097,13.504,0.89,0.678,0.734,0.762,0.36
30205,Veracruz de Ignacio de la Llave,El Higo,2607.118,7.953,13.195,0.88,0.632,0.703,0.731,0.34
30206,Veracruz de Ignacio de la Llave,Nanchital de Lázaro Cárdenas del Río,3351.773,9.431,14.152,0.892,0.707,0.741,0.776,0.34
30207,Veracruz de Ignacio de la Llave,Tres Valles,2515.694,7.16,11.48,0.888,0.558,0.698,0.702,0.33
30208,Veracruz de Ignacio de la Llave,Carlos A. Carrillo,3213.966,7.521,12.079,0.886,0.586,0.735,0.725,0.3
30209,Veracruz de Ignacio de la Llave,Tatahuicapan de Juárez,1674.496,5.596,11.233,0.734,0.499,0.636,0.615,0.36
30210,Veracruz de Ignacio de la Llave,Uxpanapa,1560.909,5.853,11.206,0.862,0.506,0.626,0.649,0.35
30211,Veracruz de Ignacio de la Llave,San Rafael,2570.447,7.649,11.716,0.889,0.58,0.701,0.712,0.31
30212,Veracruz de Ignacio de la Llave,Santiago Sochiapan,1445.8,4.595,10.456,0.862,0.444,0.614,0.617,0.32
31001,Yucatán,Abalá,2381.241,6.064,11.542,0.799,0.523,0.69,0.66,0.28
31002,Yucatán,Acanceh,2923.916,7.979,13.272,0.863,0.635,0.721,0.734,0.32
31003,Yucatán,Akil,1960.214,6.75,11.063,0.8,0.532,0.66,0.655,0.35
31004,Yucatán,Baca,3456.068,8.103,13.695,0.858,0.651,0.746,0.747,0.3
31005,Yucatán,Bokobá,2491.843,6.812,13.245,0.852,0.595,0.696,0.707,0.28
31006,Yucatán,Buctzotz,2187.555,6.465,12.451,0.795,0.561,0.677,0.671,0.33
31007,Yucatán,Cacalchén,3003.66,7.248,12.138,0.843,0.579,0.725,0.707,0.3
31008,Yucatán,Calotmul,1644.357,6.006,12.283,0.887,0.541,0.634,0.673,0.34
31009,Yucatán,Cansahcab,3220.179,7.624,13.939,0.89,0.641,0.735,0.749,0.34
31010,Yucatán,Cantamayec,1488.908,5.451,10.748,0.782,0.48,0.619,0.615,0.32
31011,Yucatán,Celestún,2093.435,6.433,10.705,0.793,0.512,0.67,0.648,0.32
31012,Yucatán,Cenotillo,1820.044,6.43,12.641,0.775,0.565,0.649,0.658,0.33
31013,Yucatán,Conkal,4711.621,10.642,14.106,0.89,0.747,0.793,0.808,0.38
31014,Yucatán,Cuncunul,1456.346,6.984,12.95,0.783,0.593,0.615,0.658,0.34
31015,Yucatán,Cuzamá,2528.971,6.362,11.395,0.761,0.529,0.699,0.655,0.28
31016,Yucatán,Chacsinkín,1288.962,5.638,11.342,0.694,0.503,0.597,0.593,0.35
31017,Yucatán,Chankom,1233.686,5.68,11.993,0.687,0.522,0.59,0.596,0.35
31018,Yucatán,Chapab,2080.926,6.998,13.009,0.888,0.595,0.669,0.707,0.32
31019,Yucatán,Chemax,1321.874,5.013,10.58,0.692,0.461,0.601,0.577,0.36
31020,Yucatán,Chicxulub Pueblo,3229.01,8.729,13.609,0.885,0.669,0.736,0.758,0.34
31021,Yucatán,Chichimilá,1513.404,6.405,12.249,0.678,0.554,0.621,0.616,0.41
31022,Yucatán,Chikindzonot,974.361,5.611,11.719,0.68,0.513,0.555,0.578,0.36
31023,Yucatán,Chocholá,3004.524,8.014,13.729,0.813,0.648,0.725,0.726,0.3
31024,Yucatán,Chumayel,1930.72,5.58,12.141,0.613,0.523,0.658,0.595,0.31
31025,Yucatán,Dzán,2294.36,7.312,12.894,0.833,0.602,0.684,0.7,0.32
31026,Yucatán,Dzemul,3509.616,7.673,13.779,0.892,0.639,0.748,0.752,0.31
31027,Yucatán,Dzidzantún,3159.719,9.028,14.121,0.884,0.693,0.732,0.765,0.36
31028,Yucatán,Dzilam de Bravo,2441.45,8.071,12.621,0.892,0.62,0.693,0.726,0.33
31029,Yucatán,Dzilam González,2327.748,7.141,12.013,0.824,0.572,0.686,0.686,0.35
31030,Yucatán,Dzitás,2168.978,5.88,11.451,0.848,0.514,0.675,0.665,0.32
31031,Yucatán,Dzoncauich,1823.508,6.057,13.139,0.774,0.567,0.649,0.658,0.32
31032,Yucatán,Espita,1591.317,6,11.645,0.697,0.523,0.629,0.612,0.35
31033,Yucatán,Halachó,2325.099,6.944,12.444,0.767,0.577,0.686,0.672,0.33
31034,Yucatán,Hocabá,2425.583,6.333,11.965,0.684,0.543,0.692,0.636,0.29
31035,Yucatán,Hoctún,2363.861,5.931,11.865,0.891,0.527,0.688,0.686,0.34
31036,Yucatán,Homún,2342.418,6.531,11.895,0.89,0.548,0.687,0.695,0.3
31037,Yucatán,Huhí,2205.15,6.146,11.679,0.758,0.529,0.678,0.648,0.29
31038,Yucatán,Hunucmá,2640.558,7.59,12.78,0.836,0.608,0.705,0.71,0.34
31039,Yucatán,Ixil,2799.463,7.699,13.255,0.892,0.625,0.714,0.735,0.3
31040,Yucatán,Izamal,2596.175,7.391,12.517,0.878,0.594,0.703,0.716,0.32
31041,Yucatán,Kanasín,3230.664,8.867,12.204,0.849,0.635,0.736,0.735,0.32
31042,Yucatán,Kantunil,1825.177,6.177,11.513,0.759,0.526,0.649,0.637,0.33
31043,Yucatán,Kaua,1840.966,6.287,11.917,0.886,0.541,0.651,0.678,0.32
31044,Yucatán,Kinchil,2550.2,6.69,12.343,0.873,0.566,0.7,0.702,0.29
31045,Yucatán,Kopomá,2419.316,7.598,12.874,0.82,0.611,0.692,0.703,0.28
31046,Yucatán,Mama,2143.891,5.954,12.645,0.889,0.55,0.674,0.691,0.31
31047,Yucatán,Maní,2150.523,6.311,12.852,0.886,0.567,0.674,0.697,0.33
31048,Yucatán,Maxcanú,2689.902,7.043,11.762,0.836,0.561,0.708,0.693,0.33
31049,Yucatán,Mayapán,1640.682,5.029,10.221,0.553,0.452,0.633,0.541,0.31
31050,Yucatán,Mérida,5001.541,11.152,14.47,0.896,0.774,0.802,0.822,0.35
31051,Yucatán,Mocochá,2999.234,7.724,13.237,0.892,0.625,0.724,0.739,0.3
31052,Yucatán,Motul,3011.117,8.211,12.973,0.874,0.634,0.725,0.738,0.33
31053,Yucatán,Muna,2572.349,7.642,12.424,0.891,0.6,0.701,0.721,0.34
31054,Yucatán,Muxupip,3421.688,7.246,13.395,0.892,0.614,0.744,0.741,0.29
31055,Yucatán,Opichén,2127.51,6.559,12.103,0.805,0.555,0.673,0.67,0.29
31056,Yucatán,Oxkutzcab,2161.846,6.515,11.958,0.84,0.549,0.675,0.678,0.39
31057,Yucatán,Panabá,2143.199,6.457,12.616,0.784,0.566,0.674,0.669,0.34
31058,Yucatán,Peto,1785.235,6.684,12.322,0.747,0.565,0.646,0.649,0.39
31059,Yucatán,Progreso,3999.468,8.883,12.971,0.896,0.656,0.768,0.767,0.33
31060,Yucatán,Quintana Roo,1598.466,6.772,13.132,0.82,0.591,0.629,0.673,0.35
31061,Yucatán,Río Lagartos,3096.007,7.241,11.974,0.751,0.574,0.729,0.68,0.3
31062,Yucatán,Sacalum,2523.036,6.791,12.5,0.795,0.574,0.698,0.683,0.33
31063,Yucatán,Samahil,2762.238,7.196,12.28,0.858,0.581,0.712,0.708,0.3
31064,Yucatán,Sanahcat,2111.516,7.146,13.34,0.892,0.609,0.671,0.714,0.3
31065,Yucatán,San Felipe,2826.025,7.522,13.187,0.852,0.617,0.715,0.722,0.31
31066,Yucatán,Santa Elena,2215.893,6.501,12.605,0.888,0.567,0.679,0.699,0.32
31067,Yucatán,Seyé,2657.491,6.757,11.924,0.891,0.556,0.706,0.705,0.3
31068,Yucatán,Sinanché,2594.853,7.338,13.042,0.891,0.607,0.703,0.724,0.31
31069,Yucatán,Sotuta,1818.204,6.046,11.967,0.805,0.534,0.649,0.654,0.34
31070,Yucatán,Sucilá,2271.475,7.618,13.055,0.848,0.617,0.682,0.709,0.33
31071,Yucatán,Sudzal,1903.05,6.583,11.683,0.851,0.544,0.656,0.672,0.33
31072,Yucatán,Suma,2317.949,7.613,13.08,0.892,0.617,0.685,0.722,0.3
31073,Yucatán,Tahdziú,1089.905,5.432,9.629,0.668,0.449,0.571,0.555,0.36
31074,Yucatán,Tahmek,2867.691,7.278,13.398,0.892,0.615,0.718,0.733,0.29
31075,Yucatán,Teabo,1875.184,6.036,11.797,0.689,0.529,0.653,0.62,0.32
31076,Yucatán,Tecoh,2593.043,6.183,11.538,0.849,0.527,0.702,0.68,0.3
31077,Yucatán,Tekal de Venegas,2046.98,6.079,11.604,0.889,0.525,0.667,0.678,0.31
31078,Yucatán,Tekantó,2695.362,6.827,12.437,0.892,0.573,0.708,0.712,0.32
31079,Yucatán,Tekax,2132.805,7.075,12.026,0.846,0.57,0.673,0.687,0.39
31080,Yucatán,Tekit,2204.966,5.363,11.524,0.878,0.499,0.678,0.667,0.3
31081,Yucatán,Tekom,1605.947,6.075,13.164,0.773,0.568,0.63,0.652,0.33
31082,Yucatán,Telchac Pueblo,3084.936,8.368,13.833,0.892,0.663,0.729,0.756,0.36
31083,Yucatán,Telchac Puerto,2687.67,7.36,13.099,0.857,0.609,0.708,0.718,0.33
31084,Yucatán,Temax,2289.352,6.494,12.875,0.882,0.574,0.684,0.702,0.32
31085,Yucatán,Temozón,1985.958,6.103,11.732,0.679,0.529,0.662,0.62,0.34
31086,Yucatán,Tepakán,2143.486,6.162,12.774,0.889,0.56,0.674,0.695,0.32
31087,Yucatán,Tetiz,2623.361,5.699,11.668,0.653,0.514,0.704,0.618,0.28
31088,Yucatán,Teya,1904.35,6.596,11.799,0.815,0.548,0.656,0.664,0.32
31089,Yucatán,Ticul,2525.954,8.393,13.182,0.865,0.646,0.698,0.731,0.37
31090,Yucatán,Timucuy,2172.578,5.698,11.663,0.789,0.514,0.676,0.65,0.3
31091,Yucatán,Tinum,1563.653,6.753,11.954,0.789,0.557,0.626,0.651,0.36
31092,Yucatán,Tixcacalcupul,1259.378,5.858,11.545,0.776,0.516,0.593,0.619,0.34
31093,Yucatán,Tixkokob,3423.304,8.983,14.719,0.887,0.708,0.744,0.776,0.33
31094,Yucatán,Tixmehuac,1356.543,6.136,11.273,0.694,0.518,0.605,0.601,0.37
31095,Yucatán,Tixpéhual,3414.334,8.198,13.414,0.892,0.646,0.744,0.754,0.31
31096,Yucatán,Tizimín,2321.685,7.331,12.314,0.803,0.586,0.686,0.686,0.4
31097,Yucatán,Tunkás,1842.233,6.368,12.246,0.848,0.552,0.651,0.673,0.35
31098,Yucatán,Tzucacab,1778.186,6.459,12.068,0.814,0.551,0.645,0.661,0.36
31099,Yucatán,Uayma,1667.816,5.673,11.786,0.693,0.516,0.636,0.611,0.33
31100,Yucatán,Ucú,3464.461,7.29,12.396,0.892,0.587,0.746,0.731,0.31
31101,Yucatán,Umán,3164.204,8.703,12.522,0.869,0.638,0.732,0.74,0.31
31102,Yucatán,Valladolid,2853.837,8.756,13.544,0.825,0.668,0.717,0.734,0.41
31103,Yucatán,Xocchel,2415.243,6.627,12.081,0.891,0.556,0.692,0.7,0.3
31104,Yucatán,Yaxcabá,1364.611,5.907,11.022,0.578,0.503,0.605,0.56,0.36
31105,Yucatán,Yaxkukul,3181.402,8.603,14.052,0.892,0.677,0.733,0.762,0.3
31106,Yucatán,Yobaín,2673.69,7.869,14.392,0.735,0.662,0.707,0.701,0.32
32001,Zacatecas,Apozol,2948.216,6.636,12.176,0.791,0.559,0.722,0.684,0.31
32002,Zacatecas,Apulco,2277.14,6.62,11.212,0.828,0.532,0.683,0.67,0.31
32003,Zacatecas,Atolinga,2355.974,6.873,13.317,0.85,0.599,0.688,0.705,0.32
32004,Zacatecas,Benito Juárez,2409.968,7.01,12.103,0.808,0.57,0.691,0.683,0.31
32005,Zacatecas,Calera,3624.807,8.535,11.659,0.854,0.608,0.753,0.731,0.31
32006,Zacatecas,Cañitas de Felipe Pescador,2495.417,7.878,12.453,0.824,0.609,0.697,0.705,0.31
32007,Zacatecas,Concepción del Oro,3882.341,8.518,11.85,0.853,0.613,0.763,0.736,0.35
32008,Zacatecas,Cuauhtémoc,2291.496,7.599,11.668,0.818,0.577,0.684,0.686,0.36
32009,Zacatecas,Chalchihuites,2418.294,7.729,12.001,0.843,0.591,0.692,0.701,0.35
32010,Zacatecas,Fresnillo,3410.283,8.633,12.03,0.826,0.622,0.744,0.726,0.35
32011,Zacatecas,Trinidad García de la Cadena,3097.615,7.014,11.295,0.849,0.548,0.729,0.697,0.29
32012,Zacatecas,Genaro Codina,1770.085,7.223,11.822,0.596,0.569,0.645,0.602,0.31
32013,Zacatecas,General Enrique Estrada,2824.708,7.871,12.044,0.822,0.597,0.715,0.705,0.3
32014,Zacatecas,General Francisco R. Murguía,2536.191,7.316,11.586,0.774,0.566,0.699,0.674,0.35
32015,Zacatecas,El Plateado de Joaquín Amaro,2451.06,6.14,11.725,0.819,0.53,0.694,0.67,0.31
32016,Zacatecas,General Pánfilo Natera,2141.82,6.701,11.714,0.835,0.549,0.674,0.676,0.32
32017,Zacatecas,Guadalupe,4785.03,11.064,14.282,0.891,0.766,0.795,0.815,0.32
32018,Zacatecas,Huanusco,2463.988,6.805,11.463,0.845,0.545,0.695,0.684,0.32
32019,Zacatecas,Jalpa,3338.099,8.003,12.135,0.829,0.604,0.741,0.718,0.34
32020,Zacatecas,Jerez,3442.586,8.578,13.225,0.847,0.653,0.745,0.744,0.34
32021,Zacatecas,Jiménez del Teul,1904.017,7.187,11.024,0.754,0.546,0.656,0.646,0.38
32022,Zacatecas,Juan Aldama,2890.816,8.327,12.5,0.782,0.625,0.719,0.706,0.36
32023,Zacatecas,Juchipila,3553.035,8.277,13.401,0.857,0.648,0.75,0.747,0.34
32024,Zacatecas,Loreto,2955.114,8.667,12.193,0.848,0.628,0.722,0.727,0.39
32025,Zacatecas,Luis Moya,2700.328,8.013,12.063,0.853,0.602,0.709,0.714,0.34
32026,Zacatecas,Mazapil,2562.526,6.394,10.287,0.755,0.499,0.701,0.642,0.32
32027,Zacatecas,Melchor Ocampo,1996.536,6.979,11.09,0.817,0.541,0.663,0.664,0.33
32028,Zacatecas,Mezquital del Oro,2213.544,6.301,9.007,0.852,0.46,0.678,0.643,0.32
32029,Zacatecas,Miguel Auza,2473.633,7.355,10.86,0.821,0.547,0.695,0.678,0.33
32030,Zacatecas,Momax,2477.7,7.062,12.726,0.745,0.589,0.696,0.673,0.31
32031,Zacatecas,Monte Escobedo,3000.992,7.206,11.822,0.838,0.569,0.724,0.701,0.3
32032,Zacatecas,Morelos,3962.236,9.047,13.507,0.84,0.677,0.766,0.758,0.29
32033,Zacatecas,Moyahua de Estrada,2689.462,6.858,13.625,0.849,0.607,0.708,0.715,0.34
32034,Zacatecas,Nochistlán de Mejía,3436.405,7.947,13.01,0.844,0.626,0.745,0.733,0.32
32035,Zacatecas,Noria de Ángeles,2124.606,7.264,12.129,0.756,0.579,0.672,0.665,0.33
32036,Zacatecas,Ojocaliente,2671.553,7.848,11.457,0.823,0.58,0.707,0.696,0.39
32037,Zacatecas,Pánuco,2393.122,7.063,10.434,0.81,0.525,0.69,0.665,0.3
32038,Zacatecas,Pinos,2060.095,7.494,11.563,0.814,0.571,0.668,0.677,0.37
32039,Zacatecas,Río Grande,3073.075,8.569,13.094,0.875,0.649,0.728,0.745,0.36
32040,Zacatecas,Sain Alto,2074.898,7.676,11.824,0.779,0.584,0.669,0.673,0.32
32041,Zacatecas,El Salvador,2098.969,6.256,11.357,0.675,0.524,0.67,0.619,0.31
32042,Zacatecas,Sombrerete,3265.115,8.327,12.597,0.83,0.627,0.737,0.727,0.33
32043,Zacatecas,Susticacán,2233.962,6.626,13.67,0.83,0.601,0.68,0.697,0.33
32044,Zacatecas,Tabasco,2577.122,7.374,12.03,0.776,0.58,0.701,0.681,0.34
32045,Zacatecas,Tepechitlán,2739.465,7.523,12.472,0.834,0.597,0.711,0.708,0.32
32046,Zacatecas,Tepetongo,2300.618,6.116,12.129,0.754,0.541,0.684,0.653,0.3
32047,Zacatecas,Teúl de González Ortega,3647.605,8.039,12.627,0.782,0.619,0.754,0.714,0.31
32048,Zacatecas,Tlaltenango de Sánchez Román,3753.713,8.609,12.647,0.816,0.638,0.758,0.734,0.33
32049,Zacatecas,Valparaíso,3022.653,7.723,12.821,0.832,0.614,0.726,0.718,0.35
32050,Zacatecas,Vetagrande,2486.653,7.933,12.366,0.854,0.608,0.696,0.712,0.32
32051,Zacatecas,Villa de Cos,2126.398,7.014,11.027,0.83,0.54,0.672,0.67,0.35
32052,Zacatecas,Villa García,3065.694,8.589,12.708,0.824,0.639,0.728,0.727,0.33
32053,Zacatecas,Villa González Ortega,2302.04,7.269,12.089,0.846,0.578,0.684,0.694,0.35
32054,Zacatecas,Villa Hidalgo,1769.28,7.175,10.874,0.808,0.541,0.645,0.656,0.35
32055,Zacatecas,Villanueva,2709.767,7.643,12.473,0.852,0.601,0.709,0.713,0.33
32056,Zacatecas,Zacatecas,4733.52,11.525,14.895,0.889,0.798,0.793,0.825,0.35
32057,Zacatecas,Trancoso,2342.341,8.078,11.4,0.825,0.586,0.687,0.692,0.37
32058,Zacatecas,Santa María de la Paz,2347.31,7.314,13.064,0.868,0.607,0.687,0.713,0.33
23010,Quintana Roo,Bacalar,2237.267,7.397,11.92,ND,0.578,0.68,ND,0.48
20601,Oaxaca,Oaxaca-Región Valles Centrales,4291.311,10.488,13.999,0.867,0.738,0.776,0.792,0.37
20602,Oaxaca,Oaxaca-Región Papaloapam,1189.124,4.875,10.247,0.643,0.447,0.583,0.551,0.37
20603,Oaxaca,Oaxaca-Región Mixteca,1370.657,6.439,11.585,0.828,0.536,0.602,0.644,0.37
20604,Oaxaca,Oaxaca-Región Cañada,1362.622,5.369,11.272,0.607,0.492,0.591,0.561,0.37
20605,Oaxaca,Oaxaca-Región Valles Centrales,1927.907,5.416,10.64,0.831,0.476,0.651,0.636,0.37
20606,Oaxaca,Oaxaca-Región Valles Centrales,3163.585,9.077,13.198,0.845,0.669,0.712,0.738,0.37
20607,Oaxaca,Oaxaca-Región Mixteca,2585.405,7.483,11.93,0.77,0.581,0.687,0.675,0.37
20608,Oaxaca,Oaxaca-Región Sierra Norte,1614.835,6.931,12.587,0.73,0.581,0.625,0.642,0.37
20609,Oaxaca,Oaxaca-Región Costa,2152.664,6.55,11.612,0.826,0.541,0.664,0.667,0.37
20610,Oaxaca,Oaxaca-Región Itsmo,3152.032,7.489,12.743,0.833,0.604,0.725,0.714,0.37
20611,Oaxaca,Oaxaca-Región Costa,2058.264,5.896,10.892,0.809,0.499,0.663,0.644,0.37
20612,Oaxaca,Oaxaca-Región Mixteca,1357.924,4.756,10.562,0.774,0.452,0.589,0.591,0.37
20613,Oaxaca,Oaxaca-Región Sierra Sur,1734.477,5.959,11.304,0.732,0.513,0.631,0.618,0.37
20614,Oaxaca,Oaxaca-Región Sierra Norte,1373.754,5.342,11.027,0.648,0.484,0.603,0.574,0.37
20615,Oaxaca,Oaxaca-Región Mixteca,1538.51,6.892,12.461,0.715,0.576,0.614,0.633,0.37
20616,Oaxaca,Oaxaca-Región Valles Centrales,2383.583,6.829,11.825,0.764,0.556,0.68,0.661,0.37
20617,Oaxaca,Oaxaca-Región Costa,2532.184,6.71,11.094,0.816,0.532,0.685,0.668,0.37
20618,Oaxaca,Oaxaca-Región Sierra Sur,1547.425,6.378,11.815,0.772,0.541,0.622,0.638,0.37
20619,Oaxaca,Oaxaca-Región Mixteca,1537.57,4.751,10.766,0.829,0.457,0.62,0.617,0.37
20620,Oaxaca,Oaxaca-Región Sierra Sur,1003.141,4.941,10.406,0.629,0.454,0.553,0.54,0.37
20621,Oaxaca,Oaxaca-Región Itsmo,3420.068,8.046,13.22,0.791,0.635,0.736,0.718,0.37
20622,Oaxaca,Oaxaca-Región Cañada,1317.646,5.123,11.148,0.651,0.48,0.584,0.568,0.37
20623,Oaxaca,Oaxaca-Región Mixteca,1932.868,7.443,12.727,0.789,0.602,0.645,0.674,0.37
20624,Oaxaca,Oaxaca-Región Valles Centrales,2365.344,6.645,11.668,0.671,0.546,0.677,0.628,0.37
20625,Oaxaca,Oaxaca-Región Mixteca,1829.597,7.371,12.884,0.731,0.604,0.632,0.653,0.37
20626,Oaxaca,Oaxaca-Región Papaloapam,2315.38,7.111,12.046,0.815,0.572,0.677,0.68,0.37
20627,Oaxaca,Oaxaca-Región Sierra Norte,1388.52,5.936,11.706,0.772,0.523,0.604,0.625,0.37
20628,Oaxaca,Oaxaca-Región Sierra Sur,1352.851,5.915,10.8,0.817,0.497,0.598,0.624,0.37
20629,Oaxaca,Oaxaca-Región Valles Centrales,2777.508,8.183,12.606,0.554,0.623,0.699,0.622,0.37
20630,Oaxaca,Oaxaca-Región Valles Centrales,2365.694,7.149,12.281,0.701,0.579,0.678,0.651,0.37
