year,clave_mun,ICE
2003,01001,2.8356127981135923
2003,01002,0.12022022750496962
2003,01003,0.7596834491677168
2003,01004,-0.461301389
2003,01005,1.581247838296974
2003,01006,0.5514095685629002
2003,01007,0.745239188
2003,01008,-0.373629212
2003,01009,-0.403940753
2003,01010,-0.518350733
2003,01011,0.6709058845448509
2003,02001,2.792877891556527
2003,02002,3.117255372591296
2003,02003,2.388185122926417
2003,02004,3.3266032323328543
2003,02005,1.8777395093495404
2003,03001,1.5398427921353288
2003,03002,1.5986874245407965
2003,03003,2.610817540901168
2003,03008,2.1570930449419445
2003,03009,1.3672118508139703
2003,04001,0.6462197994468967
2003,04002,2.512162877909972
2003,04003,2.506690631947254
2003,04004,1.1070610410093447
2003,04005,0.3193445868761278
2003,04006,-0.107803041
2003,04007,-0.032119577
2003,04008,0.013996480567406449
2003,04009,0.6444306230879835
2003,04010,0.20593488933728094
2003,04011,0.26958563759627213
2003,05001,-0.612242298
2003,05002,2.2626533162527607
2003,05003,0.6724382366807534
2003,05004,0.9749833117731908
2003,05005,-0.654951858
2003,05006,0.5236016423129145
2003,05007,0.7825520758011898
2003,05008,-1.086990053
2003,05009,0.7913746235293152
2003,05010,2.0807344145385134
2003,05011,-0.151416085
2003,05012,-0.751976546
2003,05013,-0.798767015
2003,05014,0.24945149294976987
2003,05015,-0.733779678
2003,05016,-0.957183056
2003,05017,1.2188784902654461
2003,05018,2.641750053907538
2003,05019,0.2564205251772551
2003,05020,0.9845415
2003,05021,-0.142166692
2003,05022,1.0301279711750244
2003,05023,-0.028217559
2003,05024,0.8678588106259442
2003,05025,2.509465558212205
2003,05026,-0.198733371
2003,05027,2.594137802
2003,05028,1.871088702175107
2003,05029,-0.303893299
2003,05030,3.0119231470366787
2003,05031,0.7965228563857557
2003,05032,1.3842840123028635
2003,05033,1.2275272110576658
2003,05034,0.4353806842002417
2003,05035,3.0661200736430927
2003,05036,-0.403043936
2003,05037,-0.215413459
2003,05038,0.5999855727430966
2003,06001,0.5687782014349009
2003,06002,2.4491370506948376
2003,06003,0.32271464035020286
2003,06004,0.15942254348144447
2003,06005,0.44575374127878714
2003,06006,-0.413406412
2003,06007,2.3443035660150957
2003,06008,0.045379759453260726
2003,06009,1.4817008339766773
2003,06010,1.7906356844788172
2003,07001,-0.240751636
2003,07002,0.013584757
2003,07003,0.032676066
2003,07004,-0.274096266
2003,07005,-0.422229604
2003,07006,-0.729115426
2003,07007,-0.438738438
2003,07008,-0.019318491
2003,07009,0.7681797756925464
2003,07010,-1.127143314
2003,07011,-0.590550901
2003,07012,0.6160986107439969
2003,07013,-0.405951633
2003,07014,-0.795589123
2003,07015,0.14676702365134595
2003,07016,0.008442869
2003,07017,0.7785767864891407
2003,07018,-0.323117633
2003,07019,1.3748176805154397
2003,07020,-0.359212935
2003,07021,-0.13258135
2003,07022,-0.561742695
2003,07023,-0.601690115
2003,07024,-0.595477592
2003,07025,-0.704521559
2003,07026,-0.556937704
2003,07027,0.9126197007643561
2003,07028,-0.685823933
2003,07029,-0.749796476
2003,07030,-0.252000862
2003,07031,-0.453967102
2003,07032,0.17700669855991474
2003,07033,-0.971656828
2003,07034,0.7296323727035996
2003,07035,-0.525689043
2003,07036,-0.707600865
2003,07037,0.091992021
2003,07038,-1.159200238
2003,07039,-0.80174333
2003,07040,0.8091886823915805
2003,07041,-0.519202623
2003,07042,-0.650881202
2003,07043,-0.565575906
2003,07044,-0.314405049
2003,07045,-0.948736717
2003,07046,0.087860438
2003,07047,-0.642590606
2003,07048,0.15828236408431526
2003,07049,-0.623939872
2003,07050,-0.292314513
2003,07051,0.11621239100474598
2003,07052,0.4279595033813068
2003,07053,-0.389573419
2003,07054,-0.19289479
2003,07055,-0.400911533
2003,07056,-1.232044489
2003,07057,0.11868981830664388
2003,07059,0.6088990755388423
2003,07060,-0.947399009
2003,07061,0.8091057312636712
2003,07062,-0.267103218
2003,07063,-0.683080292
2003,07064,-0.398311385
2003,07065,1.0337880889389044
2003,07066,-0.425444161
2003,07067,-0.593638412
2003,07068,0.9185290922309346
2003,07069,0.6514429442730421
2003,07070,-0.507484159
2003,07071,0.030614034994487158
2003,07072,-0.321225072
2003,07073,-0.302511844
2003,07074,0.23585540704533695
2003,07075,0.22037527542874516
2003,07076,-0.294752714
2003,07077,0.006744674
2003,07078,1.632024486538943
2003,07079,-0.307037987
2003,07080,-0.223324418
2003,07081,-0.279470795
2003,07082,-0.607645906
2003,07083,-0.448425363
2003,07084,-0.75600748
2003,07085,-0.653082396
2003,07086,-0.060508451
2003,07087,0.38781246445281653
2003,07088,-1.020516123
2003,07089,1.9582016595169824
2003,07090,-0.732802154
2003,07091,-0.156010512
2003,07092,0.2906368162772326
2003,07093,-0.602204187
2003,07094,-0.221224792
2003,07096,-0.208410748
2003,07097,0.7925273416563419
2003,07098,-0.732093545
2003,07099,-0.155063292
2003,07100,-0.553129993
2003,07101,2.602612438736473
2003,07102,-0.058024526
2003,07103,-0.508610827
2003,07104,-0.519595599
2003,07105,-0.59542037
2003,07106,0.5523518285364803
2003,07107,0.032160410446937834
2003,07108,0.7798954514658804
2003,07109,0.2044355347967428
2003,07110,-0.762059239
2003,07111,-0.599791198
2003,07112,-1.301904925
2003,07113,-1.246783749
2003,07114,-0.361541815
2003,07115,-0.727848091
2003,07116,-0.625989078
2003,07117,-0.851012326
2003,07118,-1.245947322
2003,07119,-1.931271103
2003,08001,0.6934524176420472
2003,08002,0.3818765614806627
2003,08003,0.16778149860151123
2003,08004,0.056280036
2003,08005,0.9389544068560575
2003,08006,0.5141748747724864
2003,08007,-0.124725845
2003,08008,-0.244109821
2003,08009,0.20326710687190064
2003,08010,0.6412507121020632
2003,08011,1.6450688620759897
2003,08012,-0.253474753
2003,08013,0.025535525
2003,08014,-0.866432494
2003,08015,-0.370013335
2003,08016,-0.625297016
2003,08017,1.900913905532696
2003,08018,-0.757334146
2003,08019,3.0019149123539908
2003,08020,-0.315218279
2003,08021,2.1073321834407484
2003,08022,-1.19042669
2003,08023,-0.51668369
2003,08024,0.059877562089563935
2003,08025,0.39135492829584856
2003,08026,-0.090890825
2003,08027,0.2076219573361731
2003,08028,0.23175625797187702
2003,08029,-0.125453079
2003,08030,-0.349663683
2003,08031,0.7427742591694406
2003,08032,1.9846141180355596
2003,08033,-1.274716083
2003,08034,0.12392796920238827
2003,08035,0.011539530858171948
2003,08036,1.2824457459735563
2003,08037,3.2948011750941943
2003,08038,-0.484271634
2003,08039,-0.318089768
2003,08040,0.5525371215140035
2003,08041,-0.209233587
2003,08042,-0.566187439
2003,08043,-0.10211579
2003,08044,0.19649158344431156
2003,08045,0.8780668017908866
2003,08046,-0.62146404
2003,08047,-0.567480684
2003,08048,0.7296026548197658
2003,08049,-0.624992917
2003,08050,1.7882350782688394
2003,08051,-0.60320621
2003,08052,1.252706878853913
2003,08053,-0.055105535
2003,08054,-0.522214669
2003,08055,-0.060039269
2003,08056,-1.148276186
2003,08057,-0.256964317
2003,08058,-0.466089499
2003,08059,-0.287011357
2003,08060,0.2280902576266983
2003,08061,-0.562277713
2003,08062,0.7903447521104535
2003,08063,-0.167756874
2003,08064,-0.443016095
2003,08065,0.2080094162983939
2003,08066,-0.681299213
2003,08067,-0.318793945
2003,09002,3.246669580172359
2003,09003,3.2050495488673523
2003,09004,2.9070715937507914
2003,09005,2.9242066574102847
2003,09006,2.8781504580743613
2003,09007,3.0136261375232345
2003,09008,2.3733418799837813
2003,09009,0.8067779143479935
2003,09010,3.332955264300017
2003,09011,2.3924465361158203
2003,09012,2.960462972353949
2003,09013,1.9543264505649662
2003,09014,3.393487286205791
2003,09015,3.307051535281584
2003,09016,3.614002470372001
2003,09017,3.078886326771263
2003,10001,0.23196212818454062
2003,10002,-0.494204582
2003,10003,-0.999192501
2003,10004,0.14393656966081755
2003,10005,2.5218399435440606
2003,10006,-0.433159673
2003,10007,2.5754253047119926
2003,10008,0.9475579035595088
2003,10009,-0.192882067
2003,10010,-0.773303823
2003,10011,-0.423302978
2003,10012,1.7509583479268367
2003,10013,-0.064641664
2003,10014,-0.435452134
2003,10015,-0.258736067
2003,10016,-0.072673468
2003,10017,0.018263548909234664
2003,10018,0.5339345972044186
2003,10019,-0.769436654
2003,10020,-0.117249388
2003,10021,-0.252836336
2003,10022,0.13865048329338717
2003,10023,0.7841088693823174
2003,10024,-0.185946335
2003,10025,-0.639181412
2003,10026,0.1866726070425399
2003,10027,-0.482820486
2003,10028,-0.328177729
2003,10029,-0.318414164
2003,10030,-0.82405651
2003,10031,-0.344387036
2003,10032,0.8634257868542455
2003,10033,-0.437157522
2003,10034,-0.322517185
2003,10035,0.10661983111858736
2003,10036,0.2472811806719241
2003,10037,-0.286718649
2003,10038,0.46592549296819646
2003,10039,0.38854804008358124
2003,11001,1.253526340538117
2003,11002,1.1831190309282793
2003,11003,1.7653056874671416
2003,11004,1.1425462647034004
2003,11005,1.2175790196723746
2003,11006,-0.927244643
2003,11007,2.661315738121443
2003,11008,0.47730676028992686
2003,11009,0.5056874723522821
2003,11010,0.3562481158201111
2003,11011,1.4241185321286436
2003,11012,0.5142353923889318
2003,11013,-0.007905802
2003,11014,1.622364115555522
2003,11015,2.083697415175598
2003,11016,0.6258627790068747
2003,11017,2.3994181608619387
2003,11018,0.2506497280159921
2003,11019,0.5846577576770403
2003,11020,3.123479857654768
2003,11021,1.772702561411097
2003,11022,0.097796744
2003,11023,1.353601313080509
2003,11024,0.2125785218768046
2003,11025,1.2146238301485452
2003,11026,0.5956246435805086
2003,11027,1.917339805964831
2003,11028,1.3899494662064074
2003,11029,0.109651066
2003,11030,0.9587525558828748
2003,11031,2.3799984842217587
2003,11032,1.2889690324212484
2003,11033,1.2341178789282423
2003,11034,-0.417633491
2003,11035,0.5944140836568506
2003,11036,0.2214641519952602
2003,11037,1.9317780409560519
2003,11038,0.17598563905209025
2003,11039,0.5298805676684558
2003,11040,0.14852024813575093
2003,11041,1.4040506193366202
2003,11042,1.0228333455784793
2003,11043,-0.186796103
2003,11044,1.321102027004309
2003,11045,-0.324585846
2003,11046,0.4713601052528979
2003,12001,1.8484047919429523
2003,12002,-0.542343531
2003,12003,-0.107912715
2003,12004,-0.654914059
2003,12005,-0.785795069
2003,12006,0.21146234407713588
2003,12007,0.7096744027793773
2003,12008,-0.195860755
2003,12009,-1.371382431
2003,12010,-0.857494288
2003,12011,0.39119436889875003
2003,12012,-0.010963411
2003,12013,-0.4170178
2003,12014,0.32665595235043104
2003,12015,0.21989145465789786
2003,12016,-0.216934326
2003,12017,-0.054591141
2003,12018,-0.299396046
2003,12019,-0.471452541
2003,12020,-0.601158317
2003,12021,0.1797740146920002
2003,12022,0.1903093035332199
2003,12023,0.022597034
2003,12024,-0.531176771
2003,12025,-0.681206387
2003,12026,-0.624405227
2003,12027,-0.055305413
2003,12028,0.8539575532367992
2003,12029,1.6617869261123286
2003,12030,-0.037678768
2003,12031,-0.647495942
2003,12032,-0.072541159
2003,12033,0.034177319435674924
2003,12034,0.571635093
2003,12035,1.5737765280999343
2003,12036,-0.596102372
2003,12037,-0.413017859
2003,12038,1.8178642627366448
2003,12039,0.4550220000764426
2003,12040,0.33655826499450153
2003,12041,-0.72613827
2003,12042,-0.663732732
2003,12043,-0.853637497
2003,12044,-0.366345661
2003,12045,-0.148000737
2003,12046,0.693983936
2003,12047,-0.536364089
2003,12048,0.3646288787550248
2003,12049,-0.364333969
2003,12050,1.3525151937254445
2003,12051,-0.109914183
2003,12052,-0.340985006
2003,12053,-0.060289644
2003,12054,-0.210856634
2003,12055,2.2233039252299474
2003,12056,-0.092115162
2003,12057,0.45201023452823186
2003,12058,0.5749204699643973
2003,12059,-0.327807267
2003,12060,-0.630357157
2003,12061,0.5808424771205609
2003,12062,-0.217852821
2003,12063,-0.892146918
2003,12064,-0.290319918
2003,12065,-0.752779349
2003,12066,0.8332517546296467
2003,12067,0.028759385917650378
2003,12068,-0.07005705
2003,12069,-0.771602315
2003,12070,-0.664286019
2003,12071,-0.437874804
2003,12072,-1.359320743
2003,12073,-0.220939273
2003,12074,-0.684649622
2003,12075,0.10024197763985387
2003,12076,-0.85750473
2003,12077,0.2385948559906639
2003,12079,-1.090488415
2003,13001,-0.077390337
2003,13002,0.39330405514910427
2003,13003,0.9160487474763196
2003,13004,-0.136289795
2003,13005,0.040980458519805626
2003,13006,-0.033344063
2003,13007,-0.176840798
2003,13008,1.1536704806092446
2003,13009,-0.285733622
2003,13010,1.321133029700681
2003,13011,-0.07082276
2003,13012,0.49940257016548123
2003,13013,1.1452149011685044
2003,13014,-0.373888355
2003,13015,-0.389260761
2003,13016,0.6137495260273945
2003,13017,-0.350549037
2003,13018,-0.143865062
2003,13019,-0.479918449
2003,13020,-0.766235999
2003,13021,0.3849278038570776
2003,13022,0.091493161
2003,13023,0.067147767
2003,13024,0.24323023509623323
2003,13025,-0.269568955
2003,13026,-0.695738751
2003,13027,-0.457893851
2003,13028,0.8984776014679362
2003,13029,0.7505970412807338
2003,13030,1.0207375704179866
2003,13031,-0.093982693
2003,13032,-0.363209098
2003,13033,-0.71636363
2003,13034,-0.814760307
2003,13035,-0.261829294
2003,13036,-0.236137445
2003,13037,-0.104573237
2003,13038,-0.605235388
2003,13039,-0.081466279
2003,13040,-0.806887071
2003,13041,1.0893868266842213
2003,13042,-0.271214688
2003,13043,-0.892923661
2003,13044,0.019104317826821118
2003,13045,-0.580890835
2003,13046,-0.18001826
2003,13047,-0.793475659
2003,13048,2.482654673743075
2003,13049,0.12892647341244176
2003,13050,0.8045917382552621
2003,13051,1.6914353373170472
2003,13052,0.3439478635054649
2003,13053,-0.233904314
2003,13054,-0.147350023
2003,13055,-0.402965432
2003,13056,0.8049134664958612
2003,13057,0.2773991723110924
2003,13058,0.3064155586711215
2003,13059,0.495236142
2003,13060,-0.139455729
2003,13061,1.5278302605883758
2003,13062,-0.173609849
2003,13063,1.5179269213244388
2003,13064,0.15727598195686024
2003,13065,-0.010201858
2003,13066,0.5283950660394822
2003,13067,0.6196113739718773
2003,13068,-0.149557121
2003,13069,2.1282877101137565
2003,13070,0.778598435
2003,13071,-0.77754444
2003,13072,0.15262723856260038
2003,13073,-0.039089564
2003,13074,0.8018531503676114
2003,13075,0.2241321392288958
2003,13076,1.6302080912359365
2003,13077,1.9546855245255248
2003,13078,-0.826996777
2003,13079,-0.665842264
2003,13080,-0.795744679
2003,13081,0.3037840133951796
2003,13082,0.12300781925539143
2003,13083,0.49030809347638576
2003,13084,0.531682706
2003,14001,0.42254555708274333
2003,14002,0.4851719431955265
2003,14003,0.3558863575559508
2003,14004,-0.212240153
2003,14005,-0.331783475
2003,14006,1.1620238078492031
2003,14007,-0.319257367
2003,14008,1.0880972760617988
2003,14009,0.24351286917370235
2003,14010,-0.269746502
2003,14011,-0.158399933
2003,14012,-0.141198675
2003,14013,1.4021102424650724
2003,14014,0.097419767
2003,14015,1.415969406794113
2003,14016,0.4335561443688192
2003,14017,0.24242047779403875
2003,14018,1.4535048110688873
2003,14019,-0.34480616
2003,14020,-0.004679241
2003,14021,0.41702596544770754
2003,14022,1.3500690786526985
2003,14023,1.973367199735845
2003,14024,0.6320442048801799
2003,14025,0.2362578284517096
2003,14026,-0.225199705
2003,14027,-0.563377525
2003,14028,-0.486736218
2003,14029,-0.065702853
2003,14030,1.1758544413748147
2003,14031,-0.767142136
2003,14032,-0.659722501
2003,14033,0.6811482454286809
2003,14034,-0.429822764
2003,14035,1.013507223720834
2003,14036,0.3695379844682143
2003,14037,1.0694983863650938
2003,14038,-0.477781908
2003,14039,3.2040376259159817
2003,14040,-0.583618992
2003,14041,0.031590685644054935
2003,14042,0.005775375
2003,14043,0.2772688644647782
2003,14044,0.39442147531088306
2003,14045,0.3572716014129625
2003,14046,0.6924428964546782
2003,14047,0.5796599435713556
2003,14048,0.4145165654425815
2003,14049,-0.676775528
2003,14050,0.5827494406689989
2003,14051,0.24710716899229374
2003,14052,0.13384452367600488
2003,14053,2.0846563284095674
2003,14054,-0.288285467
2003,14055,0.18563830440107043
2003,14056,-0.734281892
2003,14057,-0.060709857
2003,14058,0.6332564950387787
2003,14059,0.6347332776322516
2003,14060,-0.374440104
2003,14061,-0.197959829
2003,14062,-0.426186289
2003,14063,1.7425306193880836
2003,14064,0.3296258883033052
2003,14065,0.08447744
2003,14066,1.066276115062939
2003,14067,2.293933335870503
2003,14068,-0.114829443
2003,14069,-0.186088888
2003,14070,2.6818000978968723
2003,14071,-0.323866774
2003,14072,-0.125611623
2003,14073,1.3353220091055764
2003,14074,0.49229740774609654
2003,14075,-0.265126347
2003,14076,-0.137675406
2003,14077,0.42067438857549294
2003,14078,0.8190363342729939
2003,14079,0.16188949418381604
2003,14080,-0.358677963
2003,14081,-0.731526097
2003,14082,0.9582286220500172
2003,14083,0.7720763643484926
2003,14084,0.050545286
2003,14085,0.894559114
2003,14086,0.5800017875138993
2003,14087,0.5101809149569029
2003,14088,0.29626959298011324
2003,14089,-0.874896125
2003,14090,0.12188877750286303
2003,14091,0.44898192689796906
2003,14092,0.07412965
2003,14093,2.1240804497462356
2003,14094,0.706398288
2003,14095,-0.228830626
2003,14096,0.28037835064711136
2003,14097,2.343492590279639
2003,14098,2.9377919981348137
2003,14099,-0.324517018
2003,14100,0.6101065034947543
2003,14101,2.126676747130718
2003,14102,0.5413357684589702
2003,14103,0.26830667732641417
2003,14104,-0.032039183
2003,14105,0.213276946
2003,14106,-0.194281819
2003,14107,-0.417339515
2003,14108,0.9347549262372128
2003,14109,0.22547262698448542
2003,14110,0.34705808495602836
2003,14111,-0.071458176
2003,14112,0.16858278164755777
2003,14113,0.26289533703598666
2003,14114,-0.102874729
2003,14115,-0.081581522
2003,14116,1.2766628757577225
2003,14117,-0.163629515
2003,14118,0.3212205944597324
2003,14119,0.7918481014740435
2003,14120,3.145970496620307
2003,14121,0.6701955740683112
2003,14122,-0.349230961
2003,14123,-0.04418854
2003,14124,1.5692366453025943
2003,15001,0.49561802275634265
2003,15002,1.9527445733798259
2003,15003,0.3619437193257661
2003,15004,0.029187432358476328
2003,15005,0.8764591110601339
2003,15006,-0.022560876
2003,15007,-0.298065112
2003,15008,-0.15811647
2003,15009,1.0920615331482884
2003,15010,0.8624696510987805
2003,15011,0.867157863
2003,15012,0.36940628787347946
2003,15013,2.9289123783503275
2003,15014,2.251679832554126
2003,15015,0.15605981023329138
2003,15016,0.16509478411701597
2003,15017,-0.43403613
2003,15018,-0.05295573
2003,15019,0.727874658
2003,15020,1.9302520888353978
2003,15021,0.21077923931260364
2003,15022,-0.269746524
2003,15023,0.3871098811544815
2003,15024,2.0269238638313065
2003,15025,2.0444095863003335
2003,15026,-0.28234897
2003,15027,-0.465063703
2003,15028,0.8344580635684061
2003,15029,1.6725742674098016
2003,15030,1.8826862488247358
2003,15031,1.7808624011664838
2003,15032,-0.66993555
2003,15033,2.5376152868253548
2003,15034,-0.351699166
2003,15035,1.550546159793956
2003,15036,0.027620078
2003,15037,1.893289349739496
2003,15038,-0.223430206
2003,15039,2.0539314850821953
2003,15040,1.0026024609445643
2003,15041,-0.69385533
2003,15042,1.1287081895304198
2003,15043,-0.140509113
2003,15044,0.45707187782320835
2003,15045,0.8022958943497596
2003,15046,-0.253010872
2003,15047,-0.088563034
2003,15048,1.246068142776699
2003,15049,-0.089003117
2003,15050,0.34028821978716917
2003,15051,2.366070722196311
2003,15052,0.3813310276246805
2003,15053,1.1223652036481078
2003,15054,2.416376462090189
2003,15055,0.16564927488339723
2003,15056,-0.274055705
2003,15057,3.139976531199012
2003,15058,2.166854594368759
2003,15059,0.5267114567472375
2003,15060,1.7764021785138016
2003,15061,0.45163222109632867
2003,15062,1.3716571148799663
2003,15063,-0.325525588
2003,15064,0.24356582381738223
2003,15065,0.9708274592808066
2003,15066,-0.436154951
2003,15067,1.2744542194591133
2003,15068,0.8960376866022957
2003,15069,0.34120336028878906
2003,15070,2.6591675986057095
2003,15071,0.21016687474992304
2003,15072,-0.309187061
2003,15073,-0.338661248
2003,15074,0.33801952195880564
2003,15075,0.7991489743138113
2003,15076,2.472508785765153
2003,15077,-0.898282073
2003,15078,0.053773537935756774
2003,15079,0.095639545
2003,15080,-0.277826938
2003,15081,2.156556677204475
2003,15082,1.1066187609715714
2003,15083,0.4151026272160531
2003,15084,0.21447441418444113
2003,15085,0.5010753916565087
2003,15086,-0.028173965
2003,15087,-0.027357486
2003,15088,1.1111666550261956
2003,15089,-0.016659863
2003,15090,1.3351251476178951
2003,15091,1.6735852524504993
2003,15092,1.4625234535970606
2003,15093,0.6657369843291153
2003,15094,0.6322044723537187
2003,15095,1.9611716746299899
2003,15096,0.9272193929635347
2003,15097,-0.406744989
2003,15098,-0.427710497
2003,15099,1.9987707556377947
2003,15100,1.2468315445862512
2003,15101,1.6100543925920672
2003,15102,-0.14994399
2003,15103,1.022579195309516
2003,15104,3.2907638918227433
2003,15105,-0.46226865
2003,15106,2.6421379027562564
2003,15107,0.022986924562423783
2003,15108,1.3351051972925487
2003,15109,2.4944511678834003
2003,15110,1.0643501326391607
2003,15111,-0.207392244
2003,15112,0.40740742095072424
2003,15113,0.3054903816673453
2003,15114,0.17285344459098778
2003,15115,0.9861458350399341
2003,15116,-0.059974751
2003,15117,0.14938929015492378
2003,15118,1.2845177987076346
2003,15119,-0.714083503
2003,15120,1.2504367456934542
2003,15121,2.5499990326451107
2003,15122,1.5900746541095427
2003,15123,0.15875404386900716
2003,15124,-0.07004076
2003,15125,0.098642254
2003,16001,0.21606250464887763
2003,16002,-0.173363923
2003,16003,0.7277200251665986
2003,16004,0.39871644124112765
2003,16005,-0.090488064
2003,16006,1.485976890295921
2003,16007,-0.395335296
2003,16008,-0.227990026
2003,16009,0.6107115790923417
2003,16010,0.010389453359969353
2003,16011,0.11107151818045592
2003,16012,-0.054710025
2003,16013,-0.134660516
2003,16014,0.021042689
2003,16015,0.5386360382021201
2003,16016,-0.075515607
2003,16017,-0.011253635
2003,16018,-0.240525877
2003,16019,0.5449179994289298
2003,16020,0.48056692915773824
2003,16021,-0.562051307
2003,16022,-0.161437426
2003,16023,0.18201918732217873
2003,16024,0.067154461
2003,16025,0.8913638373110592
2003,16026,-0.323030405
2003,16027,-0.363299454
2003,16028,0.21702628956491155
2003,16029,-0.525708683
2003,16030,0.20805337979126798
2003,16031,-0.081970893
2003,16032,-0.107492173
2003,16033,-0.020890781
2003,16034,1.751903387647182
2003,16035,-0.006205622
2003,16036,0.31843059340853763
2003,16037,-0.012393369
2003,16038,0.6445877591285771
2003,16039,-0.447428798
2003,16040,0.5541376290070239
2003,16041,0.059661035245202027
2003,16042,0.025863787682304653
2003,16043,1.294392040657748
2003,16044,0.19516347867327316
2003,16045,1.0550993283260235
2003,16046,-0.191808041
2003,16047,0.2685441642902355
2003,16048,0.020636643626649496
2003,16049,-0.219592428
2003,16050,1.1344404525510532
2003,16051,0.5646991922096124
2003,16052,1.9312506957275903
2003,16053,2.4408822461098016
2003,16054,0.15014396693938248
2003,16055,0.496601283
2003,16056,0.2848218735716471
2003,16057,-0.348346175
2003,16058,0.40466675083227593
2003,16059,-0.713425497
2003,16060,-0.075821647
2003,16061,-0.132749445
2003,16062,0.5947265477311637
2003,16063,0.2738453296604125
2003,16064,-0.083931204
2003,16065,0.8279882824288827
2003,16066,1.656106522749584
2003,16067,-0.049289022
2003,16068,0.3963402195801914
2003,16069,1.9141261345100493
2003,16070,0.5886750414134758
2003,16071,1.174006642663113
2003,16072,0.038121202
2003,16073,0.9560346671236067
2003,16074,-0.013805665
2003,16075,1.104201177682115
2003,16076,1.9041908928379703
2003,16077,0.22304534199259582
2003,16078,-0.034105658
2003,16079,1.1637672759089963
2003,16080,-0.329495131
2003,16081,-0.515789628
2003,16082,0.8142207707794538
2003,16083,0.5046976365484522
2003,16084,0.5560554325554059
2003,16085,0.6640903002246317
2003,16086,0.15792457665565565
2003,16087,0.17054788981645305
2003,16088,0.5647395664330693
2003,16089,0.5579181974781239
2003,16090,-0.265087944
2003,16091,0.23642614798146533
2003,16092,-0.478519482
2003,16093,0.23094653163187015
2003,16094,-0.085754294
2003,16095,-0.016565058
2003,16096,-0.138894113
2003,16097,-0.255563472
2003,16098,0.24153763450624496
2003,16099,-0.387280982
2003,16100,0.3961149115381808
2003,16101,-0.263413097
2003,16102,2.309784695285985
2003,16103,0.6214332520673089
2003,16104,-0.060828832
2003,16105,0.8067953682369272
2003,16106,0.591691996
2003,16107,1.6760097930974032
2003,16108,2.120617128107022
2003,16109,-0.158027616
2003,16110,0.8702539430746629
2003,16111,-0.104975534
2003,16112,1.923729776201685
2003,16113,0.47888881133446265
2003,17001,-0.20649857
2003,17002,0.28614039091837895
2003,17003,0.42559172581690713
2003,17004,0.8241700443884384
2003,17005,-0.39540738
2003,17006,1.8497975034446372
2003,17007,2.616600204462854
2003,17008,1.321276218161639
2003,17009,0.6267616090197541
2003,17010,0.12647478170213083
2003,17011,2.505834042201224
2003,17012,1.0806002531206873
2003,17013,0.39054892870226127
2003,17014,0.16053770237736906
2003,17015,0.5097649841749368
2003,17016,0.003574605
2003,17017,0.7173226842685779
2003,17018,1.2441443069379556
2003,17019,-0.12741159
2003,17020,0.5525842266676979
2003,17021,-0.194199487
2003,17022,-0.019831916
2003,17023,-0.607421572
2003,17024,0.6910011203493696
2003,17025,0.7536242337356844
2003,17026,0.680795265
2003,17027,-0.097982078
2003,17028,1.0745910005560562
2003,17029,1.5804564056694714
2003,17030,0.6489522630313018
2003,17031,0.7250347885435605
2003,17032,-0.392506319
2003,17033,-0.193634295
2003,18001,1.080950165193403
2003,18002,0.47144045937889245
2003,18003,-0.139934858
2003,18004,1.0748194428808924
2003,18005,-0.416177676
2003,18006,0.6480039751612441
2003,18007,-0.209830338
2003,18008,0.7482555651294884
2003,18009,-0.38531547
2003,18010,-0.084999762
2003,18011,0.3345804773151228
2003,18012,0.35837944366064645
2003,18013,-0.248254098
2003,18014,0.087950236
2003,18015,0.7159378605475446
2003,18016,0.9587045389058418
2003,18017,2.3151905238602817
2003,18018,0.707227451
2003,18019,-0.33767472
2003,18020,1.233688189357111
2003,19001,-0.094286465
2003,19002,0.4264233968389678
2003,19003,-0.560260421
2003,19004,1.9569037506854878
2003,19005,0.691941394
2003,19006,3.316411797923944
2003,19007,-0.039245961
2003,19008,-0.425133371
2003,19009,1.998184441253774
2003,19010,0.9784305492017283
2003,19011,0.4357156914870041
2003,19012,1.0288699387091342
2003,19013,0.7624936124295872
2003,19014,0.700952278
2003,19015,-0.235782062
2003,19016,0.6845560814080672
2003,19017,0.6716893434484397
2003,19018,2.5059695109827844
2003,19019,3.183426850527455
2003,19020,0.45393519265813226
2003,19021,2.6897726317796278
2003,19022,0.7735467451467833
2003,19023,0.5304836015114153
2003,19024,-0.436615571
2003,19025,1.1978621912327454
2003,19026,3.2312277789190564
2003,19027,-0.591960451
2003,19028,-0.854180935
2003,19029,0.11413595738514645
2003,19030,-0.445317035
2003,19031,1.9577924700798524
2003,19032,0.069038673
2003,19033,2.0866580482173953
2003,19034,-0.460608372
2003,19035,-0.976073812
2003,19036,-0.344399772
2003,19037,0.27545194298692544
2003,19038,1.9470545548552518
2003,19039,3.475729631297204
2003,19040,0.21322496227620866
2003,19041,1.0172990611626385
2003,19042,-0.23723777
2003,19043,-0.75296899
2003,19044,1.3692406026663546
2003,19045,0.7266097663746087
2003,19046,3.144886621396584
2003,19047,0.6303109238488014
2003,19048,2.8258394571108254
2003,19049,1.4931270538909724
2003,19050,-0.337390752
2003,19051,-0.548783193
2003,20001,-1.677362791
2003,20002,0.057083248
2003,20003,-0.841594155
2003,20004,-0.765285223
2003,20005,-0.221739967
2003,20006,0.3710951941777255
2003,20007,-1.000736199
2003,20008,-1.279882745
2003,20009,-0.656599078
2003,20010,0.935958269
2003,20011,-0.958124933
2003,20012,-0.499784836
2003,20013,-0.260079962
2003,20014,0.5779448744197753
2003,20015,-1.645042109
2003,20016,-1.014812036
2003,20017,-1.257152995
2003,20018,-1.211311699
2003,20019,-1.055792331
2003,20020,-0.676849106
2003,20021,-0.117101435
2003,20022,-1.547846147
2003,20023,-0.422113556
2003,20024,-0.847643776
2003,20025,-0.164588867
2003,20026,-0.287624476
2003,20027,-1.255535206
2003,20028,-0.12158882
2003,20029,-1.296775011
2003,20030,-0.015353433
2003,20031,-0.658428766
2003,20032,-1.407170278
2003,20033,-0.548021607
2003,20034,-0.370858578
2003,20035,-0.120354955
2003,20036,-0.814401862
2003,20037,-1.175048003
2003,20038,-0.117295097
2003,20039,1.2892197258007492
2003,20040,-0.77767074
2003,20041,-0.575329412
2003,20042,-0.054791314
2003,20043,1.076102182814709
2003,20044,1.2266650072320813
2003,20045,-0.305216779
2003,20046,-0.455024499
2003,20047,-1.599319205
2003,20048,-1.42817076
2003,20049,-1.028913512
2003,20050,-0.445878807
2003,20051,-1.029664448
2003,20052,-0.474339968
2003,20053,-0.984378434
2003,20054,-1.263555218
2003,20055,-0.393106138
2003,20056,-1.365496079
2003,20057,0.9904354435078572
2003,20058,-0.788208074
2003,20059,0.3193566428727748
2003,20060,-1.036218471
2003,20061,-1.010017292
2003,20062,-0.554113361
2003,20063,-0.264940295
2003,20064,-0.866175618
2003,20065,-1.014036331
2003,20066,-0.440420861
2003,20067,2.3376792610424566
2003,20068,0.35326719818050056
2003,20069,-1.613821627
2003,20070,-0.763135666
2003,20071,-0.63015837
2003,20072,-1.66138349
2003,20073,0.29763582188856935
2003,20074,-1.639134264
2003,20075,-0.737241203
2003,20076,-0.589026151
2003,20077,-0.673839863
2003,20078,-1.05965913
2003,20079,1.7030965576375103
2003,20080,-0.701518583
2003,20081,-1.192152296
2003,20082,-1.316985709
2003,20083,0.4403548578350242
2003,20084,-0.004542918
2003,20085,-0.625351988
2003,20086,-0.831173872
2003,20087,-0.139245963
2003,20088,-0.911769925
2003,20089,-0.82075755
2003,20090,-0.665577767
2003,20091,-0.539649476
2003,20092,-0.762449849
2003,20093,-1.794234129
2003,20094,-1.062419615
2003,20095,-1.348579021
2003,20096,-1.161095623
2003,20097,-1.253520957
2003,20098,-1.729763661
2003,20099,-1.316910606
2003,20100,-1.129176038
2003,20101,-0.77147868
2003,20102,-0.748260318
2003,20103,-0.197901658
2003,20104,-0.996640559
2003,20105,-1.037451176
2003,20106,-1.334173838
2003,20107,0.8312726627039984
2003,20108,-1.033235987
2003,20109,-0.52588607
2003,20110,-1.729763661
2003,20111,-1.232704953
2003,20112,-0.886476855
2003,20113,-0.873653861
2003,20114,-1.804720886
2003,20115,-0.317813037
2003,20116,-1.550487993
2003,20117,-1.137952042
2003,20118,-1.138603031
2003,20119,-1.222123597
2003,20120,-0.551934954
2003,20121,-0.998016457
2003,20122,-1.098729119
2003,20123,-0.803566061
2003,20124,-0.165759626
2003,20125,-0.703762458
2003,20126,-1.409800689
2003,20127,-1.729763661
2003,20128,-0.251674893
2003,20129,-0.659675034
2003,20130,-0.554226521
2003,20131,-1.002953426
2003,20132,-0.133694582
2003,20133,-1.127165848
2003,20134,-0.226349525
2003,20135,-0.780879354
2003,20136,-0.52055979
2003,20137,-1.321022531
2003,20138,-0.977226467
2003,20139,-1.794234129
2003,20140,-1.170813106
2003,20141,-0.555907082
2003,20142,-1.625705545
2003,20143,0.009644008
2003,20144,-0.556084762
2003,20145,-0.42633306
2003,20146,-1.388964454
2003,20147,-1.49808948
2003,20148,-1.254386278
2003,20149,-0.839498226
2003,20150,0.020165797818312185
2003,20151,-1.677362791
2003,20152,-1.29857106
2003,20153,-0.733634279
2003,20154,-1.286404235
2003,20155,-1.931271103
2003,20156,-0.64687529
2003,20157,0.6499474387108488
2003,20158,-0.579996605
2003,20159,-0.881354078
2003,20160,-0.94182609
2003,20161,-1.421063302
2003,20162,-1.550543282
2003,20163,-0.832046673
2003,20164,-0.999102264
2003,20165,-0.8693633
2003,20166,-0.38654773
2003,20167,-1.163506751
2003,20168,-1.063521883
2003,20169,-0.83213239
2003,20170,-0.921669179
2003,20171,-0.703276211
2003,20172,-1.729763661
2003,20173,-0.841452257
2003,20174,-0.26684246
2003,20175,-0.947032891
2003,20176,-0.519505012
2003,20177,-0.385536703
2003,20178,-0.816287067
2003,20179,-1.041917204
2003,20180,-0.903349788
2003,20181,-0.63299924
2003,20182,-1.211619307
2003,20183,-0.840495719
2003,20184,1.5836288123044175
2003,20185,-0.350744564
2003,20186,-1.048879558
2003,20187,-1.256492236
2003,20188,-0.847630503
2003,20189,-1.414528218
2003,20190,-0.00626853
2003,20191,-1.492571805
2003,20192,-0.995027513
2003,20193,-0.447091333
2003,20194,-0.674157985
2003,20195,-1.35992568
2003,20196,-1.293350251
2003,20197,-0.405849324
2003,20198,-0.745864459
2003,20199,-1.256154115
2003,20200,-0.938067258
2003,20201,-1.59627098
2003,20202,-0.939195677
2003,20203,-1.2225993
2003,20204,-1.388551687
2003,20205,-1.254861188
2003,20206,-0.950446373
2003,20207,-0.96665408
2003,20208,-0.504093575
2003,20209,-1.284840618
2003,20210,-1.230759289
2003,20211,-1.213525903
2003,20212,-1.804720886
2003,20213,-1.200379783
2003,20214,-0.959655601
2003,20215,-1.931271103
2003,20216,-0.80235882
2003,20217,-1.348278732
2003,20218,-0.937986466
2003,20219,-1.024790983
2003,20220,-1.244543823
2003,20221,-0.922295576
2003,20222,-1.218294557
2003,20223,-1.38305262
2003,20224,-1.083060246
2003,20225,-1.33237045
2003,20226,-0.927593702
2003,20227,0.046014766
2003,20228,-0.854067113
2003,20229,-1.565468776
2003,20230,-1.304349891
2003,20231,-1.430004209
2003,20232,-0.348731632
2003,20233,-0.646659066
2003,20234,-1.422508647
2003,20235,-0.842550026
2003,20236,-1.420839783
2003,20237,-0.680504097
2003,20238,-1.540924656
2003,20239,-1.34868381
2003,20240,-1.931271103
2003,20241,-0.84689544
2003,20242,-0.840059357
2003,20243,-0.661457909
2003,20244,-0.904677859
2003,20245,-0.873777491
2003,20246,-1.451291861
2003,20247,-0.478459829
2003,20248,-0.163091013
2003,20249,-0.951770077
2003,20250,-1.542906041
2003,20251,-1.369361642
2003,20252,-1.40550493
2003,20253,-1.078082413
2003,20254,-1.43782549
2003,20255,-1.085166008
2003,20256,-1.677362791
2003,20257,-0.986795365
2003,20258,-0.8047813
2003,20259,-0.920380925
2003,20260,-0.970280285
2003,20261,-1.467617354
2003,20262,-1.160703136
2003,20263,-1.44529695
2003,20264,-1.931271103
2003,20265,-1.060395729
2003,20266,-1.023806065
2003,20267,-1.573861706
2003,20268,-0.554334231
2003,20269,-0.454433852
2003,20270,-1.002380146
2003,20271,-0.44000171
2003,20272,-1.158226848
2003,20273,-1.028171662
2003,20274,-1.794234129
2003,20275,-0.928262863
2003,20276,-1.214820885
2003,20277,-0.474472904
2003,20278,-0.268415081
2003,20279,-1.007810571
2003,20280,-0.606123563
2003,20281,-1.931271103
2003,20282,-0.969376602
2003,20283,-1.189897154
2003,20284,-1.169020647
2003,20285,-0.726194036
2003,20286,-0.598248613
2003,20287,-1.164973506
2003,20288,-1.314663148
2003,20289,-1.445717985
2003,20290,-1.123272944
2003,20291,-0.928866911
2003,20292,-1.3041553
2003,20293,0.1362123317813017
2003,20294,-0.4156773
2003,20295,-0.006795308
2003,20296,-0.798564688
2003,20297,-1.15926744
2003,20298,0.011595892
2003,20299,-0.856527946
2003,20300,-0.23076033
2003,20301,-0.631017705
2003,20302,-1.276225273
2003,20303,-0.94415779
2003,20304,-1.794234129
2003,20305,-0.748275914
2003,20306,-1.645042109
2003,20307,-0.529087518
2003,20308,-0.654576312
2003,20309,-0.720772823
2003,20310,-0.941053732
2003,20311,-0.592986951
2003,20312,-0.51342189
2003,20313,-0.672157169
2003,20314,-0.452470189
2003,20315,-1.315132104
2003,20316,-0.570182561
2003,20317,-1.110456037
2003,20318,1.4206271680436469
2003,20319,-1.487357802
2003,20320,-0.695637293
2003,20321,-1.283878916
2003,20322,-1.583055713
2003,20323,-1.183304539
2003,20324,0.3919399291153018
2003,20325,-0.486855084
2003,20326,-1.053915927
2003,20327,0.24513167052129786
2003,20328,-1.423371547
2003,20329,-0.820843725
2003,20330,-1.29298769
2003,20331,-0.924902372
2003,20332,-1.931271103
2003,20333,-0.694011642
2003,20334,0.11719826968380777
2003,20335,-1.931271103
2003,20336,-0.875409392
2003,20337,-0.199615115
2003,20338,0.34427776697521595
2003,20339,0.1970576138562776
2003,20340,-0.619740879
2003,20341,-1.794234129
2003,20342,-0.598690997
2003,20343,-0.347979697
2003,20344,-0.928003049
2003,20345,-0.815750063
2003,20346,-1.017548996
2003,20347,-1.011826517
2003,20348,-0.611516331
2003,20349,-0.82509505
2003,20350,0.853674397
2003,20351,-1.176109503
2003,20352,-1.382014698
2003,20353,-0.717012961
2003,20354,-1.102349015
2003,20355,-1.173251187
2003,20356,-0.360386151
2003,20357,-0.573713724
2003,20358,-0.439034368
2003,20359,-0.979192097
2003,20360,-0.670358721
2003,20361,-1.662440534
2003,20362,-1.303409471
2003,20363,-1.05619298
2003,20364,-0.304601226
2003,20365,-0.843144559
2003,20366,-0.884847124
2003,20367,-1.183730319
2003,20368,-0.707715192
2003,20369,-0.994290867
2003,20370,-1.343200052
2003,20371,-0.910491539
2003,20372,-1.264449442
2003,20373,-1.599319205
2003,20374,-0.93857394
2003,20375,-0.202915984
2003,20376,-1.487425189
2003,20377,-0.559285003
2003,20378,-0.640843783
2003,20379,-1.573861706
2003,20380,-0.71076592
2003,20381,-0.164749545
2003,20382,-0.741258313
2003,20383,-1.729763661
2003,20384,-1.44212255
2003,20385,1.2234311099379265
2003,20386,-0.725801579
2003,20387,-0.655620438
2003,20388,-1.565734832
2003,20389,-1.556407057
2003,20390,1.2746638250221154
2003,20391,-1.56782998
2003,20392,-0.763717603
2003,20393,-0.811282166
2003,20394,-1.149576764
2003,20395,-1.550966354
2003,20396,-1.213809763
2003,20397,0.24586454953937462
2003,20398,-0.181170156
2003,20399,0.4775272475699976
2003,20400,-0.558666702
2003,20401,-0.195691133
2003,20402,-1.08452258
2003,20403,-0.277517535
2003,20404,-1.121739803
2003,20405,-0.52748947
2003,20406,-0.55907684
2003,20407,-0.972401441
2003,20408,-1.931271103
2003,20409,0.42945521283198546
2003,20410,-0.899421897
2003,20411,-1.042093552
2003,20412,-0.587006435
2003,20413,1.4513972255095309
2003,20414,-0.403745131
2003,20415,-0.760842378
2003,20416,0.018646319
2003,20417,-0.803049869
2003,20418,-0.242377462
2003,20419,-1.175177294
2003,20420,-1.053915927
2003,20421,-0.290349674
2003,20422,-1.794234129
2003,20423,-1.794234129
2003,20424,-1.424599757
2003,20425,-1.293454309
2003,20426,-1.061276812
2003,20427,-0.521431811
2003,20428,-1.339983347
2003,20429,-1.184202957
2003,20430,-0.983880943
2003,20431,-0.671245107
2003,20432,-1.609390744
2003,20433,-1.25763526
2003,20434,-1.156696275
2003,20435,-0.56778954
2003,20436,-0.644634797
2003,20437,-0.39969793
2003,20438,-0.750420571
2003,20439,-0.800805721
2003,20440,-0.986333204
2003,20441,-0.98218871
2003,20442,-0.561510913
2003,20443,-0.726327757
2003,20444,-1.381857222
2003,20445,-1.371382431
2003,20446,-1.515277445
2003,20447,-0.409951549
2003,20448,-1.300526932
2003,20449,-0.395667367
2003,20450,-0.971905758
2003,20451,-1.351925958
2003,20452,-0.972678612
2003,20453,-0.434734284
2003,20454,-1.192353214
2003,20455,-0.462201866
2003,20456,-0.760188712
2003,20457,-1.607299634
2003,20458,-1.057069755
2003,20459,-0.386873982
2003,20460,-0.832068659
2003,20461,-0.754723339
2003,20462,-0.264686146
2003,20463,-1.364517883
2003,20464,-0.55911945
2003,20465,-1.002351756
2003,20466,-0.910589617
2003,20467,-0.023299647
2003,20468,-0.654503143
2003,20469,0.3127871383289963
2003,20470,-1.016247855
2003,20471,-1.565468776
2003,20472,-0.747363903
2003,20473,-1.428052191
2003,20474,-0.89099976
2003,20475,-0.400613356
2003,20476,-1.435654611
2003,20477,-1.105470709
2003,20478,-0.981033545
2003,20479,-1.729763661
2003,20480,-1.931271103
2003,20481,-1.151920563
2003,20482,0.7086375839268622
2003,20483,-0.797565048
2003,20484,-0.283093269
2003,20485,-1.173279462
2003,20486,-0.43849366
2003,20487,-1.17571423
2003,20488,-1.09305913
2003,20489,-1.147636765
2003,20490,-1.639134264
2003,20491,-1.159220727
2003,20492,-0.814944207
2003,20493,-1.609390744
2003,20494,-1.492571805
2003,20495,-0.803367692
2003,20496,-1.090299449
2003,20497,-1.65300345
2003,20498,-1.185618566
2003,20499,-0.070103212
2003,20500,-0.555403126
2003,20501,-1.045021723
2003,20502,-1.122964644
2003,20503,-1.152933456
2003,20504,-1.110009341
2003,20505,-0.40764309
2003,20506,-1.106947858
2003,20507,-0.720872808
2003,20508,-1.279741567
2003,20509,-0.723542375
2003,20510,-1.032592345
2003,20511,-0.506496597
2003,20512,-1.495558397
2003,20513,-1.038649259
2003,20514,-1.591969579
2003,20515,0.731624404
2003,20516,-0.643085834
2003,20517,-1.064056003
2003,20518,-1.338326488
2003,20519,-0.66813982
2003,20520,-0.257362904
2003,20521,-1.804720886
2003,20522,-1.241949543
2003,20523,-0.431909974
2003,20524,-1.362047543
2003,20525,-0.056957437
2003,20526,-0.469335398
2003,20527,-1.461796473
2003,20528,-0.46872038
2003,20529,-1.804720886
2003,20530,-0.16125623
2003,20531,-0.55763956
2003,20532,-1.173403563
2003,20533,-0.862427307
2003,20534,-1.009915684
2003,20535,-0.832666869
2003,20536,-1.378592078
2003,20537,-0.555617224
2003,20538,-1.176793764
2003,20539,-0.488302207
2003,20540,-0.209360071
2003,20541,-0.692915952
2003,20542,-1.677362791
2003,20543,-0.846090685
2003,20544,-0.737052166
2003,20545,-0.03290133
2003,20546,-0.790463542
2003,20547,-0.342637289
2003,20548,-0.711256836
2003,20549,-0.14953976
2003,20550,-0.572484717
2003,20551,0.6287286883789381
2003,20552,-0.746756508
2003,20553,0.6060369221807443
2003,20554,-0.966194471
2003,20555,-0.67366799
2003,20556,-0.568003939
2003,20557,-0.453971805
2003,20558,-1.228835638
2003,20559,0.002621256
2003,20560,-0.654261148
2003,20561,-1.378041993
2003,20562,-0.905051226
2003,20563,-1.257152995
2003,20564,-1.402834383
2003,20565,0.1042763200569081
2003,20566,-1.32228311
2003,20567,-0.740280542
2003,20568,-0.585028488
2003,20569,-0.560807478
2003,20570,0.13778938076447894
2003,21001,0.11559351384213211
2003,21002,-0.453397387
2003,21003,0.6584451462855597
2003,21004,1.1344259808082335
2003,21005,-0.577501453
2003,21006,-0.376187754
2003,21007,-1.375652094
2003,21008,0.49122906076431916
2003,21009,-1.117149273
2003,21010,0.44520468935846674
2003,21011,-0.660227968
2003,21012,-0.229152681
2003,21013,-0.310371134
2003,21014,-0.532635184
2003,21015,1.8394744270513361
2003,21016,-0.390715726
2003,21017,-0.213311732
2003,21018,-0.919699628
2003,21019,1.6300516275187584
2003,21020,-0.170101192
2003,21021,-1.017754098
2003,21022,-0.307391819
2003,21023,-0.417926698
2003,21024,-1.177055067
2003,21025,-0.291609052
2003,21026,-0.415462396
2003,21027,-0.985769052
2003,21028,-1.332628793
2003,21029,-0.481335849
2003,21030,-1.299553702
2003,21031,-0.317248418
2003,21032,-0.841901729
2003,21033,-0.614297013
2003,21034,1.6307259404052654
2003,21035,-0.10727004
2003,21036,-0.835898548
2003,21037,-0.871202739
2003,21038,-0.138986893
2003,21039,-0.733645491
2003,21040,-0.59780048
2003,21041,1.7681080958080904
2003,21042,-1.072728488
2003,21043,-0.17321928
2003,21044,0.053820850348419984
2003,21045,0.7648245379377151
2003,21046,-0.280652969
2003,21047,0.3281913350949069
2003,21048,-0.29981814
2003,21049,-0.89247514
2003,21050,-1.093677239
2003,21051,0.15049314136194594
2003,21052,-0.710967915
2003,21053,0.9257428601204942
2003,21054,0.3958666176160235
2003,21055,-0.66352814
2003,21056,-0.761373605
2003,21057,-0.224271164
2003,21058,-0.452907534
2003,21059,-0.227268489
2003,21060,-0.349417108
2003,21061,-1.002958451
2003,21062,-0.669385696
2003,21063,0.11970126831000913
2003,21064,-0.169302526
2003,21065,0.6469330314726817
2003,21066,-0.305939253
2003,21067,0.24907009191940147
2003,21068,-0.636239701
2003,21069,0.11247627581801416
2003,21070,-0.467231798
2003,21071,1.6630299553814927
2003,21072,-0.38880683
2003,21073,-0.17801901
2003,21074,1.081973618971468
2003,21075,-0.253424035
2003,21076,-0.169207658
2003,21077,-0.739567263
2003,21078,-0.614326767
2003,21079,-0.472839342
2003,21080,-1.271514427
2003,21081,-0.659829881
2003,21082,-0.091823351
2003,21083,-1.081104215
2003,21084,-0.454308998
2003,21085,1.2506702356809385
2003,21086,-1.298941497
2003,21087,-0.06452297
2003,21088,-0.433128681
2003,21089,-0.908655824
2003,21090,0.080042044
2003,21091,0.34009676627354807
2003,21092,-1.356612926
2003,21093,-1.173050208
2003,21094,0.5161850427836937
2003,21095,-0.672500571
2003,21096,-0.423839557
2003,21097,-0.347928009
2003,21098,-0.186390181
2003,21099,-0.31099202
2003,21100,-0.887648102
2003,21101,-1.050834497
2003,21102,0.16996581888960263
2003,21103,-0.428428423
2003,21104,-0.468115385
2003,21105,-0.42643742
2003,21106,0.32963916593277187
2003,21107,-0.798467226
2003,21108,-0.271999595
2003,21109,-0.112816041
2003,21110,0.5519635313648805
2003,21111,-0.025560867
2003,21112,-0.192150299
2003,21113,-0.253330734
2003,21114,2.998471956317125
2003,21115,-0.042077984
2003,21116,-0.808305116
2003,21117,0.735854692
2003,21118,0.031554423
2003,21119,2.019186825367563
2003,21120,-1.247736722
2003,21121,-0.681604592
2003,21122,-0.336401284
2003,21123,-1.794234129
2003,21124,0.4384255481277145
2003,21125,0.9105877207104237
2003,21126,-0.518274718
2003,21127,-0.752843699
2003,21128,-0.921053147
2003,21129,-0.150232132
2003,21130,-0.586798609
2003,21131,-0.717143879
2003,21132,1.7963238147143772
2003,21133,-0.703564286
2003,21134,0.059648781
2003,21135,-0.962626899
2003,21136,0.8236518255710132
2003,21137,-0.307896451
2003,21138,-0.383777949
2003,21139,-0.432012593
2003,21140,2.593128191196693
2003,21141,-0.578873725
2003,21142,1.0339881688836228
2003,21143,0.0705713
2003,21144,0.9182528249139382
2003,21145,-0.526535682
2003,21146,-1.25485206
2003,21147,-0.841698648
2003,21148,-0.5533963
2003,21149,0.072440364
2003,21150,-0.74291239
2003,21151,-0.334989306
2003,21152,0.021003082
2003,21153,0.21731292077240824
2003,21154,1.3165134784732535
2003,21155,0.055034767801024925
2003,21156,2.334098558376926
2003,21157,0.022139886
2003,21158,-0.468939753
2003,21159,-1.779989215
2003,21160,-0.567376554
2003,21161,-0.078803694
2003,21162,-0.602617549
2003,21163,-0.122230885
2003,21164,1.2039822712636166
2003,21165,-1.173262475
2003,21166,-0.286481009
2003,21167,-0.976751072
2003,21168,-0.700394429
2003,21169,0.016622941067569005
2003,21170,-0.491550955
2003,21171,0.035386351
2003,21172,0.000669966
2003,21173,-0.071805543
2003,21174,1.7448555042003029
2003,21175,-0.42299395
2003,21176,-0.673783606
2003,21177,0.2661461805048776
2003,21178,-0.6609505
2003,21179,0.4567243452188601
2003,21180,0.9840080273419938
2003,21181,-0.070739556
2003,21182,-0.322047494
2003,21183,-0.750109341
2003,21184,-0.735812254
2003,21185,-0.586839196
2003,21186,0.5197742554349207
2003,21187,-0.816441998
2003,21188,-0.239385885
2003,21189,0.3197342070274633
2003,21190,-1.048665614
2003,21191,0.18589024500182055
2003,21192,-0.802793559
2003,21193,-1.356612926
2003,21194,0.29406274763474843
2003,21195,-0.375465671
2003,21196,-0.590284249
2003,21197,0.878875991
2003,21198,-0.846666184
2003,21199,0.28343592370323717
2003,21200,-0.480247191
2003,21201,-0.562007971
2003,21202,-0.618826287
2003,21203,-0.611947082
2003,21204,-0.251326945
2003,21205,-0.053877567
2003,21206,-0.985649295
2003,21207,0.47950596391976674
2003,21208,1.458184492062343
2003,21209,-0.411976223
2003,21210,-0.671610731
2003,21211,0.5504152399229286
2003,21212,-0.047727421
2003,21213,-0.71713176
2003,21214,0.33938186779477686
2003,21215,-0.860809005
2003,21216,-0.713211664
2003,21217,-0.360928548
2003,22001,0.5450127815017932
2003,22002,-0.105449293
2003,22003,-0.450766012
2003,22004,0.34097743047577256
2003,22005,0.13955706198998202
2003,22006,2.431612403
2003,22007,0.5735831165606126
2003,22008,-0.143775319
2003,22009,0.1496793006557016
2003,22010,-0.560022407
2003,22011,2.2299945744909984
2003,22012,0.8192801578829487
2003,22013,-0.311282376
2003,22014,3.1223546761993335
2003,22015,-0.26698188
2003,22016,2.489299652208411
2003,22017,2.388978851430446
2003,22018,-0.358983248
2003,23001,2.081311008
2003,23002,0.5880948266506126
2003,23003,1.3570874276707996
2003,23004,2.1316073921566017
2003,23005,2.772187789
2003,23006,0.10692652498266884
2003,23007,0.523357323
2003,23008,2.055581853744515
2003,24001,-0.243692756
2003,24002,-0.746437698
2003,24003,0.2793358315253635
2003,24004,-0.623096788
2003,24005,0.411339713
2003,24006,0.1250229466802544
2003,24007,0.5670666084945767
2003,24008,0.4723958687814522
2003,24009,-0.472053007
2003,24010,0.27455910965618385
2003,24011,0.2612006018213276
2003,24012,0.27861062190824404
2003,24013,2.0539072629812765
2003,24014,-0.129962713
2003,24015,0.33945301842452513
2003,24016,0.6380588103109742
2003,24017,-0.044984108
2003,24018,-0.732233877
2003,24019,-0.782037799
2003,24020,1.2657716122684954
2003,24021,0.018338482995217596
2003,24022,-0.02752459
2003,24023,0.16943742213444477
2003,24024,1.5784267541880188
2003,24025,0.44277774033158007
2003,24026,-0.541625586
2003,24027,-0.106759435
2003,24028,3.2762301823855737
2003,24029,-0.243207604
2003,24030,-0.35077136
2003,24031,-1.137491072
2003,24032,0.043400643
2003,24033,-0.452531087
2003,24034,0.24913864022899584
2003,24035,1.986960366843568
2003,24036,0.043206417973280446
2003,24037,1.0413463951366742
2003,24038,-0.157928794
2003,24039,-0.056499649
2003,24040,0.701889293
2003,24041,-0.396766778
2003,24042,-0.001345773
2003,24043,-0.613448129
2003,24044,-0.258917364
2003,24045,0.2270816432303281
2003,24046,0.032935854
2003,24047,-0.780152948
2003,24048,0.3821434550427152
2003,24049,0.11817066962614717
2003,24050,0.3547392154673196
2003,24051,-0.117479443
2003,24052,-0.208232867
2003,24053,0.266462625
2003,24054,0.055821416
2003,24055,-0.394199604
2003,24056,-0.232020656
2003,24057,0.000942736
2003,24058,0.3566855471207842
2003,25001,2.508657735144611
2003,25002,0.9695149320068315
2003,25003,0.085247191
2003,25004,-0.242791286
2003,25005,-0.171554495
2003,25006,2.7611053258733342
2003,25007,0.077821818
2003,25008,0.5391323921348591
2003,25009,1.0506318934889733
2003,25010,0.27581540092339646
2003,25011,1.721851357391976
2003,25012,2.771316377323121
2003,25013,0.29296251129996714
2003,25014,0.6339049266616377
2003,25015,1.796762856
2003,25016,-0.364266244
2003,25017,0.30241279416800104
2003,25018,0.9758812568629257
2003,26001,-0.252582357
2003,26002,1.9556343024290006
2003,26003,0.42979731516059544
2003,26004,0.36534228148820197
2003,26005,-0.821641077
2003,26006,-0.393705045
2003,26007,-1.116578892
2003,26008,-0.673477438
2003,26009,-0.916084797
2003,26010,-0.442653227
2003,26011,-0.285783763
2003,26012,-0.14465661
2003,26013,-0.04252373
2003,26014,0.010208572682901644
2003,26015,-0.284515697
2003,26016,0.3862248324498955
2003,26017,1.8781378145698013
2003,26018,2.447791150474389
2003,26019,1.672265743132305
2003,26020,-0.4084007
2003,26021,-0.149835699
2003,26022,-0.536207827
2003,26023,-0.101481558
2003,26024,-0.646355879
2003,26025,1.6967517688833818
2003,26026,0.5236814930151931
2003,26027,0.082587377
2003,26028,-0.035330659
2003,26029,2.5892270763371954
2003,26030,3.021525845051551
2003,26031,-0.368758802
2003,26032,-0.266123974
2003,26033,1.496821536144851
2003,26034,-0.44232696
2003,26035,0.22946168007725395
2003,26036,1.5522551137893383
2003,26037,-0.289281163
2003,26038,-0.039138873
2003,26039,0.570032449
2003,26040,-0.383895882
2003,26041,0.6332322733380252
2003,26042,1.8985228771081122
2003,26043,2.844103459670034
2003,26044,-1.37673075
2003,26045,-0.494238345
2003,26046,-1.591969579
2003,26047,0.097807554
2003,26048,1.8369217105865736
2003,26049,-0.960939597
2003,26050,-0.194316014
2003,26051,-0.272751164
2003,26052,-0.165839484
2003,26053,-1.42817076
2003,26054,-0.560818429
2003,26055,2.215300528542016
2003,26056,-0.033869052
2003,26057,-0.707600205
2003,26058,0.8352963722732226
2003,26059,-0.31450119
2003,26060,-0.537361811
2003,26061,-0.918854659
2003,26062,-0.849948631
2003,26063,-0.390312168
2003,26064,-0.517478244
2003,26065,-0.811454475
2003,26066,-0.030669844
2003,26067,-0.544470052
2003,26068,-0.964403865
2003,26069,-0.23040663
2003,26070,0.9611239296110177
2003,26071,0.5796871801820308
2003,26072,-0.339808275
2003,27001,0.20568295841376147
2003,27002,1.5853527945472095
2003,27003,1.331948531350511
2003,27004,2.6294595360006334
2003,27005,1.4430154979359455
2003,27006,1.2311750027253927
2003,27007,0.8106489943997942
2003,27008,0.7922986894260096
2003,27009,-0.052327515
2003,27010,0.7144136884871829
2003,27011,0.29018816336006725
2003,27012,1.0980238675739984
2003,27013,0.4302901896895667
2003,27014,1.7981798036823085
2003,27015,0.012995716286976173
2003,27016,0.8234887126710527
2003,27017,0.7782510119891867
2003,28001,0.3932318307726113
2003,28002,0.6156769955592434
2003,28003,2.3101357931815008
2003,28004,-0.149814559
2003,28005,-0.284827081
2003,28006,-0.750568672
2003,28007,1.2426178742386953
2003,28008,-0.230699345
2003,28009,2.2179716497408415
2003,28010,-0.402287491
2003,28011,-0.323589785
2003,28012,0.9124859644981325
2003,28013,-0.171877802
2003,28014,-0.26076641
2003,28015,0.7174982965943995
2003,28016,-0.049269732
2003,28017,-0.341877331
2003,28018,-0.057513091
2003,28019,0.036934601864709225
2003,28020,-0.816327595
2003,28021,1.8038299569973162
2003,28022,3.116857206210285
2003,28023,-0.23810391
2003,28024,0.7118297642470468
2003,28025,1.4823769317245301
2003,28026,-0.596402341
2003,28027,2.7121356558121232
2003,28028,-0.67066754
2003,28029,-0.037688998
2003,28030,-0.104022524
2003,28031,-0.567812312
2003,28032,3.3176004574510425
2003,28033,1.803244965336132
2003,28034,-0.666787802
2003,28035,1.617152184572619
2003,28036,-1.729763661
2003,28037,0.6782517852017957
2003,28038,2.8375677146845746
2003,28039,0.068910129
2003,28040,1.7531205342949168
2003,28041,2.4219594418420436
2003,28042,-0.251676567
2003,28043,0.4636818168430893
2003,29001,0.16610451589526565
2003,29002,1.2024453048573098
2003,29003,-0.833527643
2003,29004,-0.36503229
2003,29005,1.9973847841561776
2003,29006,1.2746718990472443
2003,29007,0.24305809805716302
2003,29008,-0.00925817
2003,29009,0.13042738362430475
2003,29010,1.4618624337921586
2003,29011,-0.278784113
2003,29012,-0.102539951
2003,29013,1.127139047737873
2003,29014,0.18370564055979768
2003,29015,1.062827103
2003,29016,-0.429394065
2003,29017,-0.36447995
2003,29018,0.26118388262564274
2003,29019,0.5218073477899721
2003,29020,-0.157247812
2003,29021,0.3171113037590363
2003,29022,0.34786702015937904
2003,29023,0.8025598824222399
2003,29024,0.036198785750498626
2003,29025,1.4670440011746324
2003,29026,0.5463098306241745
2003,29027,-0.073852728
2003,29028,0.36127937309631747
2003,29029,-0.26057402
2003,29030,-0.807229552
2003,29031,1.211712593571165
2003,29032,-0.032077167
2003,29033,2.1835424943812987
2003,29034,0.6769531967869944
2003,29035,-0.263395102
2003,29036,0.9131389765160369
2003,29037,-0.40116333
2003,29038,0.8423964817529287
2003,29039,0.6997138406786779
2003,29040,-0.096205105
2003,29041,0.8369449075644626
2003,29042,0.5135447585336563
2003,29043,0.8595940278209843
2003,29044,0.9932497293127448
2003,29045,-0.19177047
2003,29046,-0.668068405
2003,29047,-0.591001198
2003,29048,0.7242664032879654
2003,29049,0.28320970294453934
2003,29050,-0.533765878
2003,29051,-0.26544096
2003,29052,-0.250736086
2003,29053,-0.206393888
2003,29054,-0.42303115
2003,29055,-0.379416422
2003,29056,-0.296644904
2003,29057,-0.360217307
2003,29058,-0.300328597
2003,29059,0.009105135
2003,29060,1.2039258522024614
2003,30001,-0.73384928
2003,30002,-0.675108654
2003,30003,1.1852378949977231
2003,30004,-0.139492676
2003,30005,-0.431475223
2003,30006,-0.395751248
2003,30007,-0.727389017
2003,30008,-0.509792759
2003,30009,-0.143367737
2003,30010,0.687849977
2003,30011,1.3248070607459326
2003,30012,-0.516363691
2003,30013,0.6460126474074297
2003,30014,0.8656109268078757
2003,30015,0.1259297280546345
2003,30016,1.2537929712496771
2003,30017,-0.798609777
2003,30018,-1.104264467
2003,30019,-0.808291237
2003,30020,-1.027458675
2003,30021,-0.171999962
2003,30022,-0.668476592
2003,30023,0.001112774
2003,30024,-0.373023482
2003,30025,-0.640001285
2003,30026,1.286076513786657
2003,30027,-0.323934927
2003,30028,2.274693936565955
2003,30029,-0.682845469
2003,30030,0.7395420641480149
2003,30031,-0.77381596
2003,30032,0.705916951
2003,30033,-0.265539921
2003,30034,0.8041891975153065
2003,30035,-0.086417653
2003,30036,-0.218933564
2003,30037,-0.291631553
2003,30038,1.7434820776004778
2003,30039,2.5369064788028606
2003,30040,0.021598537
2003,30041,-0.999328074
2003,30042,-0.369815853
2003,30043,-0.567098301
2003,30044,2.314802686530533
2003,30045,0.9244165991184717
2003,30046,-0.359605132
2003,30047,0.47745572341959824
2003,30048,1.6758855393909757
2003,30049,0.003435322
2003,30050,-0.162077346
2003,30051,-0.177566673
2003,30052,0.15067502366745483
2003,30053,0.7547371407403898
2003,30054,-0.242017274
2003,30055,-0.780264065
2003,30056,-0.96136885
2003,30057,-0.60628338
2003,30058,0.096559809
2003,30059,-0.054795825
2003,30060,-0.651590323
2003,30061,0.6338831049767001
2003,30062,0.064199621
2003,30063,-0.362913374
2003,30064,-0.797564701
2003,30065,0.2695476474171649
2003,30066,-0.202324131
2003,30067,-0.321705403
2003,30068,1.7479295014009233
2003,30069,0.6128031256740791
2003,30070,0.085415403
2003,30071,0.9950096379557712
2003,30072,0.22514349189572347
2003,30073,0.045550183
2003,30074,-0.749840815
2003,30075,-0.23001133
2003,30076,-0.82884246
2003,30077,0.8546328327708541
2003,30078,-0.535415466
2003,30079,-0.589193678
2003,30080,-0.106878449
2003,30081,-0.173242133
2003,30082,0.12136961172958968
2003,30083,-0.301588411
2003,30084,-0.433222426
2003,30085,1.4145429230664868
2003,30086,0.17339820842078976
2003,30087,2.5452173394565425
2003,30088,-0.574327774
2003,30089,1.262457433273164
2003,30090,-0.446756448
2003,30091,0.064461885
2003,30092,0.44975274542848376
2003,30093,-0.155942768
2003,30094,0.5140203796071241
2003,30095,-0.544940295
2003,30096,-0.256426796
2003,30097,0.6809440466028921
2003,30098,-1.244365957
2003,30099,-0.471358864
2003,30100,-0.199742155
2003,30101,-0.119558517
2003,30102,1.4065518094210643
2003,30103,-0.737908091
2003,30104,-0.702385288
2003,30105,0.42795940798010906
2003,30106,-0.879072322
2003,30107,-0.991028045
2003,30108,1.6375626130766057
2003,30109,0.8093639021286921
2003,30110,-0.845346947
2003,30111,-0.202426214
2003,30112,0.8944215764197527
2003,30113,-0.643177557
2003,30114,-0.026314577
2003,30115,0.8227936264657717
2003,30116,0.3448439905473617
2003,30117,-0.079229952
2003,30118,2.389851481630271
2003,30119,-0.15223718
2003,30120,0.17802468560677023
2003,30121,0.16183309582300423
2003,30122,0.099309062
2003,30123,1.1371853021206764
2003,30124,1.0363267789219524
2003,30125,0.1453266217604585
2003,30126,0.087473147
2003,30127,-0.241622287
2003,30128,1.1360093523459465
2003,30129,0.094657521
2003,30130,0.3498003150922935
2003,30131,2.227184727916175
2003,30132,-0.043701402
2003,30133,0.2615877207296328
2003,30134,0.20410396647190002
2003,30135,-0.195878272
2003,30136,-0.469215988
2003,30137,-1.284124518
2003,30138,1.5348218011079313
2003,30139,-0.360496845
2003,30140,-1.148746096
2003,30141,1.3273858214097898
2003,30142,0.056008353
2003,30143,0.3400316918161714
2003,30144,-0.050559011
2003,30145,-0.293616766
2003,30146,-0.776559178
2003,30147,-0.98050006
2003,30148,0.081004534
2003,30149,-0.765753704
2003,30150,-0.155714014
2003,30151,0.5466408862268828
2003,30152,-0.160946262
2003,30153,-0.97629189
2003,30154,-0.504931622
2003,30155,0.6065829055056627
2003,30156,-0.804972774
2003,30157,-0.370056303
2003,30158,0.3604973828521468
2003,30159,-0.694841882
2003,30160,1.0152227870363386
2003,30161,0.17837846623670595
2003,30162,-0.971999087
2003,30163,-1.019425009
2003,30164,0.19559301925219513
2003,30165,-0.769387603
2003,30166,-0.657771972
2003,30167,-0.45621709
2003,30168,-0.925191802
2003,30169,-0.041763362
2003,30170,-0.791842686
2003,30171,-0.992769211
2003,30172,-0.15826015
2003,30173,-0.012802973
2003,30174,1.3504055664312038
2003,30175,0.7939992027278596
2003,30176,-0.227335097
2003,30177,-0.348229476
2003,30178,0.8216235852109561
2003,30179,-0.600587857
2003,30180,-0.686333077
2003,30181,0.5624795272553686
2003,30182,0.25552521453120713
2003,30183,0.5254110750669236
2003,30184,-0.377667361
2003,30185,-0.789495968
2003,30186,-0.047502829
2003,30187,-0.514738978
2003,30188,-0.453350447
2003,30189,1.8942498043732392
2003,30190,-0.716714269
2003,30191,0.3586650883221689
2003,30192,0.4741385885700811
2003,30193,2.8634119708699215
2003,30194,-0.206929042
2003,30195,-0.996540196
2003,30196,0.7439064293953815
2003,30197,-0.439895909
2003,30198,-0.514126135
2003,30199,-0.016162152
2003,30200,-0.440575269
2003,30201,-0.042525076
2003,30202,-0.748876472
2003,30203,-0.554197194
2003,30204,1.3027614990818304
2003,30205,0.005300638
2003,30206,0.39637333320595736
2003,30207,0.5290996158940204
2003,30208,0.5230138766986803
2003,30209,-0.467167275
2003,30210,-0.242939698
2003,31001,-1.340797962
2003,31002,0.16385993007036512
2003,31003,-0.303105032
2003,31004,-0.255888489
2003,31005,-0.852455604
2003,31006,0.030887414893208676
2003,31007,-0.417309439
2003,31008,-0.845349419
2003,31009,-0.131034538
2003,31010,-0.52699971
2003,31011,0.4431215699361564
2003,31012,-0.809850566
2003,31013,0.1428714342432734
2003,31014,-0.564593017
2003,31015,-0.72757626
2003,31016,-1.171287864
2003,31017,-1.457536103
2003,31018,-1.074406709
2003,31019,-0.390884314
2003,31020,-0.018645328
2003,31021,-0.706873638
2003,31022,-0.833759089
2003,31023,-0.473871145
2003,31024,-0.936004984
2003,31025,-0.397624282
2003,31026,-0.418507542
2003,31027,0.39419210658313414
2003,31028,0.24465503721892512
2003,31029,-0.22075877
2003,31030,-0.962103188
2003,31031,-0.817651748
2003,31032,-0.336239336
2003,31033,-0.503752508
2003,31034,-0.220559962
2003,31035,-0.352529104
2003,31036,-0.736407658
2003,31037,-0.726928365
2003,31038,0.5740940151908569
2003,31039,-0.236461406
2003,31040,0.3189581618300838
2003,31041,1.0346265342288345
2003,31042,-0.839885106
2003,31043,-1.090990289
2003,31044,-0.602725136
2003,31045,-0.723092621
2003,31046,-0.159679097
2003,31047,-0.784886732
2003,31048,-0.009089756
2003,31049,-0.368737256
2003,31050,3.0943104036782207
2003,31051,-0.348816944
2003,31052,0.866090941
2003,31053,-0.132786485
2003,31054,-0.946078658
2003,31055,-0.466030288
2003,31056,0.6436689343084774
2003,31057,-0.231542254
2003,31058,-0.100743949
2003,31059,1.7463947047886428
2003,31060,-1.164153684
2003,31061,0.4048117222279711
2003,31062,-0.345801153
2003,31063,-0.744271606
2003,31064,-0.576752912
2003,31065,-0.189470898
2003,31066,-0.511976656
2003,31067,-0.72855275
2003,31068,-0.859175908
2003,31069,-0.463355023
2003,31070,-0.506557255
2003,31071,-1.042768964
2003,31072,-1.027871996
2003,31073,-1.20351133
2003,31074,-0.712629331
2003,31075,-0.77525077
2003,31076,-0.643310146
2003,31077,-0.740743917
2003,31078,-0.485734266
2003,31079,0.7766782053730088
2003,31080,-0.427138674
2003,31081,-1.02045294
2003,31082,-0.500363225
2003,31083,-0.552812826
2003,31084,-0.420621523
2003,31085,0.016626735
2003,31086,-0.755997383
2003,31087,-0.656440303
2003,31088,-0.495448735
2003,31089,0.9082533245888808
2003,31090,-0.886597103
2003,31091,0.30837270523006216
2003,31092,-0.697373463
2003,31093,0.1402758263373752
2003,31094,-0.885547608
2003,31095,-0.349136431
2003,31096,1.0677244833256705
2003,31097,-0.773616317
2003,31098,-0.109763741
2003,31099,-1.056157816
2003,31100,-0.596239485
2003,31101,1.7803566396123298
2003,31102,1.1896367571879582
2003,31103,-0.545327668
2003,31104,-0.86121511
2003,31105,-0.380782369
2003,31106,-0.588919231
2003,32001,-0.545332672
2003,32002,-0.768906081
2003,32003,-0.196404555
2003,32004,0.071853535
2003,32005,1.3340247986319065
2003,32006,-0.131692279
2003,32007,0.15586675384778642
2003,32008,-0.286022573
2003,32009,-0.14481728
2003,32010,1.550070906684736
2003,32011,-0.409320093
2003,32012,-0.634048423
2003,32013,-0.33760771
2003,32014,-0.027894905
2003,32015,-0.56888479
2003,32016,0.3880556848601042
2003,32017,1.7950662315548727
2003,32018,-0.680361362
2003,32019,0.737795576
2003,32020,0.8973754110374583
2003,32021,-0.555362831
2003,32022,0.485617492
2003,32023,0.30033626045077927
2003,32024,0.534292681
2003,32025,-0.112140227
2003,32026,-0.537102376
2003,32027,-1.150852899
2003,32028,-0.379595534
2003,32029,0.417672723
2003,32030,-0.194889075
2003,32031,0.061130739978659254
2003,32032,0.6537182431979477
2003,32033,-0.062487307
2003,32034,0.7129181697581485
2003,32035,-0.31189587
2003,32036,0.7903800003169041
2003,32037,-0.332498551
2003,32038,0.050293294
2003,32039,1.0705557439077344
2003,32040,-0.03793853
2003,32041,-0.746506445
2003,32042,1.0305212845970508
2003,32043,-0.617042073
2003,32044,0.2710215921832101
2003,32045,0.30834321252498725
2003,32046,-0.134404212
2003,32047,0.2042941550131623
2003,32048,1.0290114945659874
2003,32049,0.5612520514981805
2003,32050,-0.164998481
2003,32051,0.10469297776653183
2003,32052,-0.204193242
2003,32053,-0.109956536
2003,32054,-0.241217601
2003,32055,0.28242125276038116
2003,32056,2.264915065311862
2003,32057,-0.487818696
2008,01001,2.908772417357621
2008,01002,0.1225241826923419
2008,01003,0.9320682272087021
2008,01004,-0.391035344
2008,01005,1.9928988225092594
2008,01006,0.374097466
2008,01007,0.5339209673979994
2008,01008,-0.548498326
2008,01009,-0.356125963
2008,01010,-0.236780554
2008,01011,1.2386606928172383
2008,02001,2.6582370173093706
2008,02002,3.1184418897689556
2008,02003,2.557096938464607
2008,02004,3.3059457028236365
2008,02005,1.9937064661675192
2008,03001,1.6358180311616035
2008,03002,1.5356395074176108
2008,03003,2.4984288721397254
2008,03008,2.4392299569144686
2008,03009,1.4097262432306334
2008,04001,0.6680972057199943
2008,04002,2.4349109146324137
2008,04003,2.689905867025542
2008,04004,1.1304384989342264
2008,04005,0.2019137024486517
2008,04006,0.013877211633766118
2008,04007,-0.150874338
2008,04008,-0.020441891
2008,04009,0.7662621293026718
2008,04010,0.35781668668120303
2008,04011,0.37766750461433324
2008,05001,-1.126258553
2008,05002,2.2481576073575393
2008,05003,0.7746893211377381
2008,05004,1.271647873452885
2008,05005,-0.526730767
2008,05006,0.9611110660439741
2008,05007,0.42926337402810316
2008,05008,-0.502290927
2008,05009,0.8848596815158639
2008,05010,2.420633104208192
2008,05011,-0.159710657
2008,05012,-0.838352007
2008,05013,-0.275027835
2008,05014,-0.104504104
2008,05015,-1.000652864
2008,05016,-0.301570472
2008,05017,1.164083597745952
2008,05018,2.9215108816920803
2008,05019,0.5574598240053255
2008,05020,1.1378121237656842
2008,05021,-0.065566377
2008,05022,0.9301215196011406
2008,05023,0.6798325909847158
2008,05024,0.9175456831440107
2008,05025,2.7380207889072055
2008,05026,-0.633466438
2008,05027,2.9179095601360596
2008,05028,2.1529020068588984
2008,05029,-0.312702866
2008,05030,2.9806688942114774
2008,05031,0.5905677712201385
2008,05032,1.5054359559525412
2008,05033,1.358299356927451
2008,05034,0.4583072326470717
2008,05035,3.1626170938624347
2008,05036,-0.340893429
2008,05037,-0.465298405
2008,05038,0.2514409542864506
2008,06001,0.7683866320542883
2008,06002,2.394644462792768
2008,06003,0.3029953319419782
2008,06004,0.052057369438017545
2008,06005,0.6318333428126772
2008,06006,-0.254611139
2008,06007,2.2855164119422904
2008,06008,0.24150568400980701
2008,06009,1.5197513606272939
2008,06010,1.924426227466926
2008,07001,-0.233791218
2008,07002,0.27688077382545545
2008,07003,0.14480685298459703
2008,07004,-0.306587283
2008,07005,-0.398949324
2008,07006,-0.632239726
2008,07007,-0.504920076
2008,07008,0.19621634541020855
2008,07009,1.0451607413234194
2008,07010,-0.977478338
2008,07011,-0.061101193
2008,07012,0.8247706814636736
2008,07013,0.3990141258408504
2008,07014,-0.747308846
2008,07015,0.19643154460021367
2008,07016,-0.130953647
2008,07017,0.5600565741307718
2008,07018,-0.527829551
2008,07019,1.2398070522598532
2008,07020,0.119915418
2008,07021,0.2688655574352321
2008,07022,-0.892315324
2008,07023,-0.621027445
2008,07024,-1.063071491
2008,07025,-0.860824101
2008,07026,-0.729983689
2008,07027,0.9708435445835644
2008,07028,-0.510407172
2008,07029,-0.075854386
2008,07030,-0.201925685
2008,07031,0.047444301
2008,07032,0.2115252590896072
2008,07033,-0.98847604
2008,07034,0.9791781161760589
2008,07035,0.097031335
2008,07036,-0.806850457
2008,07037,0.4030503146293374
2008,07038,-0.957120721
2008,07039,-0.053860078
2008,07040,1.0884871682352377
2008,07041,0.22449366494076045
2008,07042,-0.581879226
2008,07043,-0.200016088
2008,07044,-0.326851625
2008,07045,-0.961563177
2008,07046,-0.049554101
2008,07047,-0.092066411
2008,07048,0.25376143102883214
2008,07049,-0.830673429
2008,07050,-0.375365387
2008,07051,0.30441883682096393
2008,07052,0.695753259
2008,07053,-0.664104605
2008,07054,-0.14980952
2008,07055,-0.484919587
2008,07056,-0.558234547
2008,07057,0.20326300955314827
2008,07059,0.7039287380961169
2008,07060,-0.700724225
2008,07061,0.7712822525469734
2008,07062,-0.477030197
2008,07063,-0.481131593
2008,07064,0.001573136
2008,07065,1.1332183647996548
2008,07066,-0.085411229
2008,07067,-0.718296343
2008,07068,0.5824197069382621
2008,07069,0.49242563857641514
2008,07070,-0.558730194
2008,07071,0.15703293394680184
2008,07072,0.11216289678714096
2008,07073,0.026448452218515064
2008,07074,0.3928157973670869
2008,07075,0.3222486470010041
2008,07076,-0.232176166
2008,07077,-0.123629061
2008,07078,1.6548916964679552
2008,07079,-0.229268761
2008,07080,-0.415353997
2008,07081,0.408528045
2008,07082,-0.818510475
2008,07083,-0.297066855
2008,07084,-0.529023902
2008,07085,-0.749806373
2008,07086,-0.028666496
2008,07087,0.8557752206186892
2008,07088,-1.016139266
2008,07089,2.1848495454362715
2008,07090,-1.024009116
2008,07091,0.002219705
2008,07092,0.10010106018495486
2008,07093,-0.249371547
2008,07094,0.067043665
2008,07096,-0.206468265
2008,07097,0.4912675717913435
2008,07098,-0.680060316
2008,07099,0.12566718143572922
2008,07100,-0.503741632
2008,07101,2.6450084013622464
2008,07102,-0.278663061
2008,07103,-0.432125704
2008,07104,0.183635567
2008,07105,-0.589063281
2008,07106,0.1837199329467863
2008,07107,-0.011353341
2008,07108,0.9470792161469985
2008,07109,0.37369921998858147
2008,07110,-0.879913107
2008,07111,-0.15653305
2008,07112,-1.045713001
2008,07113,-1.162737647
2008,07114,0.18807488504964548
2008,07115,-0.744335029
2008,07116,-0.416673615
2008,07117,-0.994308566
2008,07118,-1.111476601
2008,07119,-1.34413545
2008,08001,0.4746779302982052
2008,08002,0.40687248225369554
2008,08003,-0.07424217
2008,08004,-0.739064053
2008,08005,0.6108450320597583
2008,08006,-0.369230222
2008,08007,-0.086961439
2008,08008,-0.592523069
2008,08009,0.25507680103655395
2008,08010,0.37105933864226154
2008,08011,1.3928381546862774
2008,08012,-0.232409596
2008,08013,-0.196893373
2008,08014,-0.915384279
2008,08015,-0.570093271
2008,08016,-0.308266901
2008,08017,2.0997259832037107
2008,08018,-0.314963399
2008,08019,3.2238395650661764
2008,08020,-0.065424312
2008,08021,2.0892416109099265
2008,08022,-1.310603941
2008,08023,-0.358975289
2008,08024,-0.103826637
2008,08025,0.000662212
2008,08026,-0.698516831
2008,08027,0.22720431507864092
2008,08028,0.4162821211736046
2008,08029,-0.014954455
2008,08030,-0.236217208
2008,08031,0.41508149590601096
2008,08032,1.9839038434665344
2008,08033,-0.71905419
2008,08034,-0.07188892
2008,08035,-0.410674156
2008,08036,1.246011326941663
2008,08037,3.461226147
2008,08038,-0.283755947
2008,08039,-0.405778198
2008,08040,0.26769857529139696
2008,08041,-0.704432705
2008,08042,-0.472816842
2008,08043,-0.205082015
2008,08044,-0.060679128
2008,08045,0.6402441457994595
2008,08046,-0.708978428
2008,08047,-0.653645219
2008,08048,0.3450833149932838
2008,08049,-0.401479662
2008,08050,1.5053402931278843
2008,08051,-0.874365809
2008,08052,1.1708086641781008
2008,08053,0.6348845072176846
2008,08054,-0.88637562
2008,08055,-0.290852679
2008,08056,-0.920116044
2008,08057,-0.60998611
2008,08058,-0.747755739
2008,08059,-0.078448646
2008,08060,0.4221747860854573
2008,08061,-0.626593036
2008,08062,0.7184662944953423
2008,08063,-0.409956315
2008,08064,-0.595751464
2008,08065,0.08901209
2008,08066,-1.003782338
2008,08067,-0.244844687
2008,09002,3.2785248381710095
2008,09003,2.9009469285830587
2008,09004,2.8368016745487012
2008,09005,3.125597091934882
2008,09006,2.899845805781966
2008,09007,2.921706480116041
2008,09008,2.259380749896233
2008,09009,1.334524659643635
2008,09010,3.502771973962544
2008,09011,2.067616981080471
2008,09012,3.0766025192080284
2008,09013,1.9671507602212912
2008,09014,3.665870846919711
2008,09015,3.4161226788266514
2008,09016,3.597410833287374
2008,09017,3.110517515591445
2008,10001,0.20717896410581957
2008,10002,-0.542212878
2008,10003,-0.873227435
2008,10004,0.5104649231436008
2008,10005,2.574147313542381
2008,10006,-0.648802318
2008,10007,2.6077249814789405
2008,10008,0.7868889652780754
2008,10009,-0.196373855
2008,10010,-0.822577713
2008,10011,-0.845029915
2008,10012,1.4610806782598342
2008,10013,-0.138550344
2008,10014,-0.041521049
2008,10015,-0.422724468
2008,10016,-0.24607145
2008,10017,-0.075428873
2008,10018,0.25704466920708524
2008,10019,-0.223034855
2008,10020,0.1283804817830185
2008,10021,-0.629286011
2008,10022,0.11831486794656611
2008,10023,0.7782374899625288
2008,10024,-0.114248974
2008,10025,-0.712733274
2008,10026,-0.082484667
2008,10027,-0.469700942
2008,10028,-0.554190114
2008,10029,-0.771754794
2008,10030,-1.141666759
2008,10031,-0.676298101
2008,10032,0.8344652750414084
2008,10033,-0.502362535
2008,10034,-0.384547212
2008,10035,0.058997753415469555
2008,10036,-0.129523723
2008,10037,-0.306495748
2008,10038,0.49243897458128105
2008,10039,0.4786788367198569
2008,11001,0.9099731863157946
2008,11002,1.519305100089002
2008,11003,1.8284693073999918
2008,11004,1.3196061085649817
2008,11005,1.5360258446436956
2008,11006,-0.418493803
2008,11007,2.7544523244626538
2008,11008,0.6454539307418597
2008,11009,0.5593084998777288
2008,11010,0.14695861911204625
2008,11011,1.0290200842948065
2008,11012,0.34221521314941517
2008,11013,0.019183871171638497
2008,11014,1.142424612110247
2008,11015,1.9993171023624288
2008,11016,0.3953516718876473
2008,11017,2.334979954580695
2008,11018,0.227433355
2008,11019,0.20511222970161364
2008,11020,3.231400679373231
2008,11021,1.849750149323056
2008,11022,0.015571212748600644
2008,11023,1.5960376543967791
2008,11024,0.3574146794270327
2008,11025,1.7569552104657054
2008,11026,0.6597182943297126
2008,11027,2.105542588138382
2008,11028,1.0057699425401718
2008,11029,-0.057441314
2008,11030,0.7875062281507014
2008,11031,2.1369467063423047
2008,11032,1.4325226732541811
2008,11033,0.9323747644977995
2008,11034,-0.415094261
2008,11035,0.8815848038316635
2008,11036,-0.186637518
2008,11037,1.8608462593604855
2008,11038,-0.113162689
2008,11039,0.03844595
2008,11040,-0.423800128
2008,11041,1.252660975448418
2008,11042,0.7948936777881096
2008,11043,0.075936418
2008,11044,1.431348974222368
2008,11045,-0.466632697
2008,11046,0.5946329980207387
2008,12001,2.097260716
2008,12002,-0.533886909
2008,12003,-0.131110942
2008,12004,-0.713162842
2008,12005,-0.453053734
2008,12006,-0.02042695
2008,12007,0.44771043313959946
2008,12008,-0.48715539
2008,12009,-1.018040543
2008,12010,-0.481627715
2008,12011,0.5426964598193278
2008,12012,0.11136550853741566
2008,12013,-0.115395772
2008,12014,-0.1312313
2008,12015,0.21062656178497008
2008,12016,-0.508180384
2008,12017,-0.530536121
2008,12018,-0.665438165
2008,12019,-0.209189905
2008,12020,-0.866713033
2008,12021,0.3910491130767785
2008,12022,0.2980267191525379
2008,12023,0.5178718484995898
2008,12024,-0.357686968
2008,12025,-0.711932035
2008,12026,-0.827995918
2008,12027,-0.04039162
2008,12028,1.0610095419605274
2008,12029,1.6557636157440454
2008,12030,-0.294418369
2008,12031,-0.321216466
2008,12032,-0.225808736
2008,12033,-0.121761288
2008,12034,0.52710968
2008,12035,1.8721640695390465
2008,12036,-0.241185829
2008,12037,-0.022439532
2008,12038,1.815836778114175
2008,12039,0.20087540511383095
2008,12040,0.31330354547301487
2008,12041,-0.752952015
2008,12042,-0.247822418
2008,12043,-0.58390143
2008,12044,-0.073569236
2008,12045,0.19377503368451607
2008,12046,0.5545937187577976
2008,12047,-0.752029799
2008,12048,-0.178221124
2008,12049,-0.399897461
2008,12050,1.1770181254381369
2008,12051,-0.498800575
2008,12052,-0.319866248
2008,12053,0.005423959
2008,12054,-0.010977407
2008,12055,2.979653400571495
2008,12056,-0.335630438
2008,12057,0.6806814742986972
2008,12058,0.6830650578192841
2008,12059,-0.278179882
2008,12060,-0.386029701
2008,12061,0.2194468280870668
2008,12062,0.019182408921126215
2008,12063,-0.734616165
2008,12064,-0.196938442
2008,12065,-0.664080052
2008,12066,0.28974105739352635
2008,12067,0.097523684
2008,12068,0.524588122
2008,12069,-1.027144014
2008,12070,-0.536983167
2008,12071,0.21924920275085769
2008,12072,-1.131825205
2008,12073,-0.253467158
2008,12074,-0.688789324
2008,12075,0.5691132252072466
2008,12076,-0.663677143
2008,12077,0.099675561
2008,12078,-0.845185665
2008,12079,-0.81497896
2008,12080,-0.556602263
2008,12081,-0.80758874
2008,13001,-0.014022178
2008,13002,-0.254021779
2008,13003,1.2019763753128798
2008,13004,-0.175314108
2008,13005,-0.003914692
2008,13006,-0.177629782
2008,13007,-0.576879063
2008,13008,0.9281148512626852
2008,13009,-0.397833927
2008,13010,1.3265818847424113
2008,13011,-0.244890854
2008,13012,0.5758406275195598
2008,13013,1.4914808327918954
2008,13014,-0.816535043
2008,13015,-0.623634646
2008,13016,0.3843078659539175
2008,13017,-0.346325153
2008,13018,-0.085214487
2008,13019,-0.625078859
2008,13020,-1.197007341
2008,13021,0.5160659312261229
2008,13022,-0.074055462
2008,13023,-0.009134273
2008,13024,-0.067377374
2008,13025,-0.099572502
2008,13026,-0.656168576
2008,13027,-0.488844852
2008,13028,1.2408456834579522
2008,13029,0.3983776768516475
2008,13030,1.0608380524546588
2008,13031,0.1443328269485584
2008,13032,-0.29769944
2008,13033,-1.055171412
2008,13034,-0.892699945
2008,13035,-0.065501299
2008,13036,-0.373727395
2008,13037,-0.348295841
2008,13038,0.075691345
2008,13039,0.42098268585509696
2008,13040,-0.452285008
2008,13041,1.1355897759378322
2008,13042,0.043946749
2008,13043,-0.769949007
2008,13044,0.038383111
2008,13045,-0.297757185
2008,13046,-0.08159603
2008,13047,-0.734649473
2008,13048,2.682223301849959
2008,13049,-0.294022167
2008,13050,0.9143594349424432
2008,13051,2.0882457107767967
2008,13052,0.5581373916812546
2008,13053,-0.317575154
2008,13054,0.19832215310790696
2008,13055,0.007242581
2008,13056,0.7968668353872681
2008,13057,0.37251616437193313
2008,13058,0.13554825452357833
2008,13059,0.20528648838436422
2008,13060,-0.50772711
2008,13061,2.0044460275457068
2008,13062,-0.394725025
2008,13063,1.352681097988504
2008,13064,0.023483751
2008,13065,0.031470918
2008,13066,0.2869318983143637
2008,13067,-0.139907071
2008,13068,-0.470987537
2008,13069,2.466561145249578
2008,13070,0.5959567787798419
2008,13071,-1.00658126
2008,13072,0.10421449559197109
2008,13073,0.020762816
2008,13074,0.4247354931160911
2008,13075,1.3007350325541152
2008,13076,1.6931277665735422
2008,13077,1.7992249826053686
2008,13078,-0.95215143
2008,13079,-0.62773965
2008,13080,-0.590784015
2008,13081,0.1854528964713793
2008,13082,0.160992038
2008,13083,0.6952274539759242
2008,13084,0.938856868
2008,14001,0.007863767
2008,14002,0.32891498573762773
2008,14003,0.3169564539197687
2008,14004,-0.635326024
2008,14005,-0.151582623
2008,14006,1.0825515029871449
2008,14007,-0.277126372
2008,14008,1.6022712034209237
2008,14009,0.22836899045571207
2008,14010,-0.280738253
2008,14011,-0.434591624
2008,14012,-0.299106822
2008,14013,1.1033240731149139
2008,14014,-0.197770744
2008,14015,1.5674323196944564
2008,14016,1.1496331694327595
2008,14017,0.29720934660682763
2008,14018,1.0249676302410173
2008,14019,-0.062958705
2008,14020,-0.420773599
2008,14021,0.2197159706544589
2008,14022,1.363286660732322
2008,14023,1.7861087233574502
2008,14024,0.33018331367540116
2008,14025,0.47835631466594836
2008,14026,-0.227423537
2008,14027,-0.529724876
2008,14028,-0.444299777
2008,14029,0.005739378
2008,14030,1.1283626883876308
2008,14031,-0.44935686
2008,14032,-0.556114354
2008,14033,0.6050359650014149
2008,14034,-0.549523083
2008,14035,1.2224188865862797
2008,14036,0.47924403227896123
2008,14037,1.1746154111219202
2008,14038,-0.56367903
2008,14039,3.3688217384217936
2008,14040,-0.277104999
2008,14041,-0.157447553
2008,14042,0.1001312744268805
2008,14043,0.1971170393911683
2008,14044,0.42534776069852337
2008,14045,0.2387147318373993
2008,14046,0.6382915922779766
2008,14047,0.14354945471270975
2008,14048,0.078485224
2008,14049,-0.736297956
2008,14050,0.4967665045859224
2008,14051,-0.132527426
2008,14052,-0.259112743
2008,14053,1.8296888705163912
2008,14054,-0.228971315
2008,14055,0.21332943008351693
2008,14056,-0.759890687
2008,14057,-0.288293299
2008,14058,0.4447501313982576
2008,14059,0.22157110616609632
2008,14060,-0.354404652
2008,14061,-0.239119032
2008,14062,-0.447811257
2008,14063,1.6377139239318044
2008,14064,0.035083297174821795
2008,14065,-0.092313199
2008,14066,0.8581434755237591
2008,14067,2.3823357584416636
2008,14068,0.004210006
2008,14069,-0.347799971
2008,14070,2.8388920821981154
2008,14071,-0.545306372
2008,14072,0.006695775
2008,14073,1.2654439903132972
2008,14074,0.4293234454687742
2008,14075,-0.416792761
2008,14076,-0.290320008
2008,14077,0.049305149195879604
2008,14078,0.7079257888728245
2008,14079,-0.092165598
2008,14080,-0.264812532
2008,14081,-0.513807283
2008,14082,0.6865883678798789
2008,14083,1.0052571004172393
2008,14084,-0.243534445
2008,14085,0.8666874639231338
2008,14086,0.081282789
2008,14087,0.17758820518569915
2008,14088,0.44042400330366005
2008,14089,-0.784079891
2008,14090,0.056620499035420206
2008,14091,0.1769691419285066
2008,14092,0.31846385322219367
2008,14093,1.779752184
2008,14094,0.8097738046322489
2008,14095,-0.335600774
2008,14096,0.11738049690420953
2008,14097,2.762749373409794
2008,14098,2.962204878022317
2008,14099,-0.380769217
2008,14100,0.10196366981662353
2008,14101,1.8839498846121772
2008,14102,0.2748851761082386
2008,14103,-0.116255201
2008,14104,-0.54198825
2008,14105,0.14711186994801104
2008,14106,-0.928968459
2008,14107,-0.388981176
2008,14108,1.0495712302202103
2008,14109,0.080175251
2008,14110,0.2760765934923862
2008,14111,-0.071101234
2008,14112,0.27467090352091794
2008,14113,0.13034277014676354
2008,14114,0.172357487
2008,14115,-0.267014809
2008,14116,0.8101641913014161
2008,14117,-0.151354407
2008,14118,0.4266402051656365
2008,14119,0.46421860950521715
2008,14120,3.119462722
2008,14121,0.7401489276238987
2008,14122,-0.478322032
2008,14123,0.042972896
2008,14124,1.373439091703403
2008,14125,0.35691003491580253
2008,15001,0.19036221229069666
2008,15002,2.029022397998548
2008,15003,0.007446019
2008,15004,-0.1591338
2008,15005,0.8433145907373537
2008,15006,0.30187824270055275
2008,15007,-0.460977962
2008,15008,-0.342268478
2008,15009,0.9926127674264335
2008,15010,1.3857068476796752
2008,15011,0.8999210992917006
2008,15012,1.366529201350768
2008,15013,2.694334315099451
2008,15014,1.7697197008793175
2008,15015,0.4618200563013694
2008,15016,0.2333451283160919
2008,15017,-0.318705776
2008,15018,0.3507301324268031
2008,15019,1.5236022691444218
2008,15020,1.9461118070003611
2008,15021,0.28662298733319613
2008,15022,0.086374528
2008,15023,1.2208438198638525
2008,15024,2.1439018048990817
2008,15025,1.9439199158557778
2008,15026,-0.294247707
2008,15027,-0.820535332
2008,15028,1.1490346697921854
2008,15029,1.7567837004608025
2008,15030,1.8073012914022564
2008,15031,1.1280265904204925
2008,15032,-0.594074285
2008,15033,2.5371612309424454
2008,15034,-0.811540816
2008,15035,1.3505765334862172
2008,15036,0.5659958322007723
2008,15037,1.9172666149007722
2008,15038,-0.318041666
2008,15039,2.0473782630289676
2008,15040,0.8559984480575766
2008,15041,-0.332400257
2008,15042,1.017067788038479
2008,15043,0.24993521922835557
2008,15044,0.34996613591811626
2008,15045,1.0085106501241825
2008,15046,-0.068013336
2008,15047,-0.299532997
2008,15048,1.239629651381993
2008,15049,-0.081814742
2008,15050,0.4629861869623683
2008,15051,2.525443821526138
2008,15052,0.5228492278154753
2008,15053,0.9758697802342586
2008,15054,2.5019800862930617
2008,15055,0.078647661
2008,15056,-0.022786046
2008,15057,3.2332435627661607
2008,15058,2.2856537536968267
2008,15059,0.1260390027378255
2008,15060,1.3178906509478985
2008,15061,0.8383534744870411
2008,15062,1.6249964876146596
2008,15063,-0.211915697
2008,15064,0.1054371796242132
2008,15065,0.5885252549053099
2008,15066,-0.643654812
2008,15067,0.6218119148891752
2008,15068,0.7158961289098938
2008,15069,0.5794715680740098
2008,15070,2.5066663347508067
2008,15071,0.25217204870779397
2008,15072,0.024921746507090514
2008,15073,-0.374038461
2008,15074,1.285389356082216
2008,15075,1.004476687779725
2008,15076,2.479075920150006
2008,15077,-0.745432465
2008,15078,-0.607387867
2008,15079,-0.097044147
2008,15080,-0.360725985
2008,15081,2.355071313226421
2008,15082,0.4718677060835871
2008,15083,0.4311007842384961
2008,15084,0.1488202650347331
2008,15085,0.20805405610602642
2008,15086,0.037941532
2008,15087,0.1891703979791315
2008,15088,1.013497017720554
2008,15089,0.2984726617189468
2008,15090,1.1312327174233583
2008,15091,1.3013496842800334
2008,15092,0.9839433031480689
2008,15093,0.5424750262037622
2008,15094,0.1441765895405117
2008,15095,1.9138008020601711
2008,15096,0.9268468245459098
2008,15097,-0.362152821
2008,15098,-0.075980604
2008,15099,1.9546185843297958
2008,15100,1.4717223999320148
2008,15101,1.3061690851613093
2008,15102,-0.028882786
2008,15103,0.3540102831806916
2008,15104,3.427260270881805
2008,15105,-0.435692262
2008,15106,2.9253307055216986
2008,15107,0.044525570075705075
2008,15108,1.7148185106659868
2008,15109,2.781791239934147
2008,15110,1.181340661
2008,15111,-0.158004274
2008,15112,0.021608161475647893
2008,15113,0.4253503398668195
2008,15114,0.15535912086052467
2008,15115,0.4531192179845223
2008,15116,-0.517167566
2008,15117,-0.440846092
2008,15118,1.3577354011859946
2008,15119,-0.666672467
2008,15120,1.4828636488763751
2008,15121,2.865752439598749
2008,15122,1.790370613045535
2008,15123,-0.009526775
2008,15124,-0.424001047
2008,15125,-0.175115186
2008,16001,0.097888015
2008,16002,-0.240472485
2008,16003,0.71374802
2008,16004,0.12069865263306569
2008,16005,-0.100653316
2008,16006,1.2499173332129467
2008,16007,-0.748113513
2008,16008,-0.196644171
2008,16009,0.6191089994638734
2008,16010,-0.026597317
2008,16011,-0.049640292
2008,16012,0.17774062968578283
2008,16013,-0.400788448
2008,16014,0.29294680163857967
2008,16015,0.31756590114042593
2008,16016,-0.369670307
2008,16017,-0.045909505
2008,16018,-0.37899092
2008,16019,0.7169787607673619
2008,16020,0.4263783863710809
2008,16021,-0.04743504
2008,16022,-0.086010122
2008,16023,0.005474038
2008,16024,-0.243970767
2008,16025,0.18337437525746267
2008,16026,-0.794930946
2008,16027,-0.41517086
2008,16028,0.12025437478794247
2008,16029,0.18672413264774682
2008,16030,0.3409119879426475
2008,16031,-0.275147686
2008,16032,-0.074953224
2008,16033,0.28498120914732833
2008,16034,1.113160373713005
2008,16035,0.31662406593898224
2008,16036,0.071235272
2008,16037,-0.242080732
2008,16038,0.66041918
2008,16039,-0.493022581
2008,16040,0.4339298473074007
2008,16041,-0.452009099
2008,16042,-0.189812244
2008,16043,1.2930470071172377
2008,16044,-0.012524821
2008,16045,0.9753862526888165
2008,16046,-0.334768821
2008,16047,-0.107969496
2008,16048,-0.106932676
2008,16049,-0.243064171
2008,16050,0.8112026148498068
2008,16051,0.6435004080090354
2008,16052,2.1860961007639146
2008,16053,2.3938046079336806
2008,16054,-0.268201694
2008,16055,0.2720761181176708
2008,16056,0.2556170255002857
2008,16057,-0.334169698
2008,16058,0.6342686000879934
2008,16059,-0.517923735
2008,16060,-0.355101302
2008,16061,0.013139231549677933
2008,16062,-0.171850622
2008,16063,0.0595017
2008,16064,-0.047888107
2008,16065,0.8881396736317609
2008,16066,1.7307749736243756
2008,16067,-0.262258359
2008,16068,0.47271226582790793
2008,16069,1.7903697156543976
2008,16070,0.5380796980916737
2008,16071,1.020699072198334
2008,16072,0.002233367
2008,16073,1.5240536851721231
2008,16074,-0.068887898
2008,16075,1.251317970227771
2008,16076,1.6075398680004458
2008,16077,0.12362835447569172
2008,16078,-0.112788899
2008,16079,0.6766386343611057
2008,16080,-0.329373739
2008,16081,-0.888938775
2008,16082,0.700968622
2008,16083,0.511144073
2008,16084,0.273805095
2008,16085,1.050699461182752
2008,16086,-0.044408609
2008,16087,-0.056344043
2008,16088,0.6153176884622321
2008,16089,0.6471268361214126
2008,16090,0.1551218988861962
2008,16091,0.30992891773691184
2008,16092,-0.365070464
2008,16093,0.17082530220723818
2008,16094,-0.193225615
2008,16095,0.655740639
2008,16096,-0.547400251
2008,16097,-0.307541342
2008,16098,0.4693866683010313
2008,16099,-0.263369079
2008,16100,0.047252057
2008,16101,-0.701986135
2008,16102,2.069028071646804
2008,16103,-0.072857236
2008,16104,-0.407837436
2008,16105,-0.705075749
2008,16106,0.9489276098442135
2008,16107,1.4128077755386073
2008,16108,2.0069133707594737
2008,16109,-0.576369315
2008,16110,0.5395804811080901
2008,16111,-0.320965597
2008,16112,1.2383054156180118
2008,16113,0.13282285259994128
2008,17001,-0.060764542
2008,17002,0.32302932076535534
2008,17003,0.5502656342053859
2008,17004,1.0136696817906574
2008,17005,-0.29081896
2008,17006,1.7669146890320337
2008,17007,2.5297275177399405
2008,17008,1.3647045972888627
2008,17009,0.5254269077299042
2008,17010,0.16125042415835267
2008,17011,2.767251920406605
2008,17012,1.1430320880488953
2008,17013,0.30198055534123713
2008,17014,0.026925381806753208
2008,17015,0.059653469
2008,17016,-0.265638356
2008,17017,0.5205382471316004
2008,17018,1.2317161245078385
2008,17019,0.1223911985440616
2008,17020,0.5813661117790455
2008,17021,0.08656443
2008,17022,0.27476207393912117
2008,17023,-0.531386044
2008,17024,0.4122290645302829
2008,17025,0.4996079510756493
2008,17026,0.9594791819563234
2008,17027,-0.188339057
2008,17028,0.7419675484026996
2008,17029,1.4878025087437694
2008,17030,0.081504934
2008,17031,1.0051888022330444
2008,17032,0.14947932138967618
2008,17033,0.2298573670077556
2008,18001,0.6460256555992704
2008,18002,0.5161410159394804
2008,18003,-0.233134244
2008,18004,0.6270329467023958
2008,18005,-0.686140323
2008,18006,0.8672025539714069
2008,18007,-0.043251873
2008,18008,0.9938138976182771
2008,18009,-0.576464404
2008,18010,0.3267431523564026
2008,18011,0.36629136877613416
2008,18012,0.42288940413503584
2008,18013,-0.190521351
2008,18014,-0.038105739
2008,18015,0.9993819897968754
2008,18016,0.8412045763206547
2008,18017,2.423245814285261
2008,18018,0.571450046
2008,18019,-0.647566742
2008,18020,1.474173968192152
2008,19001,0.13914028987184288
2008,19002,0.206153889
2008,19003,-0.441921962
2008,19004,1.7120843344114076
2008,19005,0.8457481517024469
2008,19006,3.275539799025253
2008,19007,0.21096149253135363
2008,19008,-0.541588558
2008,19009,2.386309762035034
2008,19010,1.3674417720594751
2008,19011,0.6723634164955239
2008,19012,1.8143605310588065
2008,19013,1.0354326438161623
2008,19014,0.2788154788065312
2008,19015,-0.605489237
2008,19016,1.2104577568126755
2008,19017,0.7481533623410372
2008,19018,2.8109002268176586
2008,19019,3.2598909233921365
2008,19020,0.4782904485781341
2008,19021,2.642138050149365
2008,19022,0.6254016508150606
2008,19023,-0.809999642
2008,19024,-0.340719818
2008,19025,1.9632968419741865
2008,19026,3.0321768690303332
2008,19027,-0.290002544
2008,19028,-0.292900644
2008,19029,-0.26951295
2008,19030,-0.169661492
2008,19031,2.4104554665318796
2008,19032,-0.014092658
2008,19033,1.9846356202347393
2008,19034,0.069746968
2008,19035,-0.844809571
2008,19036,-0.691759589
2008,19037,0.003826924
2008,19038,1.6456857337327988
2008,19039,3.4615669670099254
2008,19040,0.1386061980522734
2008,19041,0.901542595
2008,19042,-0.250372379
2008,19043,-0.507717881
2008,19044,1.4017674088670442
2008,19045,1.643998748911963
2008,19046,3.370030524697226
2008,19047,1.0020774026666948
2008,19048,2.9009383887314093
2008,19049,1.300829916
2008,19050,-0.477598664
2008,19051,-0.326569352
2008,20001,-0.769718552
2008,20002,-0.185794126
2008,20003,-1.024960494
2008,20004,-0.872460445
2008,20005,-0.064490889
2008,20006,0.4821362686447256
2008,20007,-0.459341556
2008,20008,-0.416128433
2008,20009,-0.442795822
2008,20010,0.6228026760258644
2008,20011,-0.893057044
2008,20012,-0.825900618
2008,20013,-0.474546821
2008,20014,0.5913364964576968
2008,20015,-1.46558206
2008,20016,-0.976682404
2008,20017,-1.282170757
2008,20018,-1.348014579
2008,20019,-1.154725411
2008,20020,-0.777326686
2008,20021,0.33581142603877434
2008,20022,-0.949683309
2008,20023,-0.135478423
2008,20024,-0.903206453
2008,20025,-0.385102033
2008,20026,-0.539938243
2008,20027,-0.957316755
2008,20028,0.45516478755524115
2008,20029,-0.872755368
2008,20030,0.017438351
2008,20031,-0.424071247
2008,20032,-1.063083038
2008,20033,-0.483930694
2008,20034,-0.620054698
2008,20035,0.051964483915732634
2008,20036,-0.523919116
2008,20037,-0.938462306
2008,20038,-0.828419591
2008,20039,1.3113033709851238
2008,20040,-1.056419288
2008,20041,0.1614250796253908
2008,20042,-0.169011852
2008,20043,0.9830491039537415
2008,20044,0.4811322143070063
2008,20045,-0.08811382
2008,20046,-0.551650809
2008,20047,-1.724935938
2008,20048,-1.616680022
2008,20049,-0.533238148
2008,20050,-0.882221546
2008,20051,-0.799035903
2008,20052,-0.45715942
2008,20053,-1.023436552
2008,20054,-0.773654161
2008,20055,-0.543654779
2008,20056,-1.064162214
2008,20057,0.5459972759838065
2008,20058,-1.076724803
2008,20059,0.47344364333126915
2008,20060,-1.004615527
2008,20061,-0.498227014
2008,20062,-0.956503802
2008,20063,-0.178270402
2008,20064,-0.704081402
2008,20065,-0.829131201
2008,20066,-0.560799429
2008,20067,2.2750832701084103
2008,20068,0.5292609571508754
2008,20069,-1.210321858
2008,20070,-0.602601064
2008,20071,-0.804592634
2008,20072,-0.637879753
2008,20073,0.22458162171417134
2008,20074,-1.359582381
2008,20075,-0.273826569
2008,20076,-0.688396527
2008,20077,-0.76637026
2008,20078,-0.933572911
2008,20079,1.7964832106203876
2008,20080,-0.854084486
2008,20081,-1.449290158
2008,20082,-0.793016126
2008,20083,0.7656907388335702
2008,20084,-0.046520174
2008,20085,-0.672750294
2008,20086,-0.887179912
2008,20087,0.19341557390310815
2008,20088,-0.886977563
2008,20089,-1.24133795
2008,20090,-0.047455005
2008,20091,0.06920404
2008,20092,-1.058915158
2008,20093,-1.908682836
2008,20094,-1.08607336
2008,20095,-0.92755555
2008,20096,-0.690057901
2008,20097,-0.915810015
2008,20098,-0.925647192
2008,20099,-1.235224133
2008,20100,-1.240233794
2008,20101,-1.38615662
2008,20102,-0.675071478
2008,20103,0.023968928
2008,20104,-0.602479377
2008,20105,-1.070339921
2008,20106,-1.724935938
2008,20107,0.48632993975130895
2008,20108,-1.14851033
2008,20109,-1.135493361
2008,20110,-0.56909312
2008,20111,-0.810134198
2008,20112,-0.882818873
2008,20113,-1.219897144
2008,20114,-1.362075631
2008,20115,0.33673390756523763
2008,20116,-1.238762403
2008,20117,-0.577560522
2008,20118,-0.791066704
2008,20119,-1.236871298
2008,20120,-0.28785454
2008,20121,-1.072086938
2008,20122,-1.097913283
2008,20123,-0.793471895
2008,20124,0.25908583663657864
2008,20125,-1.074543621
2008,20126,-1.308013325
2008,20127,-1.510358961
2008,20128,-0.401372434
2008,20129,-0.714549041
2008,20130,-0.759270112
2008,20131,-0.535793019
2008,20132,-0.209545674
2008,20133,-0.744116201
2008,20134,-0.379358511
2008,20135,-0.814966936
2008,20136,-0.644504189
2008,20137,-0.748199666
2008,20138,-0.407163568
2008,20139,-1.418155712
2008,20140,-1.334580276
2008,20141,-0.426396444
2008,20142,-1.127401268
2008,20143,-0.07338869
2008,20144,-0.94226516
2008,20145,0.040451225
2008,20146,-1.146497859
2008,20147,-1.65807924
2008,20148,-1.391253785
2008,20149,-0.62126436
2008,20150,-0.131395132
2008,20151,-1.593361228
2008,20152,-0.61772189
2008,20153,-0.653604701
2008,20154,-1.147347406
2008,20155,-1.574462466
2008,20156,-0.717944509
2008,20157,1.1012088489085678
2008,20158,-0.985810714
2008,20159,-1.09682683
2008,20160,-1.110128603
2008,20161,-1.076318753
2008,20162,-0.910917907
2008,20163,-0.768194636
2008,20164,-0.772143875
2008,20165,-0.953829755
2008,20166,-0.434292406
2008,20167,-1.096769252
2008,20168,-0.982023776
2008,20169,-0.477606669
2008,20170,-0.955791376
2008,20171,-0.992523623
2008,20172,-0.785941219
2008,20173,-0.977127969
2008,20174,-0.322818097
2008,20175,-0.673782367
2008,20176,-0.428758613
2008,20177,-0.060458856
2008,20178,-0.621333798
2008,20179,-1.237828074
2008,20180,-1.143863632
2008,20181,-1.302598965
2008,20182,-1.336847228
2008,20183,-1.164813506
2008,20184,1.6119531113741128
2008,20185,-0.49772273
2008,20186,-1.097628469
2008,20187,-1.266274723
2008,20188,-0.787117892
2008,20189,-0.839213051
2008,20190,-0.377584387
2008,20191,-0.796296819
2008,20192,-0.788818058
2008,20193,-0.484454777
2008,20194,-0.770579254
2008,20195,-0.560192044
2008,20196,-0.374417722
2008,20197,-0.090674124
2008,20198,-0.858572997
2008,20199,-1.215852762
2008,20200,-0.589695482
2008,20201,-1.011428749
2008,20202,-0.924764989
2008,20203,-1.071790336
2008,20204,-1.604564119
2008,20205,-1.426366909
2008,20206,-1.283740606
2008,20207,-1.115265176
2008,20208,-0.453774182
2008,20209,-1.064218075
2008,20210,-1.553942703
2008,20211,-1.472265863
2008,20212,-1.549949335
2008,20213,-1.1507161
2008,20214,-1.029331247
2008,20215,-1.463885733
2008,20216,-0.356140694
2008,20217,-1.328696626
2008,20218,-1.881146848
2008,20219,-0.877551647
2008,20220,-1.454194597
2008,20221,-0.263811397
2008,20222,-1.158690252
2008,20223,-1.433402343
2008,20224,-1.240844288
2008,20225,-0.945790203
2008,20226,-0.941534508
2008,20227,0.297647874
2008,20228,-1.193527502
2008,20229,-1.507084055
2008,20230,-0.691443389
2008,20231,-0.858230474
2008,20232,-0.078488701
2008,20233,-0.859290731
2008,20234,-1.408029951
2008,20235,-0.220419985
2008,20236,-1.167904056
2008,20237,-0.746737125
2008,20238,-0.520139515
2008,20239,-0.684881008
2008,20240,-1.041178211
2008,20241,-1.068114423
2008,20242,-0.148183143
2008,20243,-0.722788216
2008,20244,-0.85122685
2008,20245,-1.251613208
2008,20246,-1.347450147
2008,20247,-0.379796433
2008,20248,-0.28447218
2008,20249,-0.783399135
2008,20250,-1.205011564
2008,20251,-1.319436256
2008,20252,-1.336848481
2008,20253,-1.029454727
2008,20254,-0.774218967
2008,20255,-0.806113682
2008,20256,-1.484313998
2008,20257,-0.695436159
2008,20258,-1.1708234
2008,20259,-1.295532285
2008,20260,-1.002791616
2008,20261,-1.101436478
2008,20262,-1.066774273
2008,20263,-0.737162743
2008,20264,-1.276495439
2008,20265,-0.356070436
2008,20266,-0.817565561
2008,20267,-1.305801493
2008,20268,-0.601417561
2008,20269,-0.58264819
2008,20270,-1.448494671
2008,20271,-0.965105882
2008,20272,-0.788973084
2008,20273,-0.880806566
2008,20274,-1.53782652
2008,20275,-0.872053641
2008,20276,-1.417195972
2008,20277,-0.387987541
2008,20278,-0.506767976
2008,20279,-1.215922174
2008,20280,-0.642292903
2008,20281,-1.822303191
2008,20282,-1.034072158
2008,20283,-1.45535798
2008,20284,-1.492931978
2008,20285,-0.874507341
2008,20286,-0.61607971
2008,20287,-1.525713852
2008,20288,-1.601435209
2008,20289,-1.242302573
2008,20290,-0.785817858
2008,20291,-1.136539114
2008,20292,0.088395383
2008,20293,0.44152951959818826
2008,20294,-0.061851777
2008,20295,0.27818181804626035
2008,20296,-0.625603663
2008,20297,-0.593182746
2008,20298,0.006943281
2008,20299,-0.959529476
2008,20300,-0.904781182
2008,20301,-0.462745778
2008,20302,-1.08696638
2008,20303,-1.113504541
2008,20304,-1.338069937
2008,20305,-0.529573947
2008,20306,-0.984838033
2008,20307,-0.482110428
2008,20308,-0.473032535
2008,20309,-0.846005864
2008,20310,-0.613872349
2008,20311,-1.888849047
2008,20312,-0.712644473
2008,20313,-2.029830134
2008,20314,-0.711425384
2008,20315,-0.797444837
2008,20316,-0.963143424
2008,20317,-0.833558409
2008,20318,1.165887059505157
2008,20319,-0.961604616
2008,20320,-0.809885213
2008,20321,-0.702645661
2008,20322,-1.275527274
2008,20323,-0.927330072
2008,20324,0.30609850411083656
2008,20325,-0.575835076
2008,20326,-1.240432986
2008,20327,0.2802092597411909
2008,20328,-0.092898298
2008,20329,-0.780877238
2008,20330,-1.166702842
2008,20331,-0.215241669
2008,20332,-1.714390506
2008,20333,-0.494697464
2008,20334,0.15434838431340214
2008,20335,-1.362800834
2008,20336,-0.692224114
2008,20337,-0.275238013
2008,20338,0.5614204792035343
2008,20339,-0.224313791
2008,20340,-0.822406469
2008,20341,-1.222680623
2008,20342,-0.842734993
2008,20343,-0.716579485
2008,20344,-0.926685371
2008,20345,-0.895060112
2008,20346,-1.353727156
2008,20347,-0.867596272
2008,20348,-0.307560679
2008,20349,-1.249996548
2008,20350,0.8640571838979954
2008,20351,-0.827827996
2008,20352,-0.897821274
2008,20353,-1.024627743
2008,20354,-0.903126016
2008,20355,-1.111322377
2008,20356,-0.864306696
2008,20357,-1.360735067
2008,20358,-0.826908111
2008,20359,-1.113683401
2008,20360,-0.655148739
2008,20361,-1.124043163
2008,20362,-0.63902033
2008,20363,-1.143303929
2008,20364,-0.654233268
2008,20365,-0.683471555
2008,20366,-0.556402939
2008,20367,-0.669016095
2008,20368,-0.624147636
2008,20369,-0.615516181
2008,20370,-0.615077127
2008,20371,-0.49546482
2008,20372,-0.943305105
2008,20373,-1.809912856
2008,20374,-1.163713822
2008,20375,0.2554415575477354
2008,20376,-1.409090912
2008,20377,-0.632620203
2008,20378,-1.045471121
2008,20379,-0.443423299
2008,20380,-0.712991627
2008,20381,-0.688985784
2008,20382,-1.137819653
2008,20383,-1.692022545
2008,20384,-1.873569309
2008,20385,1.4424940971977738
2008,20386,-0.831199842
2008,20387,-0.724562917
2008,20388,-1.551099045
2008,20389,-0.843590426
2008,20390,1.345542545565544
2008,20391,-1.154452193
2008,20392,-0.710166049
2008,20393,-0.796400824
2008,20394,-0.954610555
2008,20395,-1.987596459
2008,20396,-0.945639952
2008,20397,1.192062079207694
2008,20398,-0.441499222
2008,20399,0.090450709
2008,20400,-0.849073627
2008,20401,0.28614079474631676
2008,20402,-1.07793681
2008,20403,0.1673389188144464
2008,20404,-0.760105747
2008,20405,-0.902556747
2008,20406,-0.416680519
2008,20407,-1.264490171
2008,20408,-1.746827422
2008,20409,0.033662072
2008,20410,-1.120014859
2008,20411,-1.109115813
2008,20412,-0.926782223
2008,20413,1.6619304839570526
2008,20414,-0.78034514
2008,20415,-0.633884633
2008,20416,-0.902856411
2008,20417,-0.650410515
2008,20418,0.055798577719339645
2008,20419,-1.046560055
2008,20420,-0.990527694
2008,20421,0.006419567
2008,20422,-1.653276117
2008,20423,-1.489149548
2008,20424,-0.989740486
2008,20425,-1.100728042
2008,20426,-1.257864514
2008,20427,0.094527784
2008,20428,-1.024721509
2008,20429,-0.700266086
2008,20430,-1.693949713
2008,20431,-1.093276894
2008,20432,-1.348934908
2008,20433,-1.08905582
2008,20434,-0.430260445
2008,20435,-0.82669858
2008,20436,-1.660005929
2008,20437,-0.403689061
2008,20438,-0.734725816
2008,20439,0.1672302824786142
2008,20440,-1.147326409
2008,20441,-1.183317999
2008,20442,-0.770091851
2008,20443,-0.817582143
2008,20444,-0.745130794
2008,20445,-1.588617522
2008,20446,-0.75800111
2008,20447,-0.256734999
2008,20448,-1.924914908
2008,20449,-0.904204889
2008,20450,-0.917821886
2008,20451,-1.218732775
2008,20452,-0.229252598
2008,20453,-0.620477423
2008,20454,-0.925260786
2008,20455,-0.754076552
2008,20456,-0.617646374
2008,20457,-1.234093896
2008,20458,-1.216214223
2008,20459,-0.269776804
2008,20460,-0.386180804
2008,20461,-1.405846118
2008,20462,-0.56727667
2008,20463,-1.01747946
2008,20464,-1.224412356
2008,20465,-1.058992217
2008,20466,-0.789041376
2008,20467,-0.229126471
2008,20468,-1.236356142
2008,20469,0.15537968025027432
2008,20470,-1.119253895
2008,20471,-1.166150455
2008,20472,-0.724341581
2008,20473,-1.092498584
2008,20474,-0.58725786
2008,20475,-0.27805704
2008,20476,-1.334740942
2008,20477,-1.36797228
2008,20478,-1.627223409
2008,20479,-1.510471249
2008,20480,-1.586132364
2008,20481,-0.911345233
2008,20482,0.7564070809327217
2008,20483,-0.213906682
2008,20484,-0.682790712
2008,20485,-1.154256258
2008,20486,-0.881498514
2008,20487,-0.547560838
2008,20488,-1.779261377
2008,20489,-1.178001539
2008,20490,-1.140013254
2008,20491,-0.869091121
2008,20492,-0.159980388
2008,20493,-1.664850499
2008,20494,-1.443617408
2008,20495,-0.936837773
2008,20496,-0.681990907
2008,20497,-1.059142152
2008,20498,-1.451729093
2008,20499,0.08275141
2008,20500,-0.689747409
2008,20501,-1.113945393
2008,20502,-0.920485694
2008,20503,-1.436823188
2008,20504,-1.267785177
2008,20505,-0.777935839
2008,20506,-0.724353635
2008,20507,-0.928456961
2008,20508,-0.871691165
2008,20509,-0.489522771
2008,20510,-1.091277544
2008,20511,-0.89436667
2008,20512,-1.554153066
2008,20513,-0.753653095
2008,20514,-1.050372338
2008,20515,0.866366377
2008,20516,-0.734907286
2008,20517,-1.161737441
2008,20518,-1.127652484
2008,20519,-0.374789148
2008,20520,-0.081108312
2008,20521,-1.381926659
2008,20522,-1.055394398
2008,20523,-0.273458194
2008,20524,-1.629840773
2008,20525,-0.108206659
2008,20526,-0.464451647
2008,20527,-0.844789575
2008,20528,-1.146555621
2008,20529,-1.619087378
2008,20530,-0.595778659
2008,20531,-0.582413092
2008,20532,-0.706468132
2008,20533,-0.863109535
2008,20534,-1.22532669
2008,20535,-0.711147493
2008,20536,-0.989209391
2008,20537,-0.666333024
2008,20538,-1.065659524
2008,20539,-0.354902419
2008,20540,-0.289014465
2008,20541,-0.747123876
2008,20542,-0.704395772
2008,20543,-0.954649034
2008,20544,-0.938692027
2008,20545,-0.114958997
2008,20546,0.45602339443926276
2008,20547,-0.470609011
2008,20548,-0.766923333
2008,20549,-0.527799545
2008,20550,-0.762205322
2008,20551,0.25653204879834446
2008,20552,-1.30712054
2008,20553,0.6832876710059571
2008,20554,-0.632987443
2008,20555,-0.757848996
2008,20556,-1.513773822
2008,20557,-0.753006878
2008,20558,-1.571074178
2008,20559,-0.146563242
2008,20560,-0.764258184
2008,20561,-0.909278777
2008,20562,-0.386102788
2008,20563,-1.220758945
2008,20564,-1.462525453
2008,20565,0.3354950851222548
2008,20566,-1.339746395
2008,20567,-0.574914651
2008,20568,-1.185316358
2008,20569,-0.64500641
2008,20570,0.3210139322483505
2008,21001,0.2084097647978603
2008,21002,-0.475715996
2008,21003,0.3028890195486421
2008,21004,1.1818163461260804
2008,21005,-0.865795196
2008,21006,-0.477341812
2008,21007,-1.117582452
2008,21008,0.039492472775682096
2008,21009,-0.488491106
2008,21010,1.6228335729436547
2008,21011,-0.937717942
2008,21012,-0.536101633
2008,21013,0.3361444375515188
2008,21014,-1.172001468
2008,21015,2.1473720087656085
2008,21016,0.01905072
2008,21017,-0.232089436
2008,21018,-0.84368085
2008,21019,2.009144837601002
2008,21020,-0.469492219
2008,21021,-0.949431964
2008,21022,-0.697221653
2008,21023,-0.550527104
2008,21024,-1.387445913
2008,21025,-0.245772893
2008,21026,-0.065540356
2008,21027,-1.363289998
2008,21028,-0.977389789
2008,21029,-0.665055486
2008,21030,-1.231755687
2008,21031,-0.770347862
2008,21032,-1.097071619
2008,21033,-0.218491293
2008,21034,1.4117485721141816
2008,21035,-0.120522582
2008,21036,-0.681739283
2008,21037,-0.906119724
2008,21038,0.14607502436410896
2008,21039,-0.696761266
2008,21040,-0.511824372
2008,21041,2.178953811223731
2008,21042,-0.474249052
2008,21043,-0.148725691
2008,21044,-0.132088207
2008,21045,0.9516619641458183
2008,21046,-0.67083532
2008,21047,0.4360876099213245
2008,21048,-0.024149851
2008,21049,-1.257946894
2008,21050,-1.212619055
2008,21051,0.8268987390960282
2008,21052,-0.801462021
2008,21053,0.61642095
2008,21054,-0.052920375
2008,21055,-0.444963135
2008,21056,-0.637746745
2008,21057,-0.537697639
2008,21058,-0.687948953
2008,21059,-0.469306336
2008,21060,-0.152725129
2008,21061,-0.969563439
2008,21062,-0.869210812
2008,21063,-0.049507613
2008,21064,-0.262042708
2008,21065,-0.033722918
2008,21066,-0.79613417
2008,21067,0.052638052
2008,21068,-0.809541424
2008,21069,-0.136051213
2008,21070,-0.673588811
2008,21071,1.5926761676634695
2008,21072,-0.472558721
2008,21073,-0.219433194
2008,21074,1.2495238479840403
2008,21075,-0.378609013
2008,21076,-0.243339114
2008,21077,-1.15001935
2008,21078,-1.137158363
2008,21079,-0.437561132
2008,21080,-1.377657772
2008,21081,-0.74526958
2008,21082,-0.285257107
2008,21083,-0.787400098
2008,21084,-0.618420042
2008,21085,1.0799813782141916
2008,21086,-1.476762112
2008,21087,-0.443559733
2008,21088,-0.594667012
2008,21089,-1.022157523
2008,21090,0.15312015834039933
2008,21091,0.3286924085710984
2008,21092,-0.813918515
2008,21093,-0.489889469
2008,21094,0.5946361370490123
2008,21095,-1.279174421
2008,21096,-0.570729402
2008,21097,-0.646343265
2008,21098,-0.349089579
2008,21099,-0.785861411
2008,21100,-0.660979073
2008,21101,-1.126408281
2008,21102,0.4762494455727651
2008,21103,-0.693438682
2008,21104,-0.359827697
2008,21105,-0.741660079
2008,21106,0.7222276408923434
2008,21107,-0.765114692
2008,21108,0.1392886778178407
2008,21109,0.09378831
2008,21110,0.1247819185104792
2008,21111,-0.608331054
2008,21112,-0.357034721
2008,21113,-0.228780093
2008,21114,2.7304402975750297
2008,21115,-0.120487851
2008,21116,-1.047685456
2008,21117,0.3854804011681703
2008,21118,0.7164040955993095
2008,21119,1.9659448179505459
2008,21120,-1.634592728
2008,21121,-0.941667523
2008,21122,-0.331217251
2008,21123,-1.583885497
2008,21124,0.5549314512374961
2008,21125,0.9648083361258744
2008,21126,-0.731108792
2008,21127,-0.766381337
2008,21128,-0.902725515
2008,21129,-0.069639832
2008,21130,-0.445354077
2008,21131,-1.203269842
2008,21132,1.3429775811605418
2008,21133,-0.919112793
2008,21134,0.23849532714101684
2008,21135,-1.734366475
2008,21136,0.9174789295576159
2008,21137,-0.165238034
2008,21138,0.034256683850374225
2008,21139,-0.687676989
2008,21140,2.367363966164109
2008,21141,-0.353709351
2008,21142,0.8319113697514037
2008,21143,0.15687066156452206
2008,21144,0.15380542324023183
2008,21145,-0.200664747
2008,21146,-0.704648734
2008,21147,-0.388660954
2008,21148,-0.76567947
2008,21149,-0.021668849
2008,21150,-0.421963904
2008,21151,0.072841189
2008,21152,-0.165220782
2008,21153,0.6327301435073784
2008,21154,1.177477443388612
2008,21155,0.06578414
2008,21156,2.1942500468113146
2008,21157,-0.209292129
2008,21158,-0.382010451
2008,21159,-1.945438324
2008,21160,-0.536763423
2008,21161,-0.387627358
2008,21162,-0.13706954
2008,21163,0.14305740997765837
2008,21164,1.0178805258809536
2008,21165,-1.055049455
2008,21166,-0.123143634
2008,21167,-0.917019367
2008,21168,-0.244363785
2008,21169,-0.231028347
2008,21170,0.4897989060648535
2008,21171,-0.389365826
2008,21172,0.021080294
2008,21173,0.2004604680957612
2008,21174,1.7431377856021406
2008,21175,-0.584593789
2008,21176,-0.222136808
2008,21177,0.4802122782446891
2008,21178,-0.76986876
2008,21179,-0.363355351
2008,21180,0.6037371358777707
2008,21181,-0.371081723
2008,21182,-0.116908568
2008,21183,-1.016379558
2008,21184,-1.174496175
2008,21185,-0.184555116
2008,21186,0.32481912832477494
2008,21187,-0.606663983
2008,21188,-0.539308953
2008,21189,0.11716190061712677
2008,21190,-1.352158901
2008,21191,0.18743792869048626
2008,21192,-0.535247709
2008,21193,-1.732665368
2008,21194,0.286446167
2008,21195,-0.362815602
2008,21196,-0.308084095
2008,21197,1.1349821264242523
2008,21198,-1.043305605
2008,21199,-0.153019014
2008,21200,-0.55566612
2008,21201,-0.773655085
2008,21202,-0.280577226
2008,21203,-0.617655259
2008,21204,-0.579867232
2008,21205,0.1390941759738542
2008,21206,-0.866277451
2008,21207,0.7142887851662387
2008,21208,1.4906130487502722
2008,21209,-0.306502138
2008,21210,-0.409959371
2008,21211,0.082410718
2008,21212,0.5630593997952326
2008,21213,-0.985317691
2008,21214,0.045196012603635344
2008,21215,-0.596803158
2008,21216,-1.064274338
2008,21217,-0.205086964
2008,22001,0.3675714580451324
2008,22002,-0.38419117
2008,22003,-0.276357726
2008,22004,0.4569283557524975
2008,22005,0.7822673279202053
2008,22006,2.470062845231965
2008,22007,0.71988895
2008,22008,-0.238429026
2008,22009,0.5061818142275295
2008,22010,-0.21396852
2008,22011,2.913970471650842
2008,22012,0.3045223140082376
2008,22013,-0.469717537
2008,22014,3.223137558807077
2008,22015,-0.259413469
2008,22016,2.4694071720052237
2008,22017,1.523289314
2008,22018,-0.293182699
2008,23001,2.2387716403558673
2008,23002,0.7991477908013676
2008,23003,1.2050864944015307
2008,23004,2.2752127800039488
2008,23005,2.9455067710147413
2008,23006,0.38930005763314357
2008,23007,-0.382749923
2008,23008,1.9212958189826885
2008,23009,1.2659638008505034
2008,24001,-0.205308696
2008,24002,-0.463605824
2008,24003,0.039232776
2008,24004,-1.267292945
2008,24005,0.6405864147536605
2008,24006,-0.039072401
2008,24007,0.14883045941380318
2008,24008,0.5358628734269338
2008,24009,-0.056308849
2008,24010,0.098675853
2008,24011,0.077235815
2008,24012,0.24618653406833488
2008,24013,1.9128585062385224
2008,24014,-0.508720214
2008,24015,0.17158896566031784
2008,24016,0.6612038050388683
2008,24017,-0.220424111
2008,24018,-0.664715892
2008,24019,-1.214515867
2008,24020,1.6522696029606736
2008,24021,-0.110416257
2008,24022,0.038589483
2008,24023,-0.202651766
2008,24024,1.3928514095565718
2008,24025,0.4317223230458893
2008,24026,-0.736115897
2008,24027,-0.144579574
2008,24028,3.036281318461023
2008,24029,-0.428941621
2008,24030,-0.989397795
2008,24031,-1.304228767
2008,24032,0.3339388055240491
2008,24033,-0.75123993
2008,24034,0.12329692268855383
2008,24035,2.313785286366925
2008,24036,-0.262114809
2008,24037,1.1025806975673644
2008,24038,-0.376363902
2008,24039,-0.231801827
2008,24040,0.8626079485977151
2008,24041,-0.580289466
2008,24042,0.36157982751001416
2008,24043,-0.335883141
2008,24044,-0.572776865
2008,24045,0.012477715929604947
2008,24046,-0.075316633
2008,24047,-0.540066158
2008,24048,-0.151590811
2008,24049,-0.336938727
2008,24050,1.128313934583483
2008,24051,0.016503953
2008,24052,-0.463637682
2008,24053,-0.242183416
2008,24054,0.025778298
2008,24055,-0.469480153
2008,24056,0.11434449993130222
2008,24057,-0.163027398
2008,24058,0.2117320791777748
2008,25001,2.394208844076507
2008,25002,0.5819586419643556
2008,25003,0.043289757
2008,25004,0.10205537798589112
2008,25005,-0.074728747
2008,25006,2.851867365859831
2008,25007,0.3375388515426372
2008,25008,0.7394056598029622
2008,25009,1.1098554640754248
2008,25010,0.5327452606605827
2008,25011,2.0806906791308384
2008,25012,2.7084586354633786
2008,25013,0.4528396181300231
2008,25014,0.6420072224588543
2008,25015,1.7077597476734356
2008,25016,-0.375501698
2008,25017,0.31866710103440465
2008,25018,0.8707182713422162
2008,26001,-0.663586639
2008,26002,1.8858329336315758
2008,26003,0.3429765519713652
2008,26004,0.2652054654123196
2008,26005,-0.309768147
2008,26006,-0.309969826
2008,26007,-0.864517785
2008,26008,-0.767286069
2008,26009,-0.866179103
2008,26010,-0.956752096
2008,26011,-0.913718603
2008,26012,0.4682085257473847
2008,26013,-0.142098535
2008,26014,-0.33810532
2008,26015,-0.736809653
2008,26016,-0.197358654
2008,26017,1.9347639044210174
2008,26018,2.6034449404510744
2008,26019,1.5955191906549182
2008,26020,-0.421678688
2008,26021,-0.088735877
2008,26022,-0.56590124
2008,26023,0.039325343
2008,26024,-1.035792208
2008,26025,1.665073231805587
2008,26026,0.7168332726366787
2008,26027,-0.070930629
2008,26028,-0.431110639
2008,26029,2.577831233159791
2008,26030,3.1058635618643913
2008,26031,-1.078559575
2008,26032,-0.746815331
2008,26033,1.484576272812885
2008,26034,-0.761031284
2008,26035,0.6135404179627165
2008,26036,1.164847056709148
2008,26037,-0.600030196
2008,26038,-0.080460343
2008,26039,0.7060084844689063
2008,26040,-0.513161834
2008,26041,1.4563239529682221
2008,26042,2.0771801804337304
2008,26043,2.8079631485447742
2008,26044,-1.309986594
2008,26045,-0.255965828
2008,26046,-0.75785146
2008,26047,-0.015556197
2008,26048,1.7355042000678906
2008,26049,-0.47657502
2008,26050,-0.458323415
2008,26051,-0.600027672
2008,26052,-0.321941031
2008,26053,-0.903403664
2008,26054,-0.583834004
2008,26055,1.8728687424177268
2008,26056,-0.130453645
2008,26057,-0.393271237
2008,26058,0.7320229805813039
2008,26059,-0.54848158
2008,26060,-0.955292856
2008,26061,-1.47116929
2008,26062,-0.932489484
2008,26063,-0.658273205
2008,26064,-0.547374242
2008,26065,-0.922149837
2008,26066,-0.040799805
2008,26067,-0.793925294
2008,26068,-0.852241139
2008,26069,-0.350564384
2008,26070,0.9041940391302267
2008,26071,0.6623736397963972
2008,26072,0.12650967639384128
2008,27001,0.2017460497359858
2008,27002,1.5716530207211248
2008,27003,0.9278949962444845
2008,27004,2.8070987838691654
2008,27005,1.2530818890413322
2008,27006,0.7948331677108194
2008,27007,0.8474516820310183
2008,27008,1.0734572135490306
2008,27009,0.1457577766261355
2008,27010,0.45543025458174824
2008,27011,0.354313724
2008,27012,0.990777562
2008,27013,0.6458502
2008,27014,1.7980407660260749
2008,27015,0.12846203121182856
2008,27016,1.0821961050405065
2008,27017,0.948307173
2008,28001,0.006315507
2008,28002,0.34775740462882393
2008,28003,2.218771839412837
2008,28004,0.070408602
2008,28005,-0.532772212
2008,28006,-0.984173403
2008,28007,0.7858331997651996
2008,28008,-0.490805081
2008,28009,2.2340193346112645
2008,28010,-0.514944186
2008,28011,-0.511214381
2008,28012,0.6646381078043386
2008,28013,-0.422154882
2008,28014,-0.063473471
2008,28015,0.9792508600420619
2008,28016,-0.092316601
2008,28017,-0.179961628
2008,28018,-0.071162441
2008,28019,0.018941915643299917
2008,28020,-0.915142653
2008,28021,1.8466463661347727
2008,28022,3.1595662780961282
2008,28023,-0.391950265
2008,28024,0.3358832399827399
2008,28025,1.4154822274769396
2008,28026,-0.859006871
2008,28027,3.099796345038456
2008,28028,-0.342868937
2008,28029,-0.293960759
2008,28030,0.13070944576942364
2008,28031,-0.909439874
2008,28032,3.119148260558301
2008,28033,1.9018006470522617
2008,28034,-0.536804953
2008,28035,1.467225204222475
2008,28036,-1.577241123
2008,28037,0.2529540495525316
2008,28038,2.7799898978882855
2008,28039,0.016065406492640575
2008,28040,2.045995521494846
2008,28041,2.4294229729189403
2008,28042,-0.6386679
2008,28043,0.5804053708339899
2008,29001,0.5852502456591763
2008,29002,0.9776111257093616
2008,29003,-0.73918594
2008,29004,-0.008052365
2008,29005,2.0489704243303377
2008,29006,0.9477674561092964
2008,29007,0.29183576650861964
2008,29008,-0.262540246
2008,29009,-0.034239424
2008,29010,1.2473331769686427
2008,29011,-0.496841795
2008,29012,-0.88588158
2008,29013,0.9151445292052932
2008,29014,-0.134253527
2008,29015,0.3318525552964939
2008,29016,-0.196759071
2008,29017,-0.499794748
2008,29018,0.19956626141635891
2008,29019,0.048083463
2008,29020,-0.185771699
2008,29021,0.014341540793730222
2008,29022,-0.013004548
2008,29023,0.27744751678262247
2008,29024,0.2057631184448142
2008,29025,1.3616869956522268
2008,29026,0.029679983
2008,29027,0.374301289
2008,29028,0.5732538125740674
2008,29029,-0.146803094
2008,29030,-0.180123722
2008,29031,1.2391506913437538
2008,29032,-0.493857046
2008,29033,2.281903552680731
2008,29034,0.5330671281190092
2008,29035,0.030536629
2008,29036,0.7380933650304086
2008,29037,-0.577661019
2008,29038,1.0162387822387358
2008,29039,0.6398152086485138
2008,29040,-0.422096882
2008,29041,1.1147833333588668
2008,29042,0.5109526804972254
2008,29043,0.8871125426633044
2008,29044,0.938351092
2008,29045,-0.493508563
2008,29046,-0.859718119
2008,29047,-0.807151363
2008,29048,0.9038796061076089
2008,29049,-0.459412121
2008,29050,0.2635966741643246
2008,29051,-0.450743754
2008,29052,-0.668189099
2008,29053,1.0532256787069154
2008,29054,-0.152406941
2008,29055,-0.388442485
2008,29056,-0.199285508
2008,29057,-0.466338004
2008,29058,-0.207047806
2008,29059,0.073339217
2008,29060,1.0124147452928092
2008,30001,-0.702974984
2008,30002,-0.488990521
2008,30003,1.0634109898944366
2008,30004,-0.271385759
2008,30005,-0.432001266
2008,30006,-0.39611591
2008,30007,-0.474696114
2008,30008,-0.929728026
2008,30009,-0.107404711
2008,30010,0.3895170136432412
2008,30011,1.3711599991518588
2008,30012,-0.623892785
2008,30013,0.609443531
2008,30014,0.6783008541466987
2008,30015,0.4014602486671246
2008,30016,0.965387878
2008,30017,-0.637349027
2008,30018,-1.040983372
2008,30019,-0.728248438
2008,30020,-0.879095034
2008,30021,0.1095708581523101
2008,30022,-0.781149193
2008,30023,-0.078827243
2008,30024,-0.619249484
2008,30025,-0.364310522
2008,30026,0.9463046698115302
2008,30027,-0.610440999
2008,30028,2.3904846458962363
2008,30029,-0.826294695
2008,30030,0.8054971858939232
2008,30031,-0.678959327
2008,30032,0.30951498322801085
2008,30033,-0.381302999
2008,30034,0.47474380619824735
2008,30035,-0.379792344
2008,30036,-0.426288243
2008,30037,-0.963395508
2008,30038,1.6644123110618434
2008,30039,2.7541539428969153
2008,30040,0.942130479
2008,30041,-1.143512293
2008,30042,-0.336356886
2008,30043,-0.528221468
2008,30044,2.4207202491269126
2008,30045,0.9493312790674833
2008,30046,-0.422965692
2008,30047,0.7505898643215492
2008,30048,1.8626841936768885
2008,30049,0.16485908149455125
2008,30050,-0.545547793
2008,30051,-0.33880256
2008,30052,-0.277207464
2008,30053,0.34076621066741575
2008,30054,-0.322681927
2008,30055,-0.727862287
2008,30056,-1.177573376
2008,30057,-0.292618573
2008,30058,-0.071742987
2008,30059,0.2473825127597499
2008,30060,0.12753888795270535
2008,30061,0.7337113807729425
2008,30062,-0.471213835
2008,30063,-0.511278757
2008,30064,-1.055191067
2008,30065,0.6102308469729929
2008,30066,-0.208782423
2008,30067,-0.967238091
2008,30068,1.5233365908448968
2008,30069,0.5451928842136424
2008,30070,-0.088088245
2008,30071,0.8245996823592576
2008,30072,0.15557663237554945
2008,30073,0.012533710487890622
2008,30074,-0.189578711
2008,30075,-0.233392953
2008,30076,-1.068293038
2008,30077,1.092141210803294
2008,30078,-0.270885592
2008,30079,-0.711427322
2008,30080,-0.541868393
2008,30081,0.098577954
2008,30082,0.008755327
2008,30083,-0.606249172
2008,30084,-0.946274578
2008,30085,1.205364893573644
2008,30086,0.087959935
2008,30087,2.4503012031474913
2008,30088,-0.092845935
2008,30089,1.0417847575212582
2008,30090,-0.062719235
2008,30091,-0.275184249
2008,30092,0.3758702976241976
2008,30093,-0.237024271
2008,30094,0.3202005335270014
2008,30095,-0.342167278
2008,30096,-0.790854957
2008,30097,0.6285929511591739
2008,30098,-1.026200153
2008,30099,-0.297292493
2008,30100,-0.028092933
2008,30101,-0.147445234
2008,30102,1.2996025464988066
2008,30103,-1.086674553
2008,30104,-0.95798105
2008,30105,0.818785829
2008,30106,-0.908703524
2008,30107,-1.234626477
2008,30108,1.9491319142993797
2008,30109,0.664481918
2008,30110,-1.271395381
2008,30111,-0.562826779
2008,30112,0.16125806830650158
2008,30113,-0.553051363
2008,30114,-0.302387857
2008,30115,0.7930527099347583
2008,30116,0.1954789781341519
2008,30117,0.22758958108122712
2008,30118,2.185095979359603
2008,30119,-0.281178172
2008,30120,-0.006632415
2008,30121,0.042208939
2008,30122,-0.552266454
2008,30123,1.5121253725782333
2008,30124,0.5665797225973069
2008,30125,-0.123088218
2008,30126,0.037276087
2008,30127,-0.597727286
2008,30128,1.1222534902664594
2008,30129,-0.243026771
2008,30130,0.10976503096220777
2008,30131,2.2864910778222094
2008,30132,0.1050255721887668
2008,30133,0.870333793
2008,30134,0.29661400363858276
2008,30135,-0.131447836
2008,30136,-0.61118997
2008,30137,-1.469113469
2008,30138,1.535289236808298
2008,30139,-0.650987289
2008,30140,-1.250446016
2008,30141,1.2974687115871097
2008,30142,-0.121132481
2008,30143,0.19824351255201492
2008,30144,-0.150771574
2008,30145,-0.115184292
2008,30146,-0.484733351
2008,30147,0.4658475080114284
2008,30148,0.2124879294503276
2008,30149,-0.483192361
2008,30150,-0.552868859
2008,30151,0.25421164084782044
2008,30152,-0.375987138
2008,30153,-0.84198552
2008,30154,-0.674533453
2008,30155,0.46639489682196256
2008,30156,-0.967560072
2008,30157,-0.135152267
2008,30158,-0.053872634
2008,30159,-0.679992236
2008,30160,0.8995505394019605
2008,30161,0.13385923507123232
2008,30162,-0.915239239
2008,30163,-0.808472421
2008,30164,0.038286545021113026
2008,30165,-0.675238509
2008,30166,-0.77166906
2008,30167,-0.553869594
2008,30168,-0.72280184
2008,30169,0.013895013014539576
2008,30170,-0.923780655
2008,30171,-1.100437811
2008,30172,-0.62260765
2008,30173,0.25995240608474207
2008,30174,1.375201495187247
2008,30175,1.0212328024418285
2008,30176,-0.221523531
2008,30177,-0.734635685
2008,30178,0.2768495652254628
2008,30179,-0.564431007
2008,30180,-0.619997954
2008,30181,0.5961904071072207
2008,30182,-0.076731333
2008,30183,0.7332452285357766
2008,30184,-0.375777262
2008,30185,-0.398137729
2008,30186,-0.095261483
2008,30187,-0.6669791
2008,30188,-0.399435323
2008,30189,1.7837578776724101
2008,30190,-0.730431563
2008,30191,0.047175559
2008,30192,0.174929194
2008,30193,3.0510841212450655
2008,30194,-0.696593854
2008,30195,-1.11748604
2008,30196,-0.010917668
2008,30197,-0.298369787
2008,30198,-0.658383571
2008,30199,-0.282411429
2008,30200,-0.478735075
2008,30201,-0.454643092
2008,30202,-0.877398485
2008,30203,-0.689967166
2008,30204,0.8066281969768604
2008,30205,0.3614585272264819
2008,30206,0.7628456492015327
2008,30207,0.6763278592070983
2008,30208,0.3922101001064861
2008,30209,-0.4509474
2008,30210,-0.162161486
2008,30211,0.7500494632317615
2008,30212,-0.920374285
2008,31001,-0.849058853
2008,31002,0.3870859435487409
2008,31003,0.43054145679091477
2008,31004,0.26717379361698246
2008,31005,-0.802295519
2008,31006,-0.368004743
2008,31007,-0.451342529
2008,31008,-1.052182369
2008,31009,-0.631600829
2008,31010,-1.807802231
2008,31011,0.25757279434900293
2008,31012,-0.662950967
2008,31013,-0.28897636
2008,31014,-1.057513291
2008,31015,-0.517188728
2008,31016,-1.014627117
2008,31017,-1.200110649
2008,31018,-0.897563149
2008,31019,-0.627416914
2008,31020,-0.349583644
2008,31021,-0.774232779
2008,31022,-1.24495028
2008,31023,-0.112897996
2008,31024,-1.327297559
2008,31025,-0.1650433
2008,31026,-0.423170607
2008,31027,-0.165820919
2008,31028,-0.070363049
2008,31029,-0.314715498
2008,31030,-0.933482241
2008,31031,-0.73653347
2008,31032,-0.123573755
2008,31033,-0.07575762
2008,31034,-0.735409003
2008,31035,-0.446501886
2008,31036,-0.6176112
2008,31037,-0.605537215
2008,31038,0.7130685559091919
2008,31039,-0.518687868
2008,31040,0.542763503
2008,31041,1.4073396571176784
2008,31042,-1.042102846
2008,31043,-0.667103525
2008,31044,-0.440545783
2008,31045,-0.86934975
2008,31046,-0.386199377
2008,31047,-0.815302651
2008,31048,-0.049957733
2008,31049,-0.48561308
2008,31050,2.950586109796839
2008,31051,-0.417599984
2008,31052,0.8700239807585597
2008,31053,0.227814607
2008,31054,-0.581134942
2008,31055,-0.836675198
2008,31056,0.8007920490956123
2008,31057,-0.539371581
2008,31058,0.5578382109647027
2008,31059,1.589882427502817
2008,31060,-1.259193536
2008,31061,-0.396433494
2008,31062,-0.65246959
2008,31063,-0.667398455
2008,31064,-1.248356023
2008,31065,-0.240186242
2008,31066,-0.575506342
2008,31067,-0.576287105
2008,31068,-0.483670681
2008,31069,-0.585363267
2008,31070,-0.463144357
2008,31071,-1.379775237
2008,31072,-0.597201614
2008,31073,-0.973461304
2008,31074,-0.666943649
2008,31075,-0.350463963
2008,31076,-0.47100472
2008,31077,-0.525601514
2008,31078,-0.37169987
2008,31079,0.6990934938765931
2008,31080,0.3739088708086915
2008,31081,-0.684304744
2008,31082,-0.381541071
2008,31083,-0.255091889
2008,31084,-0.207931895
2008,31085,-0.463500021
2008,31086,-0.835569483
2008,31087,-0.645591665
2008,31088,-0.787893614
2008,31089,0.9490559597513442
2008,31090,-1.068715827
2008,31091,0.033801395
2008,31092,-1.050662424
2008,31093,0.42792898825400033
2008,31094,-0.727306146
2008,31095,-0.207395749
2008,31096,0.9985353729534096
2008,31097,-0.730768839
2008,31098,0.029838181522976747
2008,31099,-1.149967205
2008,31100,-0.739737284
2008,31101,1.4706300338929752
2008,31102,1.0155851451326081
2008,31103,-1.084649894
2008,31104,-0.545983224
2008,31105,-0.629441008
2008,31106,-0.553939912
2008,32001,-0.626299006
2008,32002,-0.791445033
2008,32003,-0.489641901
2008,32004,-0.463326987
2008,32005,1.1998179240585465
2008,32006,-0.026147486
2008,32007,0.4693024034973329
2008,32008,-0.295666961
2008,32009,0.1287955854494473
2008,32010,1.490798847998034
2008,32011,-0.420090487
2008,32012,-0.731741262
2008,32013,-0.340736842
2008,32014,-0.103663897
2008,32015,-0.743944178
2008,32016,-0.261491214
2008,32017,1.9143082994611929
2008,32018,-0.639838975
2008,32019,0.6237647255855253
2008,32020,1.3727388754760692
2008,32021,-0.560240119
2008,32022,0.5963968692579328
2008,32023,0.168826394
2008,32024,0.8349444411805936
2008,32025,-0.004164584
2008,32026,0.14186799736665262
2008,32027,-1.281281738
2008,32028,-0.622606853
2008,32029,0.2679448813774215
2008,32030,-0.264414027
2008,32031,-0.107900573
2008,32032,0.8014061471783639
2008,32033,-0.381571636
2008,32034,0.39926869782859303
2008,32035,-0.596796722
2008,32036,0.8843931567642311
2008,32037,0.3375155341095104
2008,32038,0.043966504120685826
2008,32039,0.956850416
2008,32040,0.080818016
2008,32041,-0.940431085
2008,32042,1.1645787318835688
2008,32043,-0.763370139
2008,32044,-0.165523482
2008,32045,-0.013384696
2008,32046,-0.325555102
2008,32047,-0.052172669
2008,32048,0.87782618
2008,32049,0.6330366553058762
2008,32050,-0.306276854
2008,32051,0.020095609025859638
2008,32052,0.005267222
2008,32053,-0.302857064
2008,32054,-0.260731621
2008,32055,0.049298828952827466
2008,32056,2.044577323071318
2008,32057,-0.094547325
2008,32058,-0.468521119
2013,01001,2.8419791010455158
2013,01002,0.20669458249760192
2013,01003,0.8441721480079919
2013,01004,-0.370233821
2013,01005,2.1549753678938073
2013,01006,0.7322425488441704
2013,01007,0.6301513320503924
2013,01008,-0.548081509
2013,01009,-0.349276832
2013,01010,-0.351190821
2013,01011,0.9121825738544256
2013,02001,2.635995183
2013,02002,3.184994929793576
2013,02003,2.407768965383209
2013,02004,3.3596617914188625
2013,02005,2.055744809420316
2013,03001,1.3769550298595654
2013,03002,1.559947621184564
2013,03003,2.4312611063236775
2013,03008,2.5559697931365126
2013,03009,1.3497376928266838
2013,04001,0.40130693183973537
2013,04002,2.497672201436503
2013,04003,2.862113800308607
2013,04004,0.9515403929936228
2013,04005,-0.00916446
2013,04006,-0.079681496
2013,04007,-0.226703895
2013,04008,0.057976245367918955
2013,04009,0.6183560054889968
2013,04010,0.1590028903763444
2013,04011,0.31694163643196555
2013,05001,-0.774329948
2013,05002,2.2899087545889305
2013,05003,0.7760879221709219
2013,05004,1.1028856123054978
2013,05005,-0.479590615
2013,05006,0.7881285504639713
2013,05007,0.49009186053558895
2013,05008,0.568237806
2013,05009,0.8625275424522131
2013,05010,2.2104330922532296
2013,05011,-0.230022492
2013,05012,-1.092938515
2013,05013,-0.218256133
2013,05014,-0.310876075
2013,05015,-0.476473015
2013,05016,-0.42573496
2013,05017,1.3713406506067818
2013,05018,2.7779856418284417
2013,05019,0.6696455710421455
2013,05020,1.140136724308804
2013,05021,0.16512145577113632
2013,05022,1.231928143672538
2013,05023,0.30649262023614016
2013,05024,0.5542300345416428
2013,05025,2.5691190701509115
2013,05026,-0.629652683
2013,05027,2.917698340929183
2013,05028,1.9377528903152417
2013,05029,-0.364741618
2013,05030,2.959365118494608
2013,05031,0.5304254899737926
2013,05032,1.4248948284389444
2013,05033,1.1210781802521985
2013,05034,0.5589436966061663
2013,05035,2.879363341389019
2013,05036,-0.321555061
2013,05037,-0.132992607
2013,05038,0.5031824093949264
2013,06001,0.3801040294187756
2013,06002,2.2707350812904985
2013,06003,0.4141404428616853
2013,06004,0.1158195223596502
2013,06005,0.6459808238609321
2013,06006,-0.488737193
2013,06007,2.174770634
2013,06008,0.406246544
2013,06009,1.098514798808887
2013,06010,1.9153132422560202
2013,07001,0.015653294
2013,07002,0.044621763613261756
2013,07003,0.208384922
2013,07004,-0.258257664
2013,07005,-0.476567538
2013,07006,-0.665664959
2013,07007,0.15166002245227408
2013,07008,0.16583029285538514
2013,07009,0.9166108577242252
2013,07010,-0.759590769
2013,07011,-0.664379758
2013,07012,0.4775081935322173
2013,07013,0.41368833892964485
2013,07014,-0.83750576
2013,07015,0.28614291762624633
2013,07016,-0.050216108
2013,07017,0.7368151447474853
2013,07018,-0.626166589
2013,07019,1.4383488079748512
2013,07020,0.1764580562789041
2013,07021,0.1309327530547713
2013,07022,-0.784119347
2013,07023,-0.411545752
2013,07024,-0.455889421
2013,07025,-0.825515461
2013,07026,-0.809899329
2013,07027,0.92834792
2013,07028,-0.670163243
2013,07029,-0.363395401
2013,07030,0.054031073
2013,07031,0.19221138027993281
2013,07032,0.12565583223340687
2013,07033,-0.979373812
2013,07034,0.8291008581684581
2013,07035,-0.410968517
2013,07036,-0.321854518
2013,07037,0.5170453584786023
2013,07038,-0.697659034
2013,07039,-0.075237173
2013,07040,1.1122100397891759
2013,07041,-0.410814379
2013,07042,-0.74061262
2013,07043,-0.473158366
2013,07044,-0.312736371
2013,07045,-0.959359145
2013,07046,0.038265681
2013,07047,0.18743465564703707
2013,07048,0.35326025140476397
2013,07049,-0.379692809
2013,07050,-0.360056365
2013,07051,0.24312594111052094
2013,07052,0.658716552
2013,07053,-0.770090496
2013,07054,-0.013542295
2013,07055,-0.62414132
2013,07056,-0.956460837
2013,07057,0.6060378695226675
2013,07059,0.8856017537317612
2013,07060,-0.724776253
2013,07061,0.9577413040381026
2013,07062,-0.245063622
2013,07063,-0.44780218
2013,07064,0.2029279011030975
2013,07065,1.4246691462703533
2013,07066,-0.821462521
2013,07067,-0.669198597
2013,07068,0.8926246467204991
2013,07069,0.36095606692708093
2013,07070,-0.317944964
2013,07071,0.2502511583813566
2013,07072,0.1917305510506076
2013,07073,-0.396615525
2013,07074,0.47418578114070986
2013,07075,-0.111294929
2013,07076,-0.308621819
2013,07077,-0.149665472
2013,07078,1.5798449725115904
2013,07079,-0.250167752
2013,07080,0.12717787274044173
2013,07081,0.2578186487967468
2013,07082,-0.190171005
2013,07083,-0.517839389
2013,07084,-0.567470975
2013,07085,-0.944705145
2013,07086,0.12511599554983296
2013,07087,0.8027217568088456
2013,07088,-0.925548873
2013,07089,2.015288474150252
2013,07090,-1.036486273
2013,07091,-0.080668408
2013,07092,0.049927980555428624
2013,07093,-0.395438315
2013,07094,-0.056613706
2013,07096,-0.371666696
2013,07097,0.7166601850213671
2013,07098,-0.856559891
2013,07099,0.093069322
2013,07100,-0.771325981
2013,07101,2.396956203919903
2013,07102,0.1921665368222338
2013,07103,-0.60829921
2013,07104,-0.589688987
2013,07105,-0.775233422
2013,07106,-0.00788406
2013,07107,0.3182730985001212
2013,07108,0.7454696645283384
2013,07109,0.6400637385482828
2013,07110,-0.657111439
2013,07111,-0.12157798
2013,07112,-0.757569919
2013,07113,-1.036189991
2013,07114,0.037250141
2013,07115,-0.479828779
2013,07116,-0.579684823
2013,07117,-0.532626712
2013,07118,-1.384284197
2013,07119,-0.744807719
2013,08001,0.38543732694324445
2013,08002,0.45092132997525236
2013,08003,0.0957882
2013,08004,-0.005856803
2013,08005,0.8344731921739649
2013,08006,0.099919844
2013,08007,-0.319136816
2013,08008,-0.453084137
2013,08009,0.281806589
2013,08010,0.4498618464110601
2013,08011,1.2958218486494573
2013,08012,-0.296020941
2013,08013,-0.078928844
2013,08014,-0.812985852
2013,08015,-0.747003314
2013,08016,-0.453034915
2013,08017,2.1468246452307342
2013,08018,-0.923331823
2013,08019,3.1051189245165167
2013,08020,0.014195679106172277
2013,08021,2.121946868965384
2013,08022,-0.878712337
2013,08023,-0.502706925
2013,08024,-0.223674031
2013,08025,0.2759896857761079
2013,08026,-0.845395065
2013,08027,0.3591781884575324
2013,08028,0.29102056817240834
2013,08029,-0.055373167
2013,08030,-0.27383525
2013,08031,0.5236569662950299
2013,08032,2.1015314757616808
2013,08033,-1.167204466
2013,08034,-0.231489387
2013,08035,0.058579823425638625
2013,08036,0.9909702087606738
2013,08037,3.4063929276767864
2013,08038,-0.53694384
2013,08039,-0.590554726
2013,08040,0.17159233406338004
2013,08041,-0.53055995
2013,08042,-0.472028649
2013,08043,-0.362081817
2013,08044,-0.124560225
2013,08045,0.6673554989399982
2013,08046,-0.745538646
2013,08047,0.16629542141521153
2013,08048,0.6901548834415219
2013,08049,-0.655582025
2013,08050,1.6707147324272622
2013,08051,0.27941944638475774
2013,08052,1.1905557787556769
2013,08053,0.17196893360417967
2013,08054,-0.897943284
2013,08055,0.15240629916208895
2013,08056,-1.026987308
2013,08057,-0.794329474
2013,08058,-0.710768808
2013,08059,-0.157026548
2013,08060,0.4077770289469186
2013,08061,-0.496044098
2013,08062,0.6479529268528708
2013,08063,-0.17189462
2013,08064,-0.559733448
2013,08065,-0.119444979
2013,08066,-0.662871348
2013,08067,-0.174389016
2013,09002,3.213614403020906
2013,09003,2.9860819167699044
2013,09004,2.746981057040893
2013,09005,2.9358560230193165
2013,09006,2.8129614900393265
2013,09007,2.686491655124848
2013,09008,1.6812460293036124
2013,09009,1.0674878155332963
2013,09010,3.6010117335390555
2013,09011,1.968444519749861
2013,09012,2.9429466312304973
2013,09013,2.2474423960893755
2013,09014,3.4862225246075584
2013,09015,3.433928616617538
2013,09016,3.608616220742895
2013,09017,2.7773919122150645
2013,10001,0.2100070430325308
2013,10002,-0.630562908
2013,10003,-0.675553924
2013,10004,0.328529569
2013,10005,2.784300350708543
2013,10006,-0.374103755
2013,10007,2.502682257127018
2013,10008,1.0853606550826214
2013,10009,-0.070762154
2013,10010,-0.605379385
2013,10011,-0.806487424
2013,10012,1.3258009597702598
2013,10013,0.2237094596661044
2013,10014,-0.180786744
2013,10015,-0.175053204
2013,10016,-0.04832638
2013,10017,-0.060357514
2013,10018,0.5523777726666067
2013,10019,-0.511572377
2013,10020,0.233219497
2013,10021,-0.288495323
2013,10022,0.19015171313342355
2013,10023,0.7145655472807079
2013,10024,-0.189477086
2013,10025,-0.795924767
2013,10026,0.014409926
2013,10027,-0.252354077
2013,10028,-0.297523383
2013,10029,-0.454100162
2013,10030,-0.977322812
2013,10031,-0.291184305
2013,10032,1.122938520329484
2013,10033,-0.38587752
2013,10034,-0.498282326
2013,10035,0.1498868639438962
2013,10036,-0.162943626
2013,10037,-0.32740044
2013,10038,0.5627426097718397
2013,10039,0.470000829
2013,11001,0.8420679369514186
2013,11002,1.4211857593580275
2013,11003,1.944241567324329
2013,11004,0.9968739937507946
2013,11005,1.2904070701672568
2013,11006,-0.949352328
2013,11007,2.7941126591675185
2013,11008,0.8023403301752494
2013,11009,0.6015425970437135
2013,11010,0.13335773954314245
2013,11011,0.9512742636513933
2013,11012,0.3322334300353246
2013,11013,-0.241101313
2013,11014,1.1909650465164796
2013,11015,1.6777818758534089
2013,11016,0.28846977946198576
2013,11017,2.585305377681393
2013,11018,0.2655321435126351
2013,11019,0.45742094936282396
2013,11020,3.133928398832822
2013,11021,1.729232824086387
2013,11022,0.2644158443486659
2013,11023,1.2431230454862952
2013,11024,0.3304909389619229
2013,11025,2.045170661084841
2013,11026,0.8495539656393598
2013,11027,1.827819426910683
2013,11028,0.8813820709670674
2013,11029,-0.152582533
2013,11030,0.7834398478211196
2013,11031,2.1859584647364367
2013,11032,1.725883954
2013,11033,0.9161586594183176
2013,11034,-0.468509489
2013,11035,0.5441514675697606
2013,11036,-0.088401575
2013,11037,2.2401139556801333
2013,11038,0.379333288
2013,11039,0.38186972580704026
2013,11040,-0.338535183
2013,11041,1.3963948571544569
2013,11042,1.2218784210780873
2013,11043,-0.507645374
2013,11044,1.8215282332322504
2013,11045,-0.326560556
2013,11046,0.5318378247717775
2013,12001,2.206310586843497
2013,12002,-0.494435421
2013,12003,-0.449744814
2013,12004,-0.296735184
2013,12005,-0.721809396
2013,12006,-0.339985547
2013,12007,0.3978776155116624
2013,12008,-0.4483899
2013,12009,-1.703717658
2013,12010,-0.502131697
2013,12011,0.6588342792218721
2013,12012,-0.137287022
2013,12013,-0.035487109
2013,12014,-0.014652374
2013,12015,0.21008969295378974
2013,12016,-0.137505027
2013,12017,-0.611140167
2013,12018,-0.407968208
2013,12019,-0.360988824
2013,12020,-0.477508798
2013,12021,0.19615442934528626
2013,12022,0.040413853
2013,12023,0.5112219736460273
2013,12024,-0.498497657
2013,12025,-0.629793978
2013,12026,-1.098207759
2013,12027,0.14194403167844039
2013,12028,0.5637972334522495
2013,12029,1.6488541813665363
2013,12030,0.2855072601319107
2013,12031,-0.260885579
2013,12032,-0.154782812
2013,12033,0.013087172744227769
2013,12034,0.3962293872204953
2013,12035,1.2398356918385884
2013,12036,0.1737535269367168
2013,12037,-0.288077888
2013,12038,1.7386352614526848
2013,12039,0.43723391960951097
2013,12040,-0.528744272
2013,12041,-0.458525234
2013,12042,-0.129420869
2013,12043,-0.562761989
2013,12044,-0.582205584
2013,12045,0.005001843
2013,12046,0.7401102102128007
2013,12047,-0.840963024
2013,12048,0.028347128582749383
2013,12049,-0.551946165
2013,12050,0.7054813301478827
2013,12051,-0.510102114
2013,12052,0.10102936095183572
2013,12053,0.2921767424441713
2013,12054,-0.427431637
2013,12055,2.4550862726133755
2013,12056,-0.628478081
2013,12057,0.4854643637886525
2013,12058,0.740978075
2013,12059,-0.491741659
2013,12060,-0.379892092
2013,12061,0.30943935331435246
2013,12062,0.19394013458143983
2013,12063,-0.88048672
2013,12064,-0.279313182
2013,12065,-0.567486912
2013,12066,0.44357258583247033
2013,12067,-0.386820809
2013,12068,-0.294738101
2013,12069,-0.725130992
2013,12070,-0.317944888
2013,12071,0.21096928130332665
2013,12072,-0.334131907
2013,12073,0.004896188
2013,12074,-0.053558315
2013,12075,0.48173564613223624
2013,12076,-0.733255583
2013,12077,0.035148319858266594
2013,12078,-0.649443404
2013,12079,-0.587598686
2013,12080,-0.287825774
2013,12081,-0.615174133
2013,13001,-0.112167419
2013,13002,0.027017263081836974
2013,13003,1.0683554131148483
2013,13004,-0.055455557
2013,13005,0.2933280068081674
2013,13006,-0.167054351
2013,13007,-0.456617625
2013,13008,1.308993721142841
2013,13009,-0.107413846
2013,13010,1.4096417641657217
2013,13011,-0.215235295
2013,13012,0.29798173863339017
2013,13013,1.301085417628116
2013,13014,-0.496066725
2013,13015,-0.41313295
2013,13016,0.49105295367775764
2013,13017,-0.536180858
2013,13018,-0.278628588
2013,13019,-0.243370853
2013,13020,-0.590561925
2013,13021,0.370755906
2013,13022,-0.329379718
2013,13023,0.4386681218860017
2013,13024,0.11675323125820283
2013,13025,-0.183140548
2013,13026,-0.852527358
2013,13027,-0.518728347
2013,13028,0.7763506563666701
2013,13029,0.6347413424468944
2013,13030,1.092094082017036
2013,13031,0.20903731803635095
2013,13032,0.024893279518782733
2013,13033,-0.703848999
2013,13034,-0.790962961
2013,13035,-0.052111391
2013,13036,-0.060468197
2013,13037,-0.296163914
2013,13038,0.086616561
2013,13039,0.6170396163018835
2013,13040,-0.734763829
2013,13041,1.2079344766332394
2013,13042,-0.336107882
2013,13043,-0.520486677
2013,13044,-0.190715866
2013,13045,-0.315824862
2013,13046,-0.111653169
2013,13047,-0.665235444
2013,13048,2.5830090580308727
2013,13049,-0.386909267
2013,13050,0.780176841
2013,13051,2.0576672035550856
2013,13052,0.4892503480844087
2013,13053,-0.367439045
2013,13054,0.1354068164251634
2013,13055,-0.049597698
2013,13056,0.6797043491723651
2013,13057,0.1582361995750577
2013,13058,-0.027186799
2013,13059,0.15264236098620498
2013,13060,-0.470081963
2013,13061,2.081012628506028
2013,13062,-0.668787391
2013,13063,1.4349293600697084
2013,13064,-0.340218171
2013,13065,-0.009924344
2013,13066,-0.118155453
2013,13067,0.299744504
2013,13068,-0.574163199
2013,13069,2.3810091444878405
2013,13070,0.3834221091994044
2013,13071,-0.739205932
2013,13072,-0.046878121
2013,13073,-0.20319517
2013,13074,0.7575749827609191
2013,13075,0.8452071334660818
2013,13076,1.858965712644609
2013,13077,1.7260732963189986
2013,13078,-0.505441417
2013,13079,-0.538643972
2013,13080,-0.564022057
2013,13081,0.289356908
2013,13082,0.16237878322286914
2013,13083,0.6193065914284429
2013,13084,0.6235767148063135
2013,14001,0.1473326721300224
2013,14002,0.46783792441740735
2013,14003,0.37861561555090956
2013,14004,-0.634228346
2013,14005,0.274582032
2013,14006,1.2344459647144692
2013,14007,-0.281891331
2013,14008,1.4841303263688463
2013,14009,0.07648679
2013,14010,-0.529015393
2013,14011,-0.016512341
2013,14012,-0.184462032
2013,14013,1.0954511111131382
2013,14014,-0.518224881
2013,14015,1.4911561313038006
2013,14016,0.8142263200963573
2013,14017,0.5360031712994129
2013,14018,1.0789700929171833
2013,14019,-0.420046706
2013,14020,-0.260972981
2013,14021,0.26979858670579787
2013,14022,1.0580468272587573
2013,14023,1.751913622
2013,14024,0.553436343
2013,14025,0.6292519055335681
2013,14026,-0.158734343
2013,14027,-0.419249832
2013,14028,-0.609117332
2013,14029,0.38761842833813276
2013,14030,1.4583015029164927
2013,14031,-0.212489072
2013,14032,-0.442848329
2013,14033,0.7190129627973191
2013,14034,-0.538826138
2013,14035,1.1745440510290468
2013,14036,0.5483147787061577
2013,14037,1.1174431591930556
2013,14038,-0.508760306
2013,14039,3.239071149823397
2013,14040,-0.049496309
2013,14041,0.002797513
2013,14042,0.3197887700066709
2013,14043,0.333188846
2013,14044,0.7528952755300826
2013,14045,0.48574118976961367
2013,14046,1.1357355765383745
2013,14047,0.590854034
2013,14048,0.12593361128912073
2013,14049,-0.635385177
2013,14050,0.5953465963644851
2013,14051,0.3122308672666901
2013,14052,-0.055812126
2013,14053,1.8210633646432537
2013,14054,-0.167380166
2013,14055,0.2521110780524368
2013,14056,-0.936253421
2013,14057,-0.202351213
2013,14058,0.072979846
2013,14059,0.6129850565938437
2013,14060,-0.396076178
2013,14061,-0.521947401
2013,14062,-0.268497248
2013,14063,1.7789863661417802
2013,14064,0.46484953
2013,14065,0.032749485
2013,14066,1.1777929391220443
2013,14067,2.6139996306416893
2013,14068,0.18862213295407626
2013,14069,-0.226300663
2013,14070,3.006664130715047
2013,14071,-0.429117711
2013,14072,0.16760196240616357
2013,14073,1.1957601192789273
2013,14074,0.49425094151582116
2013,14075,-0.165769278
2013,14076,0.070467957
2013,14077,0.4822100491808056
2013,14078,1.0102432423176242
2013,14079,-0.432488309
2013,14080,-0.498688029
2013,14081,-0.25005616
2013,14082,0.9755550510585013
2013,14083,1.333760625365915
2013,14084,0.27295011470201097
2013,14085,0.744407252
2013,14086,-0.002443399
2013,14087,0.12646477766215586
2013,14088,0.3083598681646764
2013,14089,-0.724922616
2013,14090,-0.164420291
2013,14091,0.3674089497729685
2013,14092,-0.074126397
2013,14093,1.8315558352077823
2013,14094,1.0233093739495454
2013,14095,-0.251247258
2013,14096,0.1405716021466324
2013,14097,2.779282793614011
2013,14098,2.803479383430286
2013,14099,-0.181918512
2013,14100,0.1591131948240452
2013,14101,2.1755165228115736
2013,14102,0.27865200321216954
2013,14103,-0.025960285
2013,14104,-0.416353584
2013,14105,0.3162571572018055
2013,14106,-0.240704549
2013,14107,-0.453531054
2013,14108,1.2347219922224895
2013,14109,0.22999473103333495
2013,14110,0.5583265241353356
2013,14111,0.11832577036309541
2013,14112,-0.192604789
2013,14113,-0.056073753
2013,14114,0.3392206441020752
2013,14115,-0.165888922
2013,14116,1.2856091620654466
2013,14117,-0.617733807
2013,14118,0.6338963329967348
2013,14119,0.320629091
2013,14120,3.0559864163576975
2013,14121,0.5846775562893347
2013,14122,-0.434472362
2013,14123,-0.202203261
2013,14124,1.686172141227635
2013,14125,0.5329751032314973
2013,15001,0.5934346938045639
2013,15002,2.216914677863412
2013,15003,0.03944585
2013,15004,-0.201956972
2013,15005,0.6658906262997553
2013,15006,-0.027701225
2013,15007,-0.527814531
2013,15008,-0.411519566
2013,15009,1.1368851022232886
2013,15010,0.9656536131535123
2013,15011,0.8318594540060286
2013,15012,0.5279000981155952
2013,15013,2.6879694116893615
2013,15014,1.7890154629951156
2013,15015,-0.040733878
2013,15016,0.16656879181771597
2013,15017,-0.381694162
2013,15018,0.1624505115498245
2013,15019,1.2438133842817403
2013,15020,1.8484373708948294
2013,15021,0.082137627
2013,15022,-0.029889354
2013,15023,0.18506300361140524
2013,15024,1.8190281169170623
2013,15025,1.7285120090444668
2013,15026,-0.580003014
2013,15027,-0.03619914
2013,15028,0.9572208555891907
2013,15029,1.508127311463813
2013,15030,1.6325166574769567
2013,15031,1.5004148293670894
2013,15032,-0.602820061
2013,15033,2.2229936185751713
2013,15034,-0.25192394
2013,15035,1.6503872547771923
2013,15036,0.21157043033477413
2013,15037,1.859799059931488
2013,15038,-0.216633713
2013,15039,2.020096435723187
2013,15040,0.8220394782298823
2013,15041,-0.720038749
2013,15042,0.8412166804888551
2013,15043,0.21485591777765073
2013,15044,0.2708275469404005
2013,15045,0.994714863
2013,15046,-0.399220433
2013,15047,-0.124007648
2013,15048,0.9271821816632161
2013,15049,0.14901304265803925
2013,15050,0.36135846207901184
2013,15051,2.524908861617022
2013,15052,0.3061372927901449
2013,15053,0.846107703
2013,15054,2.745948861
2013,15055,0.17487167492609898
2013,15056,-0.075229219
2013,15057,3.028136046144511
2013,15058,1.9772785250866618
2013,15059,0.41046421902025626
2013,15060,1.188320054381077
2013,15061,0.787332364
2013,15062,1.512286004
2013,15063,-0.092114709
2013,15064,0.2827558890465111
2013,15065,0.9119534694251896
2013,15066,-0.534219945
2013,15067,0.5547845845489923
2013,15068,0.6719648594258034
2013,15069,0.23240334692563633
2013,15070,2.206636650574261
2013,15071,0.18926899758030474
2013,15072,-0.231237682
2013,15073,0.5172600839392452
2013,15074,0.6534286677576067
2013,15075,0.9307306535627291
2013,15076,1.6573413176340825
2013,15077,-0.725933932
2013,15078,-0.664467932
2013,15079,-0.295265681
2013,15080,-0.370384439
2013,15081,2.190941651196617
2013,15082,0.8178498733882607
2013,15083,0.2648045559837321
2013,15084,0.6098798351676658
2013,15085,0.3658661802942769
2013,15086,-0.252513789
2013,15087,0.5477453058862918
2013,15088,0.5181717353231323
2013,15089,-0.216139257
2013,15090,1.039665969395724
2013,15091,1.0727877554085097
2013,15092,0.9222877547458759
2013,15093,0.3035048431753001
2013,15094,0.44061734557867177
2013,15095,1.7935178007764527
2013,15096,0.7821907252263384
2013,15097,-0.28926902
2013,15098,-0.085011385
2013,15099,1.9033442160934184
2013,15100,1.1192163942585862
2013,15101,1.0223396411312509
2013,15102,-0.239957361
2013,15103,0.45019527225490313
2013,15104,3.362790364501968
2013,15105,-0.424395952
2013,15106,2.968191870509333
2013,15107,0.021945329858095046
2013,15108,1.4981118303037286
2013,15109,2.5381416538295136
2013,15110,0.9413494718766322
2013,15111,0.053847344
2013,15112,0.10221983015712119
2013,15113,0.6276203476591539
2013,15114,0.3475547087619656
2013,15115,0.6766896682404782
2013,15116,-0.136371058
2013,15117,-0.065755442
2013,15118,0.8185063168757339
2013,15119,-0.42186411
2013,15120,1.0949617047265758
2013,15121,2.983997760272013
2013,15122,1.2117792947801902
2013,15123,0.051592464387963534
2013,15124,-0.431965849
2013,15125,-0.050777111
2013,16001,0.10639689459487686
2013,16002,0.1283052930660186
2013,16003,0.5159324501372581
2013,16004,-0.045123287
2013,16005,-0.310958088
2013,16006,1.384861658866433
2013,16007,-0.223360416
2013,16008,-0.253146464
2013,16009,0.43152569655351425
2013,16010,-0.230415375
2013,16011,0.1751452943524512
2013,16012,0.14122779222081844
2013,16013,-0.208779082
2013,16014,0.098887615
2013,16015,0.077682829
2013,16016,0.1900034957275273
2013,16017,0.095521116
2013,16018,-0.204264769
2013,16019,0.6720458078261373
2013,16020,0.4265509244063467
2013,16021,-0.465032512
2013,16022,-0.374809765
2013,16023,0.2552124955853684
2013,16024,0.028543443
2013,16025,0.6906428188202193
2013,16026,-0.487043049
2013,16027,-0.416789035
2013,16028,-0.162744937
2013,16029,0.223938922
2013,16030,0.1476100248193288
2013,16031,-0.151432119
2013,16032,-0.020628526
2013,16033,0.30820499539536794
2013,16034,1.351403919513103
2013,16035,0.13005029926900968
2013,16036,0.1294728581339996
2013,16037,-0.479879598
2013,16038,0.6903970787530637
2013,16039,-0.590171247
2013,16040,-0.018891099
2013,16041,-0.01754358
2013,16042,-0.165575548
2013,16043,1.0080606274821373
2013,16044,-0.130626801
2013,16045,0.8090575096151242
2013,16046,-0.388246414
2013,16047,-0.142038411
2013,16048,-0.085584529
2013,16049,0.12024739506337616
2013,16050,1.2463257851620022
2013,16051,0.8890521650370666
2013,16052,1.7279778030895319
2013,16053,2.568019547922739
2013,16054,-0.159858488
2013,16055,0.22437413875334114
2013,16056,-0.038515583
2013,16057,-0.339261449
2013,16058,0.5287538993225335
2013,16059,-0.40782839
2013,16060,-0.339484606
2013,16061,-0.220750636
2013,16062,0.11288140835537652
2013,16063,-0.134096278
2013,16064,-0.646093226
2013,16065,0.6492317860903197
2013,16066,1.1551337834730058
2013,16067,-0.121655644
2013,16068,0.6146087356993173
2013,16069,1.9582969869363784
2013,16070,0.6842211786108539
2013,16071,0.8780077348580132
2013,16072,-0.15306673
2013,16073,1.015763584733776
2013,16074,-0.261638814
2013,16075,1.149700947015333
2013,16076,1.5662654592372887
2013,16077,0.044907994
2013,16078,-0.098740148
2013,16079,0.9783329859273195
2013,16080,-0.278944634
2013,16081,-0.875758521
2013,16082,0.886447761
2013,16083,0.5610169629124906
2013,16084,0.037939584
2013,16085,0.7643391978141738
2013,16086,0.050395405
2013,16087,-0.167278531
2013,16088,0.6878234655272929
2013,16089,0.4022903198054763
2013,16090,0.1277297688720498
2013,16091,0.3850614682053811
2013,16092,-0.26099278
2013,16093,0.075982332
2013,16094,0.1287694024854223
2013,16095,0.6805810129879447
2013,16096,-0.53699104
2013,16097,-0.165641294
2013,16098,0.380968533
2013,16099,-0.085161494
2013,16100,-0.583048866
2013,16101,-0.138386256
2013,16102,1.5965587010185183
2013,16103,0.3265893612016982
2013,16104,-0.256714777
2013,16105,-0.025782727
2013,16106,0.8543653942854854
2013,16107,1.4296749777135034
2013,16108,2.051601323
2013,16109,-0.078872652
2013,16110,0.7195496762106054
2013,16111,-0.180535757
2013,16112,1.4616025447581742
2013,16113,0.002728812
2013,17001,-0.349027484
2013,17002,0.44148584365254734
2013,17003,0.5117171819519211
2013,17004,0.8305704
2013,17005,-0.26292611
2013,17006,2.027399049114946
2013,17007,2.605006687810926
2013,17008,1.247274206351068
2013,17009,0.5646468538170464
2013,17010,0.12417850991535312
2013,17011,2.3163619324087654
2013,17012,1.0530235436950324
2013,17013,0.14835388027368404
2013,17014,-0.086480174
2013,17015,-0.146046583
2013,17016,0.27547562669581477
2013,17017,0.3972245579415822
2013,17018,1.0962254534058633
2013,17019,0.022747224869227613
2013,17020,0.5455403308323908
2013,17021,0.088296257
2013,17022,-0.112183477
2013,17023,-0.669931893
2013,17024,0.18229500663847725
2013,17025,0.38725127958812067
2013,17026,0.48640354275350933
2013,17027,-0.381616398
2013,17028,0.4607491809326204
2013,17029,1.1218821663849607
2013,17030,0.6619664178476468
2013,17031,0.8791042954277858
2013,17032,-0.055495286
2013,17033,-0.061051471
2013,18001,0.65567467
2013,18002,0.5467674461301807
2013,18003,0.030228300898526735
2013,18004,0.6054540941646203
2013,18005,-0.641867914
2013,18006,0.7634289674201264
2013,18007,-0.06685652
2013,18008,0.8740877968338874
2013,18009,-0.526481603
2013,18010,-0.046962902
2013,18011,0.3331161719735345
2013,18012,0.5213482566615779
2013,18013,-0.312719365
2013,18014,-0.045970039
2013,18015,0.7183420816410812
2013,18016,0.7153437106225117
2013,18017,2.2775979508130573
2013,18018,0.8791874683468004
2013,18019,-0.925328948
2013,18020,1.5483945299413975
2013,19001,0.39129479937703876
2013,19002,0.11028100995706286
2013,19003,-0.292676575
2013,19004,1.695122402067214
2013,19005,0.7788986534117269
2013,19006,3.3603377380437593
2013,19007,-0.39452117
2013,19008,-0.225696492
2013,19009,2.181972325840439
2013,19010,1.0943762175875837
2013,19011,0.40229282228642943
2013,19012,1.254292783204167
2013,19013,1.0896063886352223
2013,19014,0.7109458286599082
2013,19015,-0.353729372
2013,19016,1.0666544528843176
2013,19017,0.6526424538631431
2013,19018,2.6440587996886338
2013,19019,3.143449582740625
2013,19020,0.6918083651321865
2013,19021,2.7343280305166364
2013,19022,0.6744327628860337
2013,19023,0.17785537569549184
2013,19024,-0.567270033
2013,19025,2.468175450099687
2013,19026,3.185816964581561
2013,19027,-0.198587864
2013,19028,-0.187976402
2013,19029,-0.066706072
2013,19030,-0.391582505
2013,19031,2.029853562112098
2013,19032,0.059198634
2013,19033,1.7109749793465523
2013,19034,-0.311395461
2013,19035,-0.988089211
2013,19036,-0.473049765
2013,19037,0.3312456604428136
2013,19038,1.4218899342725018
2013,19039,3.4095328461556136
2013,19040,-0.172992048
2013,19041,1.7550825844439337
2013,19042,-0.180998564
2013,19043,-0.997388419
2013,19044,1.171294645846123
2013,19045,1.8289456026869844
2013,19046,3.3231600746068573
2013,19047,1.0147062680675096
2013,19048,2.947665317397548
2013,19049,1.2657179812393433
2013,19050,-0.149993389
2013,19051,0.22202022282454428
2013,20001,-1.151620454
2013,20002,0.030564025
2013,20003,-0.971679285
2013,20004,-0.587592098
2013,20005,0.000953624
2013,20006,0.40134233584988616
2013,20007,-0.615442992
2013,20008,-1.133861013
2013,20009,-0.108880704
2013,20010,0.5658289071793179
2013,20011,-0.949100853
2013,20012,-0.814241299
2013,20013,-0.149535646
2013,20014,0.2351919595965085
2013,20015,-1.052628944
2013,20016,-0.981370686
2013,20017,-1.355909677
2013,20018,-1.076041995
2013,20019,-1.078421172
2013,20020,-0.670194055
2013,20021,0.069325649
2013,20022,-1.44706217
2013,20023,-0.345909672
2013,20024,-1.018801114
2013,20025,-0.327445293
2013,20026,-0.340398978
2013,20027,-1.151700424
2013,20028,0.46705875936629926
2013,20029,-0.855659178
2013,20030,0.14411968707741407
2013,20031,-0.29591752
2013,20032,-1.044123311
2013,20033,-0.03531109
2013,20034,-0.485191193
2013,20035,-0.464972732
2013,20036,-0.737311603
2013,20037,-0.442322874
2013,20038,-0.636833753
2013,20039,1.519067033091351
2013,20040,-0.46619837
2013,20041,0.12794906667705538
2013,20042,-0.319731393
2013,20043,0.9106466721104582
2013,20044,0.3657982678563375
2013,20045,-0.157610896
2013,20046,-0.787600822
2013,20047,-1.858112036
2013,20048,-1.539997233
2013,20049,-0.843354229
2013,20050,-0.976933574
2013,20051,-1.035688317
2013,20052,-0.146512291
2013,20053,-1.143727713
2013,20054,-1.320185417
2013,20055,-0.342634183
2013,20056,-0.817716643
2013,20057,0.2728572754638061
2013,20058,-1.023991028
2013,20059,0.46668010678325234
2013,20060,-1.273412794
2013,20061,-0.436629047
2013,20062,-1.104571354
2013,20063,-0.19373225
2013,20064,-0.261059115
2013,20065,-1.031005935
2013,20066,-0.280532484
2013,20067,2.208602308501401
2013,20068,0.6768159799699738
2013,20069,-1.294325906
2013,20070,-0.438379398
2013,20071,-0.744221577
2013,20072,-0.132334929
2013,20073,0.2916033622825082
2013,20074,-1.534113141
2013,20075,-0.46549408
2013,20076,-0.842785986
2013,20077,-0.620946076
2013,20078,-0.989351352
2013,20079,1.8336329298364478
2013,20080,-0.869398908
2013,20081,-1.280485328
2013,20082,-1.056196474
2013,20083,0.6180646090986518
2013,20084,-0.233272564
2013,20085,-0.444480975
2013,20086,-0.873388382
2013,20087,0.12917248319820165
2013,20088,-0.939142478
2013,20089,-0.900483787
2013,20090,-0.688733178
2013,20091,0.5785715416348002
2013,20092,-1.115491371
2013,20093,-2.611000535
2013,20094,-1.240932988
2013,20095,-1.11139144
2013,20096,-0.867696984
2013,20097,-1.172252796
2013,20098,-1.249561571
2013,20099,-1.412565452
2013,20100,-1.220244682
2013,20101,-1.258669893
2013,20102,-0.530743065
2013,20103,0.043300525
2013,20104,-0.46868006
2013,20105,-1.286868478
2013,20106,-1.443239096
2013,20107,1.1053036150992726
2013,20108,-1.106523341
2013,20109,-0.999297365
2013,20110,-1.201454026
2013,20111,-1.148150946
2013,20112,-1.269023356
2013,20113,-0.562760969
2013,20114,-1.557462553
2013,20115,0.2383092173529686
2013,20116,-1.168842314
2013,20117,-1.130936328
2013,20118,-0.74492073
2013,20119,-1.809533036
2013,20120,-0.660693491
2013,20121,-1.020847083
2013,20122,-0.861045636
2013,20123,-0.78222987
2013,20124,0.5191402652217452
2013,20125,-0.822314174
2013,20126,-3.051294722
2013,20127,-2.343674208
2013,20128,-0.249304035
2013,20129,-0.940512385
2013,20130,-0.659040603
2013,20131,-0.584014937
2013,20132,-0.104691282
2013,20133,-1.161231035
2013,20134,-0.388247282
2013,20135,-0.781388435
2013,20136,-0.839380322
2013,20137,-0.992420002
2013,20138,-1.277212336
2013,20139,-1.557462553
2013,20140,-1.307957977
2013,20141,-0.467971962
2013,20142,-1.408690154
2013,20143,-0.527238422
2013,20144,-1.010154805
2013,20145,0.267451118
2013,20146,-3.971795218
2013,20147,-1.570791489
2013,20148,-1.314216195
2013,20149,-1.012316504
2013,20150,-0.143786612
2013,20151,-2.343674208
2013,20152,-1.116015575
2013,20153,-0.366936964
2013,20154,-1.170804998
2013,20155,-1.061020678
2013,20156,-0.554440848
2013,20157,1.1620943739466147
2013,20158,-0.790396527
2013,20159,-1.127623079
2013,20160,-0.995491236
2013,20161,-1.723075622
2013,20162,-1.335573348
2013,20163,-0.737998202
2013,20164,-0.743786665
2013,20165,-1.256653642
2013,20166,-0.724951363
2013,20167,-0.787181641
2013,20168,-0.907028104
2013,20169,-0.95816789
2013,20170,-0.95969034
2013,20171,-0.815379972
2013,20172,-1.014978014
2013,20173,-0.683213424
2013,20174,0.483116606
2013,20175,-1.313315673
2013,20176,-0.818658834
2013,20177,0.088411482
2013,20178,-0.420023732
2013,20179,-1.244084096
2013,20180,-0.808300021
2013,20181,-0.824179922
2013,20182,-1.248223694
2013,20183,-1.584384539
2013,20184,1.620387114068042
2013,20185,-0.459385329
2013,20186,-1.388993525
2013,20187,-0.92721256
2013,20188,-0.718730622
2013,20189,-1.242392441
2013,20190,-0.041933143
2013,20191,-1.404237103
2013,20192,-0.734644495
2013,20193,-0.76564214
2013,20194,-0.53561524
2013,20195,-1.350779167
2013,20196,-1.038143203
2013,20197,-0.456206914
2013,20198,-0.307281315
2013,20199,-1.33840985
2013,20200,-0.52412656
2013,20201,-1.404475202
2013,20202,-1.03025257
2013,20203,-1.062855811
2013,20204,-1.12007885
2013,20205,-1.317562717
2013,20206,-0.747831369
2013,20207,-0.955313046
2013,20208,-0.60092854
2013,20209,-1.231818519
2013,20210,-1.24283284
2013,20211,-1.440076365
2013,20212,-0.797995852
2013,20213,-0.846700927
2013,20214,-0.681258749
2013,20215,-1.086472976
2013,20216,-0.824224723
2013,20217,-0.976844401
2013,20218,-1.791350295
2013,20219,-0.53388067
2013,20220,-1.344099729
2013,20221,-0.723255938
2013,20222,-1.062607018
2013,20223,-1.276522577
2013,20224,-0.885804529
2013,20225,-0.643449244
2013,20226,-1.575007763
2013,20227,0.38067041999441303
2013,20228,-1.178920479
2013,20229,-0.901524278
2013,20230,-1.046298499
2013,20231,-1.042170383
2013,20232,-0.518478297
2013,20233,-0.645132938
2013,20234,-1.34532392
2013,20235,-1.357666937
2013,20236,-1.228224245
2013,20237,-0.439027462
2013,20238,-1.006350774
2013,20239,-0.883532324
2013,20240,-0.843216921
2013,20241,-0.940190229
2013,20242,-0.582108839
2013,20243,-0.680619674
2013,20244,-0.786562298
2013,20245,-0.733389348
2013,20246,-1.423649935
2013,20247,-0.427085138
2013,20248,-0.525062764
2013,20249,-0.769159548
2013,20250,-1.054436592
2013,20251,-0.842074398
2013,20252,-1.108319043
2013,20253,-1.348398357
2013,20254,-0.977728609
2013,20255,-1.118110073
2013,20256,-1.907318723
2013,20257,-1.305827894
2013,20258,-1.265562268
2013,20259,-0.758357827
2013,20260,-0.925614631
2013,20261,-1.709365258
2013,20262,-0.959758734
2013,20263,-1.115491866
2013,20264,-1.679690743
2013,20265,-0.587445326
2013,20266,-0.36814352
2013,20267,-1.203543473
2013,20268,-0.448762453
2013,20269,-0.488770075
2013,20270,-1.726276007
2013,20271,-1.06131826
2013,20272,-0.868908177
2013,20273,-1.147503827
2013,20274,-2.109346117
2013,20275,-0.431281123
2013,20276,-1.443615009
2013,20277,0.017771161982778737
2013,20278,-0.031244769
2013,20279,-0.725690019
2013,20280,-0.677319736
2013,20281,-0.680685931
2013,20282,-1.120134497
2013,20283,-1.443490117
2013,20284,-1.295085093
2013,20285,-0.95262059
2013,20286,-0.869350247
2013,20287,-1.465980073
2013,20288,-1.025096496
2013,20289,-0.92651176
2013,20290,-0.54680047
2013,20291,-0.992408583
2013,20292,-1.542406183
2013,20293,0.8076929596862568
2013,20294,-0.476084918
2013,20295,-0.024116301
2013,20296,-0.569231202
2013,20297,-1.223392808
2013,20298,0.46359251218922654
2013,20299,-1.335164299
2013,20300,-0.653537525
2013,20301,-0.672562427
2013,20302,-1.002213697
2013,20303,-1.02592384
2013,20304,-1.858112036
2013,20305,-0.724576782
2013,20306,-1.104898616
2013,20307,-0.61108639
2013,20308,-0.44399801
2013,20309,-0.751200206
2013,20310,-0.653318011
2013,20311,-2.102751947
2013,20312,-0.679220817
2013,20313,-2.383783563
2013,20314,-0.630971848
2013,20315,-0.816079182
2013,20316,-1.353163977
2013,20317,-0.942807674
2013,20318,1.3984657570543004
2013,20319,-1.719207124
2013,20320,-1.254698783
2013,20321,-1.244863847
2013,20322,-0.87268923
2013,20323,-1.014027819
2013,20324,0.35553609991747337
2013,20325,-0.343664149
2013,20326,-1.220258914
2013,20327,-0.019446446
2013,20328,-1.407660121
2013,20329,-1.042586828
2013,20330,-0.864148513
2013,20331,-0.797286265
2013,20332,-1.234840416
2013,20333,-0.333866591
2013,20334,0.38810877095250945
2013,20335,-0.871506309
2013,20336,-0.556509588
2013,20337,-0.300164926
2013,20338,0.5586564818584797
2013,20339,-0.273174911
2013,20340,-1.587996154
2013,20341,-0.870480685
2013,20342,-0.762037419
2013,20343,-0.499881213
2013,20344,-1.117889675
2013,20345,-0.593116155
2013,20346,-0.915828106
2013,20347,-1.144373688
2013,20348,-0.575222689
2013,20349,-1.254965296
2013,20350,1.141106829255405
2013,20351,-0.542409798
2013,20352,-1.091485324
2013,20353,-1.856979282
2013,20354,-1.383919843
2013,20355,-1.542590514
2013,20356,-0.657327737
2013,20357,-1.548719634
2013,20358,-0.488112646
2013,20359,-0.858831835
2013,20360,-0.537758183
2013,20361,-1.366927824
2013,20362,-0.676279357
2013,20363,-0.609958119
2013,20364,0.1213413885021068
2013,20365,-0.789346606
2013,20366,-0.925411931
2013,20367,-0.771423946
2013,20368,-1.046666102
2013,20369,-0.912949913
2013,20370,-1.315683907
2013,20371,-0.850397149
2013,20372,-1.137247476
2013,20373,-1.700001094
2013,20374,-1.703475924
2013,20375,-0.399051764
2013,20376,-0.50605867
2013,20377,-0.848718432
2013,20378,-0.678794766
2013,20379,-0.857427699
2013,20380,-0.706578003
2013,20381,-0.604964595
2013,20382,-1.008506388
2013,20383,-1.699944376
2013,20384,-2.045211199
2013,20385,1.425272436867128
2013,20386,-0.556358364
2013,20387,-0.435963059
2013,20388,-1.428440657
2013,20389,-1.158721467
2013,20390,1.6306316534944951
2013,20391,-1.657812108
2013,20392,-1.037167989
2013,20393,-0.956512407
2013,20394,-1.157863443
2013,20395,-2.03810148
2013,20396,-0.876082557
2013,20397,1.3299889188675975
2013,20398,-0.121073635
2013,20399,-0.305379538
2013,20400,-0.522079877
2013,20401,0.2266302085527096
2013,20402,-0.730279284
2013,20403,0.28327514674094956
2013,20404,-0.958706781
2013,20405,-0.618292271
2013,20406,-0.411269795
2013,20407,-0.522463046
2013,20408,-1.596546522
2013,20409,0.21728038912167952
2013,20410,-0.734504405
2013,20411,-0.865354114
2013,20412,-0.902992396
2013,20413,1.3372912107619084
2013,20414,-0.567336384
2013,20415,-0.708446196
2013,20416,-3.051294722
2013,20417,-0.954838859
2013,20418,0.15686394324519176
2013,20419,-1.038191704
2013,20420,-1.149691272
2013,20421,-0.468133117
2013,20422,-2.02828399
2013,20423,-1.365027768
2013,20424,-1.022636112
2013,20425,-1.057915938
2013,20426,-1.218642451
2013,20427,-0.179491942
2013,20428,-0.784075098
2013,20429,-0.479876632
2013,20430,-2.102751947
2013,20431,-0.961758769
2013,20432,-0.630386065
2013,20433,-1.188474993
2013,20434,-0.955611901
2013,20435,-0.883199655
2013,20436,-3.051294722
2013,20437,-0.609271729
2013,20438,-1.016540418
2013,20439,-0.31834444
2013,20440,-1.113182694
2013,20441,-0.82980965
2013,20442,-1.233657511
2013,20443,-1.166554719
2013,20444,-1.359130087
2013,20445,-2.102751947
2013,20446,-0.888422637
2013,20447,-0.205380056
2013,20448,-1.304200686
2013,20449,-0.991652078
2013,20450,-0.776187733
2013,20451,-1.573135476
2013,20452,-0.28628516
2013,20453,-0.65118777
2013,20454,-1.127587248
2013,20455,-0.479583095
2013,20456,-0.738626323
2013,20457,-1.129383817
2013,20458,-1.301685632
2013,20459,-0.39100281
2013,20460,-0.648609622
2013,20461,-1.154238879
2013,20462,-0.429123785
2013,20463,-1.073902114
2013,20464,-1.690462269
2013,20465,-0.677336474
2013,20466,-0.882021263
2013,20467,0.037811166
2013,20468,-1.184420648
2013,20469,0.6273165155228301
2013,20470,-1.096805095
2013,20471,-1.333632523
2013,20472,-0.60455499
2013,20473,-1.052418747
2013,20474,-0.861531253
2013,20475,-0.14634868
2013,20476,-1.753454581
2013,20477,-1.105706404
2013,20478,-1.282274464
2013,20479,-1.120769701
2013,20480,-1.455533509
2013,20481,-0.642170563
2013,20482,0.7956186466062899
2013,20483,-0.640085089
2013,20484,-0.204923561
2013,20485,-0.959447082
2013,20486,-0.346346725
2013,20487,-1.15249279
2013,20488,-1.788369808
2013,20489,-0.889412444
2013,20490,-0.629712529
2013,20491,-1.101432496
2013,20492,-1.208633717
2013,20493,-1.446258555
2013,20494,-1.428440657
2013,20495,-1.100657142
2013,20496,-0.840400575
2013,20497,-0.812948498
2013,20498,-1.600624849
2013,20499,-0.09138438
2013,20500,-0.625867721
2013,20501,-1.157859156
2013,20502,-0.914748954
2013,20503,-1.088753608
2013,20504,-1.279255198
2013,20505,-0.438726092
2013,20506,-1.580529858
2013,20507,-0.930750847
2013,20508,-0.898740772
2013,20509,-0.673881647
2013,20510,-1.291511197
2013,20511,-1.46041339
2013,20512,-1.542902154
2013,20513,-0.837571459
2013,20514,-0.059759039
2013,20515,0.5218387507123737
2013,20516,-0.82388929
2013,20517,-0.633753179
2013,20518,-1.655774338
2013,20519,-0.846260657
2013,20520,-0.289467879
2013,20521,-1.538085573
2013,20522,-1.031645583
2013,20523,-0.410965793
2013,20524,-3.051294722
2013,20525,-0.230636154
2013,20526,-0.289543475
2013,20527,-1.331635484
2013,20528,-0.930773179
2013,20529,-2.052349603
2013,20530,-0.054031115
2013,20531,-0.463541276
2013,20532,-1.199001452
2013,20533,-0.657389279
2013,20534,-1.362064713
2013,20535,-0.837196127
2013,20536,-1.033658171
2013,20537,-0.319570864
2013,20538,-0.818473487
2013,20539,-0.035193926
2013,20540,-0.137388113
2013,20541,-0.940149161
2013,20542,-0.997120829
2013,20543,-1.034619482
2013,20544,-1.088255593
2013,20545,-0.119338982
2013,20546,0.04074792
2013,20547,-0.808945581
2013,20548,-1.007153183
2013,20549,-0.713608788
2013,20550,-0.287366318
2013,20551,0.34013138458843756
2013,20552,-1.578973844
2013,20553,1.0870840896153051
2013,20554,-0.737042997
2013,20555,-0.668627607
2013,20556,-0.81083711
2013,20557,-0.264557569
2013,20558,-1.758831818
2013,20559,-0.222597313
2013,20560,-0.752866342
2013,20561,-1.180354111
2013,20562,-0.580479421
2013,20563,-1.180644932
2013,20564,-1.907695194
2013,20565,-0.075686709
2013,20566,-0.899460097
2013,20567,-0.425432368
2013,20568,-1.04508672
2013,20569,-1.415720083
2013,20570,0.18705138037513797
2013,21001,-0.165245442
2013,21002,-0.355812368
2013,21003,0.36425507117710293
2013,21004,1.2142934224467128
2013,21005,0.43634152754429234
2013,21006,-0.494134273
2013,21007,-1.132679913
2013,21008,0.29840178446448073
2013,21009,-1.09194151
2013,21010,0.7569086181178922
2013,21011,-1.021036454
2013,21012,-0.712432706
2013,21013,0.29646911008194865
2013,21014,-0.820584807
2013,21015,1.6207303334696788
2013,21016,-0.31024989
2013,21017,-0.181237275
2013,21018,-1.193703567
2013,21019,1.7287312106519135
2013,21020,-0.518946648
2013,21021,-0.878243546
2013,21022,-0.609965617
2013,21023,-0.468021429
2013,21024,-0.990208755
2013,21025,-0.169646639
2013,21026,-0.027329805
2013,21027,-1.548998946
2013,21028,-1.256591331
2013,21029,-0.904097962
2013,21030,-1.220799034
2013,21031,-0.398480608
2013,21032,-0.972668992
2013,21033,-1.284528654
2013,21034,1.5172374795910053
2013,21035,-0.818725661
2013,21036,-0.650281953
2013,21037,-0.791088289
2013,21038,0.16596175478518138
2013,21039,-0.73900501
2013,21040,-0.278408554
2013,21041,2.252340695390785
2013,21042,-1.020651049
2013,21043,0.049408582
2013,21044,0.1914054405535077
2013,21045,0.6272061215312242
2013,21046,-0.382282679
2013,21047,0.34351399549487954
2013,21048,-0.339153838
2013,21049,-0.763682989
2013,21050,-0.869499338
2013,21051,0.25419131957702623
2013,21052,-0.75422676
2013,21053,0.822397044
2013,21054,0.18498010778365825
2013,21055,-0.395648135
2013,21056,-0.929587083
2013,21057,-0.322065885
2013,21058,-0.663856797
2013,21059,-0.308191812
2013,21060,-0.474937678
2013,21061,-0.531484513
2013,21062,-0.422320153
2013,21063,0.2518119350157334
2013,21064,-0.205032146
2013,21065,-0.038434209
2013,21066,-0.725145229
2013,21067,0.15154346141974437
2013,21068,-0.860213901
2013,21069,0.15939421741506457
2013,21070,-0.780740486
2013,21071,1.156490275017421
2013,21072,-0.809252976
2013,21073,-0.218013969
2013,21074,1.1949869035611942
2013,21075,-0.245756534
2013,21076,-0.13135301
2013,21077,-1.212967407
2013,21078,-0.749838008
2013,21079,-0.597450463
2013,21080,-1.258296631
2013,21081,-0.704071015
2013,21082,0.064326937
2013,21083,-0.359332184
2013,21084,-0.346737685
2013,21085,1.3097972856065674
2013,21086,-0.975286126
2013,21087,-0.331915147
2013,21088,-0.388181619
2013,21089,-0.4547796
2013,21090,1.2989319720626238
2013,21091,-0.129440779
2013,21092,-1.30468453
2013,21093,-0.716908098
2013,21094,0.9569859777958547
2013,21095,-1.755979122
2013,21096,-0.799556854
2013,21097,-0.225236563
2013,21098,-0.341252085
2013,21099,-0.009061925
2013,21100,-0.524542806
2013,21101,-1.047449458
2013,21102,1.2183588148109892
2013,21103,-0.836721551
2013,21104,0.050071092
2013,21105,-0.413926462
2013,21106,0.497758135
2013,21107,-0.3052988
2013,21108,0.10041687140528609
2013,21109,0.23680954411465138
2013,21110,0.25301637937553617
2013,21111,-0.50431023
2013,21112,-0.234240698
2013,21113,-0.353111344
2013,21114,2.9562047351567333
2013,21115,-0.074182178
2013,21116,-0.797155889
2013,21117,0.5434033554215358
2013,21118,0.5883967372001007
2013,21119,2.2588814669968142
2013,21120,-1.078981847
2013,21121,-0.866279631
2013,21122,0.006640427
2013,21123,-1.534688746
2013,21124,-0.13331351
2013,21125,1.4567947522359188
2013,21126,-0.943285491
2013,21127,-0.845664877
2013,21128,-0.417536611
2013,21129,-0.258768821
2013,21130,-0.482966497
2013,21131,-1.596193063
2013,21132,1.3442212321097626
2013,21133,-1.1925313
2013,21134,0.31314881266592987
2013,21135,-1.528039149
2013,21136,1.0148344086221293
2013,21137,-0.207636848
2013,21138,-0.295149926
2013,21139,-0.440935638
2013,21140,2.132397014842049
2013,21141,-0.412484836
2013,21142,0.32847894880559847
2013,21143,0.5593507554889138
2013,21144,1.0809190410901022
2013,21145,-0.355652871
2013,21146,-1.419750904
2013,21147,-0.414681156
2013,21148,-0.427613418
2013,21149,0.4382957364542047
2013,21150,-0.563188019
2013,21151,0.41244497369774813
2013,21152,-0.461741135
2013,21153,0.8018698998298285
2013,21154,1.210118880541791
2013,21155,0.045055403
2013,21156,2.2210588370930755
2013,21157,-0.208189566
2013,21158,-0.628637403
2013,21159,-1.83134682
2013,21160,-0.743417411
2013,21161,-0.207792214
2013,21162,-0.855020636
2013,21163,-0.012291131
2013,21164,1.2060393231266004
2013,21165,-1.253830884
2013,21166,-0.357327815
2013,21167,-0.868822395
2013,21168,-0.336646907
2013,21169,-0.012201064
2013,21170,0.5163813136239646
2013,21171,-0.13839828
2013,21172,0.29407970627109936
2013,21173,0.22719465340188344
2013,21174,1.6396235820197373
2013,21175,-0.680179934
2013,21176,-0.472229993
2013,21177,0.6716345465492936
2013,21178,-0.885852527
2013,21179,0.02539733
2013,21180,0.5553454522370124
2013,21181,-0.459034259
2013,21182,-0.315557187
2013,21183,-1.085511938
2013,21184,-0.892273313
2013,21185,-0.214732
2013,21186,0.5221732834640759
2013,21187,-0.888282723
2013,21188,-0.292539168
2013,21189,0.13174736402960577
2013,21190,-1.064783139
2013,21191,0.2970780482990771
2013,21192,-0.56418356
2013,21193,-2.382004779
2013,21194,0.35836042125355966
2013,21195,-0.800224174
2013,21196,-0.499314603
2013,21197,0.7200698049327072
2013,21198,-1.083347353
2013,21199,0.010296394047811823
2013,21200,-0.779559629
2013,21201,-0.743623667
2013,21202,-0.850745915
2013,21203,-0.621888189
2013,21204,-0.633815533
2013,21205,-0.262307879
2013,21206,-0.807539158
2013,21207,0.6403300460112183
2013,21208,1.3662632883586912
2013,21209,0.22159699940336455
2013,21210,-0.496259599
2013,21211,0.11411874329791892
2013,21212,0.4938589953694889
2013,21213,-0.355381351
2013,21214,-0.19048493
2013,21215,-0.706985898
2013,21216,-1.104005191
2013,21217,-0.349869291
2013,22001,0.5414077280087167
2013,22002,-0.302788622
2013,22003,-0.302239063
2013,22004,0.6967222053227534
2013,22005,0.5090328836402521
2013,22006,2.485953134634834
2013,22007,0.5311754741861221
2013,22008,-0.11852562
2013,22009,0.6700511914420217
2013,22010,-0.354646833
2013,22011,2.9957749694695677
2013,22012,0.6553920121112343
2013,22013,-0.56966051
2013,22014,3.2024166678500214
2013,22015,-0.278940421
2013,22016,2.5361999558971515
2013,22017,1.910268562827223
2013,22018,-0.212197049
2013,23001,2.082394496841253
2013,23002,0.8023172694104954
2013,23003,1.260128958064174
2013,23004,2.1918525909598845
2013,23005,2.8625668761821568
2013,23006,0.3122928439191443
2013,23007,0.21497323147624134
2013,23008,2.087473082884352
2013,23009,1.5018035405584682
2013,23010,0.1530990129492235
2013,24001,-0.039791229
2013,24002,-0.274252718
2013,24003,-0.251132228
2013,24004,-0.810444808
2013,24005,0.4362068793861482
2013,24006,0.050471186
2013,24007,0.30380165393513175
2013,24008,0.3291832126101393
2013,24009,0.039575785
2013,24010,0.18857826075882084
2013,24011,0.1643298234531308
2013,24012,-0.051827874
2013,24013,1.6398481149420607
2013,24014,-0.314969716
2013,24015,0.071819884
2013,24016,0.5499104361954041
2013,24017,-0.265474527
2013,24018,-0.715480074
2013,24019,-0.822504223
2013,24020,1.631403041720357
2013,24021,0.3064470725133221
2013,24022,0.4552958892032425
2013,24023,-0.188140331
2013,24024,1.238548756822104
2013,24025,0.3630834650301413
2013,24026,-0.481583247
2013,24027,0.055532716
2013,24028,3.1737448144814833
2013,24029,-0.535889699
2013,24030,-0.764280521
2013,24031,-1.283152184
2013,24032,-0.037819567
2013,24033,-0.45932987
2013,24034,-0.134706552
2013,24035,2.0296004315912297
2013,24036,0.13235595433623432
2013,24037,0.8513619678464788
2013,24038,-0.45897691
2013,24039,-0.41757353
2013,24040,0.6117110119191059
2013,24041,-0.253413825
2013,24042,-0.008949733
2013,24043,-0.391986312
2013,24044,-0.604289022
2013,24045,0.018547027626267205
2013,24046,0.073019338
2013,24047,-0.165701615
2013,24048,-0.138168883
2013,24049,-0.16030336
2013,24050,1.4066167945614254
2013,24051,0.1173705299551333
2013,24052,-0.488144356
2013,24053,-0.070903601
2013,24054,0.092437027
2013,24055,-0.44678097
2013,24056,0.30500228486566733
2013,24057,-0.337164241
2013,24058,0.49312367021562603
2013,25001,2.388409012724889
2013,25002,0.658737796
2013,25003,-0.018676813
2013,25004,0.062341912318643215
2013,25005,0.4053388205555653
2013,25006,2.922054568931651
2013,25007,0.17387263119632124
2013,25008,0.7514971005224167
2013,25009,0.6413359474688486
2013,25010,0.6160334023954189
2013,25011,1.824162462307686
2013,25012,2.665301945633268
2013,25013,0.44285862877757376
2013,25014,0.6183722139095686
2013,25015,1.754981558913819
2013,25016,-0.12296702
2013,25017,0.4786740423414157
2013,25018,1.1009915669133605
2013,26001,-0.525615173
2013,26002,1.8619697212662953
2013,26003,0.10750950622060719
2013,26004,0.19478393523625706
2013,26005,-0.699364368
2013,26006,-0.292976409
2013,26007,-0.857559432
2013,26008,-0.489350204
2013,26009,-0.859234741
2013,26010,-0.811514018
2013,26011,-0.760822358
2013,26012,0.4863101235488199
2013,26013,-0.083802283
2013,26014,-0.334260392
2013,26015,-0.667656531
2013,26016,-0.179128783
2013,26017,2.0327557594621637
2013,26018,2.520459312019029
2013,26019,1.797659984859363
2013,26020,-0.007983986
2013,26021,-0.476223024
2013,26022,-0.781654
2013,26023,0.27358169192952064
2013,26024,-0.44335298
2013,26025,1.4422392366867476
2013,26026,0.4598689223592288
2013,26027,0.16797199184526412
2013,26028,-0.449535099
2013,26029,2.486416284642922
2013,26030,2.9840088338239155
2013,26031,-0.589195135
2013,26032,-0.629210417
2013,26033,1.359522821948148
2013,26034,-0.894092991
2013,26035,0.4645603791863593
2013,26036,1.1362052148750317
2013,26037,-0.761828466
2013,26038,0.10009503424635971
2013,26039,0.5846809265260515
2013,26040,-0.511784028
2013,26041,1.2919789159256725
2013,26042,1.8559746199407483
2013,26043,2.7828171611147043
2013,26044,-0.916100204
2013,26045,-0.054066052
2013,26046,-1.292003924
2013,26047,-0.130527014
2013,26048,1.9549453205555178
2013,26049,-0.739013702
2013,26050,-0.531104676
2013,26051,-0.156583544
2013,26052,0.017890011
2013,26053,-0.783723149
2013,26054,-0.467632972
2013,26055,1.9607678618783497
2013,26056,-0.329277306
2013,26057,-0.524273557
2013,26058,0.6743185855743808
2013,26059,-0.275917319
2013,26060,-1.189812587
2013,26061,-0.966735874
2013,26062,-0.908057971
2013,26063,-0.56223971
2013,26064,-0.653970533
2013,26065,-1.000663633
2013,26066,-0.001750223
2013,26067,-0.745552636
2013,26068,-0.795438217
2013,26069,-0.170694822
2013,26070,0.8585752464632213
2013,26071,0.8143661615631063
2013,26072,0.013811371187254999
2013,27001,0.2416051599669941
2013,27002,1.710295892340653
2013,27003,0.5706384159007281
2013,27004,2.739619678395676
2013,27005,1.447401805129511
2013,27006,1.0716102686787532
2013,27007,0.6922737897447261
2013,27008,0.5729159115243672
2013,27009,0.074123717
2013,27010,0.7813052667557351
2013,27011,0.1672330035906332
2013,27012,0.8815029049579617
2013,27013,0.6550063531099255
2013,27014,1.9051413909243695
2013,27015,-0.049289147
2013,27016,0.9443356511312488
2013,27017,0.38604325832296704
2013,28001,0.084546296
2013,28002,0.21933161077151525
2013,28003,2.2761815956839015
2013,28004,-0.150677476
2013,28005,-0.494552904
2013,28006,-0.665082905
2013,28007,0.44929943059046024
2013,28008,-0.798220223
2013,28009,2.5881571383125093
2013,28010,-0.529838265
2013,28011,-0.433117765
2013,28012,0.4942647060216025
2013,28013,0.21171614930052415
2013,28014,-0.268059072
2013,28015,0.8078245396039427
2013,28016,0.013334841920084545
2013,28017,-0.063138
2013,28018,-0.005019683
2013,28019,-0.016314174
2013,28020,-0.74822275
2013,28021,1.5592965859332608
2013,28022,3.0847708522052018
2013,28023,-0.491634846
2013,28024,0.25622441493201237
2013,28025,1.5754408695243014
2013,28026,-0.732327263
2013,28027,3.078884244798075
2013,28028,-0.699794888
2013,28029,-0.248558593
2013,28030,0.26663955623546015
2013,28031,-0.937924507
2013,28032,3.2657776914979464
2013,28033,1.856645831506649
2013,28034,-0.629592904
2013,28035,1.1566102699012073
2013,28036,-1.041734238
2013,28037,0.2662342900779169
2013,28038,2.841984406222858
2013,28039,0.1064634878016896
2013,28040,1.8516306708409063
2013,28041,2.2941634971146874
2013,28042,-0.476756821
2013,28043,0.4197968826090404
2013,29001,0.546289477
2013,29002,0.9113039461249338
2013,29003,-0.641014762
2013,29004,-0.147446933
2013,29005,1.909320337386727
2013,29006,1.2429163580314362
2013,29007,0.5492277251544337
2013,29008,0.10368093814319004
2013,29009,-0.303386562
2013,29010,1.248973605382819
2013,29011,-0.478793921
2013,29012,-0.61904108
2013,29013,1.108634678523229
2013,29014,-0.21487936
2013,29015,0.082085386
2013,29016,-0.274879666
2013,29017,0.055035316095862916
2013,29018,0.4483860592517211
2013,29019,0.46807425212063497
2013,29020,0.027821836117964117
2013,29021,-0.056361335
2013,29022,-0.35817423
2013,29023,0.0940412
2013,29024,0.49536864870376435
2013,29025,1.2330335098847858
2013,29026,0.010659705754676783
2013,29027,0.30878926448553196
2013,29028,0.055296514
2013,29029,-0.407424736
2013,29030,-0.269690705
2013,29031,0.9464260465227506
2013,29032,-0.477389976
2013,29033,2.1148319914634133
2013,29034,0.753458468
2013,29035,-0.130278146
2013,29036,0.5702124487798239
2013,29037,-0.366439551
2013,29038,0.6611348731755812
2013,29039,0.4610056541609172
2013,29040,0.2766200016287739
2013,29041,1.072478402305996
2013,29042,0.6840159901345262
2013,29043,1.2611591819238561
2013,29044,1.1264442543534994
2013,29045,-0.256267759
2013,29046,-0.776150159
2013,29047,-0.588071859
2013,29048,0.755183052
2013,29049,-0.233288862
2013,29050,-0.339878398
2013,29051,-0.15575893
2013,29052,-0.57057581
2013,29053,0.33193059336456354
2013,29054,-0.168050369
2013,29055,-0.178302724
2013,29056,-0.368750521
2013,29057,-0.281063077
2013,29058,-0.169342638
2013,29059,0.36911894676941404
2013,29060,1.1050431663792415
2013,30001,-0.417227569
2013,30002,-0.779574549
2013,30003,1.2104851268815218
2013,30004,-0.256180742
2013,30005,-0.469661404
2013,30006,-0.321387456
2013,30007,-0.92720539
2013,30008,-0.696269465
2013,30009,0.40627296881721625
2013,30010,0.6714813794404084
2013,30011,1.2408478421435507
2013,30012,-0.497273316
2013,30013,0.6937829334083592
2013,30014,0.8101855250087749
2013,30015,0.12279511642991076
2013,30016,1.116003666806883
2013,30017,-0.908046474
2013,30018,-0.906632596
2013,30019,-0.478331208
2013,30020,-0.838753313
2013,30021,-0.158956192
2013,30022,-0.015313138
2013,30023,-0.168834955
2013,30024,-0.410641556
2013,30025,-0.520279945
2013,30026,0.9944570726200036
2013,30027,-0.255002487
2013,30028,2.459916244
2013,30029,-0.825104563
2013,30030,0.8530397185213757
2013,30031,-0.695946367
2013,30032,0.35702201123424204
2013,30033,-0.145394911
2013,30034,0.47738772471959146
2013,30035,-0.225225138
2013,30036,-0.416973689
2013,30037,-0.995758728
2013,30038,1.6177336249254926
2013,30039,2.5991944903399675
2013,30040,0.8239232195575685
2013,30041,-1.258703935
2013,30042,-0.266850847
2013,30043,-0.189326853
2013,30044,2.3136281834803483
2013,30045,0.8990198927035633
2013,30046,-0.582102414
2013,30047,0.8243658367295142
2013,30048,1.5407347655414227
2013,30049,0.18607136643613378
2013,30050,-0.713036732
2013,30051,-0.082671924
2013,30052,0.080018757
2013,30053,0.47055434936470875
2013,30054,-0.56740114
2013,30055,-0.678608505
2013,30056,-1.138451157
2013,30057,-0.584702952
2013,30058,-0.090595135
2013,30059,0.090043556
2013,30060,-0.450524419
2013,30061,0.7730789283046512
2013,30062,-0.141581731
2013,30063,-0.538466485
2013,30064,-0.762956888
2013,30065,0.4699944198696959
2013,30066,-0.091862928
2013,30067,-0.896587391
2013,30068,1.263154884381927
2013,30069,0.46310258017345846
2013,30070,-0.285071735
2013,30071,1.1111754211281453
2013,30072,-0.05129293
2013,30073,-0.275424422
2013,30074,-0.004801582
2013,30075,0.13673568533651587
2013,30076,-0.961204658
2013,30077,0.7565394653674623
2013,30078,-0.598946964
2013,30079,-0.427574403
2013,30080,-0.352868742
2013,30081,0.2451252536018256
2013,30082,0.094969135
2013,30083,-0.675567869
2013,30084,-0.508920665
2013,30085,1.305335028771065
2013,30086,0.1808751376847584
2013,30087,2.3834402333868248
2013,30088,-0.252627738
2013,30089,0.9134258293849911
2013,30090,-0.219147707
2013,30091,-0.340717787
2013,30092,0.2995987286415799
2013,30093,-0.283504971
2013,30094,0.11780928202360617
2013,30095,-0.449923258
2013,30096,-0.923172449
2013,30097,0.2132553317673677
2013,30098,-0.814548076
2013,30099,-0.296176591
2013,30100,0.10985635802731179
2013,30101,0.437829576
2013,30102,1.3747122262884017
2013,30103,-0.770375726
2013,30104,-0.6147918
2013,30105,1.0918162335820243
2013,30106,-0.770221902
2013,30107,-1.419795455
2013,30108,1.720187647033762
2013,30109,0.6484902366410467
2013,30110,-0.620787986
2013,30111,0.037241749
2013,30112,0.5521531980269693
2013,30113,-0.582066789
2013,30114,-0.285966314
2013,30115,0.5898186092550007
2013,30116,0.24363417869483778
2013,30117,0.018797490818703733
2013,30118,2.177019702
2013,30119,-0.27141764
2013,30120,-0.317878871
2013,30121,0.08486554
2013,30122,-0.564121477
2013,30123,1.262010385324969
2013,30124,0.5520825241903267
2013,30125,-0.056943384
2013,30126,0.17044703012111728
2013,30127,-0.6141464
2013,30128,1.0101527435624946
2013,30129,-0.192314618
2013,30130,0.23941786265753942
2013,30131,2.139806481423551
2013,30132,-0.225606202
2013,30133,0.20879827373766016
2013,30134,0.33415854264208056
2013,30135,0.10970116130582583
2013,30136,-0.043990322
2013,30137,-1.092908758
2013,30138,1.332758599584464
2013,30139,-0.52512501
2013,30140,-0.977974731
2013,30141,1.1811765096715658
2013,30142,-0.117019718
2013,30143,0.057011563
2013,30144,-0.350347168
2013,30145,0.042943945
2013,30146,-0.673492091
2013,30147,-0.291047302
2013,30148,0.30481516481289345
2013,30149,-0.476378108
2013,30150,-0.442278807
2013,30151,-0.076923228
2013,30152,-0.382599404
2013,30153,-1.219126853
2013,30154,-0.97315948
2013,30155,0.48572931055801577
2013,30156,-1.088383853
2013,30157,-0.284418005
2013,30158,0.051267343
2013,30159,-0.752336023
2013,30160,0.6011055047922704
2013,30161,-0.460389431
2013,30162,-0.627537184
2013,30163,-0.658429272
2013,30164,-0.101299611
2013,30165,-0.763746002
2013,30166,-0.975123859
2013,30167,-0.701607619
2013,30168,-0.433903824
2013,30169,-0.22567901
2013,30170,-0.734749915
2013,30171,-0.91684744
2013,30172,-0.286763632
2013,30173,0.5812833798168932
2013,30174,0.8993140731597461
2013,30175,1.2737177164591054
2013,30176,-0.697777241
2013,30177,-0.824516971
2013,30178,0.5531736574539996
2013,30179,-0.490580634
2013,30180,-0.702524701
2013,30181,0.4140324153072385
2013,30182,-0.137716617
2013,30183,0.7179909423123735
2013,30184,-0.376033129
2013,30185,-0.048869457
2013,30186,0.14569340918807072
2013,30187,-0.833482446
2013,30188,-0.233419455
2013,30189,1.9062197719597047
2013,30190,-0.80311482
2013,30191,0.13436100154301286
2013,30192,0.1858241377113563
2013,30193,2.7993884844248504
2013,30194,-0.361471754
2013,30195,-1.182743939
2013,30196,0.19770918145308614
2013,30197,-0.252841394
2013,30198,-0.6867951
2013,30199,-0.42920161
2013,30200,-0.505359895
2013,30201,-0.234540748
2013,30202,-0.548859053
2013,30203,-0.435755191
2013,30204,0.7772478767423139
2013,30205,0.23496771627670585
2013,30206,0.8346639179543437
2013,30207,0.8420383557730732
2013,30208,-0.101210689
2013,30209,-0.489122642
2013,30210,-0.304229556
2013,30211,0.6598029737702458
2013,30212,-1.025983808
2013,31001,-0.726477833
2013,31002,0.2158509117184052
2013,31003,0.23491873359158053
2013,31004,-0.161748546
2013,31005,-0.919860167
2013,31006,-0.159753409
2013,31007,-0.066080135
2013,31008,-0.807512768
2013,31009,-0.567301318
2013,31010,-0.77528006
2013,31011,0.5631429005367743
2013,31012,-0.513519446
2013,31013,-0.120123358
2013,31014,-1.186752704
2013,31015,-0.495078692
2013,31016,-0.937303754
2013,31017,-1.330837544
2013,31018,-1.219205984
2013,31019,-0.557224692
2013,31020,-0.419310445
2013,31021,-0.348156312
2013,31022,-1.28255927
2013,31023,0.054461212370613236
2013,31024,-0.955242353
2013,31025,-0.513000782
2013,31026,-0.248725789
2013,31027,0.050878504609056206
2013,31028,-0.110485317
2013,31029,-0.250483429
2013,31030,-0.885824565
2013,31031,-0.962628271
2013,31032,-0.427193662
2013,31033,0.008039019
2013,31034,-0.486966138
2013,31035,-0.397590559
2013,31036,-0.329717771
2013,31037,-0.70779509
2013,31038,0.7604973821255365
2013,31039,-0.446621101
2013,31040,0.5471464137314203
2013,31041,1.24040907
2013,31042,-0.879476957
2013,31043,-0.647502819
2013,31044,-0.472922332
2013,31045,-0.842485801
2013,31046,0.008963227
2013,31047,0.006079679
2013,31048,0.1203847944807215
2013,31049,-0.718210201
2013,31050,2.937878674994177
2013,31051,0.032511225
2013,31052,0.4984833043814352
2013,31053,-0.117696684
2013,31054,-0.482670149
2013,31055,-0.835473463
2013,31056,0.5786183473726728
2013,31057,-0.153876628
2013,31058,0.49062418106263783
2013,31059,1.3716533694329853
2013,31060,-0.920493111
2013,31061,-0.698157521
2013,31062,-0.3541565
2013,31063,-0.634213762
2013,31064,-0.947709238
2013,31065,-0.629719668
2013,31066,-0.458411145
2013,31067,-0.358172313
2013,31068,-0.489617738
2013,31069,-0.436935783
2013,31070,-0.611919262
2013,31071,-1.124382093
2013,31072,-0.803134491
2013,31073,0.11591428106928128
2013,31074,-0.832439164
2013,31075,0.38868873799398096
2013,31076,-0.301855659
2013,31077,-0.789079967
2013,31078,-0.514041711
2013,31079,0.5687070415065236
2013,31080,0.5842947211648545
2013,31081,-0.845270101
2013,31082,-0.198260243
2013,31083,-0.019773502
2013,31084,-0.145506422
2013,31085,0.19898565349220762
2013,31086,-0.78392162
2013,31087,0.000397145
2013,31088,-1.057635212
2013,31089,1.0409920292375676
2013,31090,-0.833818055
2013,31091,0.22470774862119344
2013,31092,-1.152828631
2013,31093,0.22406759053146513
2013,31094,-0.630526917
2013,31095,-0.084275209
2013,31096,0.8907989030452431
2013,31097,-0.478260558
2013,31098,0.061930494
2013,31099,-0.813870932
2013,31100,-0.576709071
2013,31101,1.7376169525764682
2013,31102,1.517184480539346
2013,31103,-1.345801943
2013,31104,-0.28924255
2013,31105,-0.513150477
2013,31106,-0.695699781
2013,32001,-0.539581065
2013,32002,-0.539770677
2013,32003,-0.513524402
2013,32004,-0.392363901
2013,32005,1.256556598007843
2013,32006,0.16688228913706538
2013,32007,0.15737786851976707
2013,32008,-0.32494987
2013,32009,-0.035701027
2013,32010,1.7506242153783533
2013,32011,-0.323041084
2013,32012,-0.644079416
2013,32013,-0.107200099
2013,32014,-0.029785265
2013,32015,-0.882381678
2013,32016,0.061498822778244706
2013,32017,2.134967988045476
2013,32018,-0.684232531
2013,32019,1.0442025392045176
2013,32020,1.1678703891829119
2013,32021,-0.582274299
2013,32022,0.5010203998915441
2013,32023,0.33806720349766695
2013,32024,0.7620900429311301
2013,32025,-0.102879499
2013,32026,-0.259708088
2013,32027,-0.996645233
2013,32028,-0.501178884
2013,32029,0.3104893727750699
2013,32030,-0.160873824
2013,32031,-0.229928807
2013,32032,0.9525851244992996
2013,32033,-0.276820498
2013,32034,0.6632363278098948
2013,32035,-0.393437538
2013,32036,0.8642806816195924
2013,32037,0.16880634918785387
2013,32038,0.049157303
2013,32039,0.905945969
2013,32040,-0.107718981
2013,32041,-0.789235946
2013,32042,1.2968575796118476
2013,32043,-0.707800957
2013,32044,0.4123901534700078
2013,32045,-0.004865323
2013,32046,-0.349821206
2013,32047,0.13006001647521293
2013,32048,0.8438736525240417
2013,32049,0.41559036986279496
2013,32050,-0.180698661
2013,32051,-0.145878147
2013,32052,-0.268109329
2013,32053,-0.345342497
2013,32054,-0.210946843
2013,32055,0.1342270737553537
2013,32056,2.0788371129020278
2013,32057,0.21295418284880852
2013,32058,-0.172017746
2018,01001,2.827060305
2018,01002,0.20592794470522005
2018,01003,0.9714403061231888
2018,01004,-0.379491042
2018,01005,2.4510875907836667
2018,01006,1.0239691973605292
2018,01007,0.5800367808295327
2018,01008,-0.37483464
2018,01009,0.20054976341307326
2018,01010,0.5785161812728015
2018,01011,1.4816443208429788
2018,02001,2.5363500477128342
2018,02002,2.8689717894016282
2018,02003,2.4668132179701887
2018,02004,3.2453445058690216
2018,02005,1.963736815442647
2018,03001,1.4671326473187158
2018,03002,1.5324830051176914
2018,03003,2.361921040017543
2018,03008,2.4570960933458967
2018,03009,1.4208397394470058
2018,04001,0.5985654318594946
2018,04002,2.318227161064097
2018,04003,2.515940232790618
2018,04004,1.049540547336366
2018,04005,-0.12083865
2018,04006,0.085101801
2018,04007,-0.181360351
2018,04008,-0.275473823
2018,04009,0.5079979739598381
2018,04010,0.318848199
2018,04011,0.3610363122576982
2018,05001,-0.464944271
2018,05002,2.3189890506239905
2018,05003,0.8438680144454801
2018,05004,1.610566674118977
2018,05005,0.03510754
2018,05006,0.822497459
2018,05007,0.5166050664118336
2018,05008,0.004744796
2018,05009,0.7753863906136925
2018,05010,2.3050691443965894
2018,05011,-0.043551557
2018,05012,-1.037088173
2018,05013,-0.626813451
2018,05014,-0.433830768
2018,05015,-0.686913468
2018,05016,-0.543982695
2018,05017,1.2855708993773354
2018,05018,2.696641743693425
2018,05019,0.23251657549741997
2018,05020,1.1371109884942543
2018,05021,-0.062064716
2018,05022,1.437649043005236
2018,05023,-0.026982071
2018,05024,0.9314159480979203
2018,05025,2.394229231211206
2018,05026,-0.604439028
2018,05027,2.7821979211116177
2018,05028,2.0153619960501983
2018,05029,-0.232113466
2018,05030,2.8779478627647137
2018,05031,0.4025546417159182
2018,05032,1.3865186400932408
2018,05033,1.2399372027325495
2018,05034,0.236946502
2018,05035,2.869598882416345
2018,05036,-0.327696777
2018,05037,-0.197849633
2018,05038,0.3207787503847979
2018,06001,0.6989160132486786
2018,06002,2.2786945667912755
2018,06003,0.464897922
2018,06004,0.13715860636707686
2018,06005,0.7601527137367251
2018,06006,-0.240515916
2018,06007,2.523883395804959
2018,06008,0.6090598249607114
2018,06009,1.2501340162842132
2018,06010,1.9794163781351863
2018,07001,-0.175626118
2018,07002,0.003916799
2018,07003,0.2295268027349168
2018,07004,-0.313381152
2018,07005,-0.418951809
2018,07006,-0.312853149
2018,07007,-0.396776818
2018,07008,0.35383653626645706
2018,07009,0.6742804341554883
2018,07010,-0.980060819
2018,07011,-0.606298846
2018,07012,0.8429910830618809
2018,07013,-0.062105552
2018,07014,-0.908625078
2018,07015,0.18369687299975407
2018,07016,-0.26222
2018,07017,0.5124366325066172
2018,07018,-0.646967012
2018,07019,1.3964923256517914
2018,07020,0.1282911768534821
2018,07021,0.16241943693487113
2018,07022,-0.571277897
2018,07023,-0.565083701
2018,07024,-0.165278231
2018,07025,-0.651211258
2018,07026,-0.636261724
2018,07027,0.7435610989665171
2018,07028,-0.736503394
2018,07029,-0.42963334
2018,07030,-0.102185338
2018,07031,0.17871108089981128
2018,07032,0.29023385514792754
2018,07033,-0.899493226
2018,07034,0.6175024980624699
2018,07035,-0.323520737
2018,07036,-0.43508474
2018,07037,0.2866711619804927
2018,07038,-0.337975496
2018,07039,-0.710021241
2018,07040,0.5773937921581314
2018,07041,-0.266596023
2018,07042,-0.675728259
2018,07043,-0.362789148
2018,07044,-0.476254588
2018,07045,-1.060728717
2018,07046,-0.034211921
2018,07047,0.029186682270381605
2018,07048,0.046135966
2018,07049,-0.299745
2018,07050,-0.543113075
2018,07051,0.2997124965150416
2018,07052,0.37086654869829916
2018,07053,-0.813148032
2018,07054,-0.121294909
2018,07055,-0.577164082
2018,07056,-1.205958609
2018,07057,0.5577345604292797
2018,07058,-0.985920673
2018,07059,0.7414132295866362
2018,07060,-0.694868076
2018,07061,0.5965246220287751
2018,07062,-0.274406567
2018,07063,-0.446308335
2018,07064,0.027284761
2018,07065,1.063508783169601
2018,07066,-0.633887987
2018,07067,-0.810719034
2018,07068,0.6051227030317639
2018,07069,0.4945666825880183
2018,07070,-0.359518747
2018,07071,0.22069765639597408
2018,07072,-0.142206333
2018,07073,-0.493761061
2018,07074,0.8694631322188392
2018,07075,0.089923488
2018,07076,-0.631614713
2018,07077,-0.224519018
2018,07078,1.1354940876461141
2018,07079,0.023435977045333286
2018,07080,-0.079333885
2018,07081,-0.02802952
2018,07082,-0.424635637
2018,07083,-0.474064148
2018,07084,-0.316241615
2018,07085,-0.926527353
2018,07086,-0.094063628
2018,07087,0.6368919817224629
2018,07088,-1.151280546
2018,07089,1.9085457353122364
2018,07090,-0.687399105
2018,07091,-0.073669541
2018,07092,-0.208810658
2018,07093,-0.331600576
2018,07094,-0.012438151
2018,07096,-0.493660364
2018,07097,0.6442616593397346
2018,07098,-0.982712899
2018,07099,-0.214895848
2018,07100,-0.539624332
2018,07101,2.249093702
2018,07102,0.007741409
2018,07103,-0.571434088
2018,07104,-0.31404759
2018,07105,-0.523983336
2018,07106,0.17392286039523197
2018,07107,0.048198033
2018,07108,0.8371234374408978
2018,07109,0.3794216548979274
2018,07110,-0.66881043
2018,07111,-0.25484449
2018,07112,-0.369586809
2018,07113,-0.352713114
2018,07114,0.2503798734671093
2018,07115,-0.477122658
2018,07116,-0.655715356
2018,07117,-0.668510374
2018,07118,-1.222422291
2018,07119,-1.249133222
2018,07120,-0.732365324
2018,07121,-1.091932543
2018,07122,0.041679555
2018,07123,-0.467838057
2018,07124,-0.17253722
2018,08001,0.5797434319484135
2018,08002,0.3688254391708983
2018,08003,0.1572632635263494
2018,08004,0.12372667213744389
2018,08005,0.8090122584137761
2018,08006,0.021512329724840056
2018,08007,-0.013104495
2018,08008,-0.526192525
2018,08009,0.015437031626982982
2018,08010,0.6575141096375722
2018,08011,1.313493793419268
2018,08012,-0.133793349
2018,08013,0.2520918316738073
2018,08014,-0.449902834
2018,08015,-0.577546269
2018,08016,-0.550830961
2018,08017,2.342452269
2018,08018,-0.510219063
2018,08019,2.926528375951093
2018,08020,-0.258755012
2018,08021,2.075293827
2018,08022,-0.99280346
2018,08023,-0.469023521
2018,08024,-0.229542949
2018,08025,0.16071655080776817
2018,08026,-0.949013854
2018,08027,0.9053866329069502
2018,08028,-0.02818426
2018,08029,-0.186900202
2018,08030,-0.318200287
2018,08031,0.413676853
2018,08032,1.9843998313057565
2018,08033,-1.167207812
2018,08034,-0.395125553
2018,08035,-0.0349022
2018,08036,1.2984179516428007
2018,08037,3.3775310119104343
2018,08038,-0.339286442
2018,08039,-0.145522223
2018,08040,0.47596706610834744
2018,08041,-0.501120053
2018,08042,-0.980855612
2018,08043,-0.359028881
2018,08044,0.2836321528565141
2018,08045,1.0301504351342308
2018,08046,-0.33167493
2018,08047,-0.552730102
2018,08048,0.6173180664917836
2018,08049,-0.488836649
2018,08050,1.7338832443401635
2018,08051,0.16646649345614253
2018,08052,1.1032750059356697
2018,08053,0.28777324538229143
2018,08054,-0.284791024
2018,08055,-0.052723497
2018,08056,-1.222223506
2018,08057,-0.742839612
2018,08058,-0.704113028
2018,08059,-0.271689922
2018,08060,-0.106213653
2018,08061,-0.577076296
2018,08062,0.6055980558078434
2018,08063,-0.191033066
2018,08064,-0.68350326
2018,08065,-0.276728365
2018,08066,-0.753930038
2018,08067,-0.269968686
2018,09002,3.1901260856257823
2018,09003,2.7559690134569204
2018,09004,2.8246501402256246
2018,09005,2.897725584462691
2018,09006,2.731706466738922
2018,09007,2.4941377060662564
2018,09008,2.2000787295447704
2018,09009,0.9131287013316705
2018,09010,3.403203258309829
2018,09011,2.083854735103926
2018,09012,2.745379031953915
2018,09013,1.9579641364790634
2018,09014,3.2097792101690477
2018,09015,3.3860596709711137
2018,09016,3.5222382283184857
2018,09017,2.4894288101558604
2018,10001,0.2674717710360619
2018,10002,-0.232242078
2018,10003,-0.780344916
2018,10004,0.4900614726284909
2018,10005,2.5340888334106317
2018,10006,-0.731436232
2018,10007,2.3883112174438526
2018,10008,0.9999992913790143
2018,10009,-0.081519277
2018,10010,-0.863126591
2018,10011,-0.55716691
2018,10012,1.2296328381787256
2018,10013,0.3942466977473397
2018,10014,-0.207243847
2018,10015,-0.2693661
2018,10016,0.2084732706782517
2018,10017,-0.198313773
2018,10018,0.2547983454864069
2018,10019,-0.651096098
2018,10020,0.047309035
2018,10021,-0.193002268
2018,10022,0.36687070182978976
2018,10023,0.21984235698520743
2018,10024,-0.249049217
2018,10025,-1.185709181
2018,10026,0.13718576723984288
2018,10027,-0.254813055
2018,10028,-0.156929188
2018,10029,-0.786321672
2018,10030,-1.069443462
2018,10031,-0.530161495
2018,10032,0.889960826
2018,10033,-0.353415466
2018,10034,-0.124884155
2018,10035,0.16973073778643197
2018,10036,0.3442954302079018
2018,10037,-0.630865156
2018,10038,0.7556961939221022
2018,10039,0.38053907386718944
2018,11001,1.1434698605002622
2018,11002,1.3934769788258812
2018,11003,1.9366362473693892
2018,11004,1.233634592332582
2018,11005,1.684756441001702
2018,11006,-0.938976638
2018,11007,2.728321273796583
2018,11008,0.8904216631145017
2018,11009,0.631450465
2018,11010,0.407286408
2018,11011,1.1087960037503601
2018,11012,0.5794414926170648
2018,11013,0.2718983185436447
2018,11014,1.1371355590317034
2018,11015,1.6528477600441251
2018,11016,0.4852831880887528
2018,11017,2.541828761449947
2018,11018,0.12701819893546987
2018,11019,0.5938530628977271
2018,11020,2.902138710968845
2018,11021,1.445248665216867
2018,11022,0.42657579843369525
2018,11023,1.0588387769768899
2018,11024,0.32369880781296106
2018,11025,1.8791707653650351
2018,11026,0.7773602257289356
2018,11027,1.8238932989817178
2018,11028,0.9812808171595475
2018,11029,-0.081890268
2018,11030,0.7752834001425292
2018,11031,2.3332268959950015
2018,11032,1.7274302067547997
2018,11033,1.0133844941755266
2018,11034,-0.463218344
2018,11035,0.9831729652958222
2018,11036,-0.230204681
2018,11037,2.568463290756403
2018,11038,0.3651723980850655
2018,11039,0.5542693432884909
2018,11040,-0.174299789
2018,11041,0.9760946068697178
2018,11042,1.1591805652665208
2018,11043,-0.399192467
2018,11044,1.5488183774458173
2018,11045,-0.145971703
2018,11046,0.5508221146044956
2018,12001,1.9935459992776334
2018,12002,-0.609467363
2018,12003,-0.345313645
2018,12004,-0.35651909
2018,12005,-0.774683927
2018,12006,-0.457585931
2018,12007,0.2554652478312488
2018,12008,-0.876169514
2018,12009,-1.612309004
2018,12010,-0.84635863
2018,12011,0.5895015020984434
2018,12012,0.15281153936145692
2018,12013,-0.264127424
2018,12014,0.051015445
2018,12015,-0.10279655
2018,12016,-0.473959818
2018,12017,-0.567888012
2018,12018,-0.154074318
2018,12019,0.21692968575202842
2018,12020,-0.532927867
2018,12021,0.3905256201788952
2018,12022,0.018143756242622655
2018,12023,0.1994852179131753
2018,12024,-0.400481103
2018,12025,-0.809935584
2018,12026,-0.693828606
2018,12027,-0.015060519
2018,12028,0.4536211436034632
2018,12029,1.3091839154324643
2018,12030,-0.254795129
2018,12031,-0.589222811
2018,12032,-0.157635001
2018,12033,-0.139256076
2018,12034,0.3588192693011712
2018,12035,1.160964501360327
2018,12036,-0.385594064
2018,12037,-0.488890726
2018,12038,1.4807263076424302
2018,12039,0.18301967100329097
2018,12040,-0.322523187
2018,12041,-0.75568071
2018,12042,0.092449214
2018,12043,-0.753722211
2018,12044,-0.384358977
2018,12045,0.46424440214113594
2018,12046,0.7596467086385263
2018,12047,-0.685147596
2018,12048,0.033861162
2018,12049,-0.330186688
2018,12050,0.9855871839633553
2018,12051,-0.007598465
2018,12052,-0.225814524
2018,12053,0.2899754491457845
2018,12054,-0.357581926
2018,12055,2.9712073632245497
2018,12056,-0.377161953
2018,12057,0.3379260464314537
2018,12058,0.28179413963846395
2018,12059,-0.300761213
2018,12060,-0.242513467
2018,12061,0.1284828104985745
2018,12062,-0.266179608
2018,12063,-0.801865103
2018,12064,-0.601460952
2018,12065,-0.627071595
2018,12066,0.5435818106301075
2018,12067,-0.12640207
2018,12068,-0.209802238
2018,12069,-1.299380005
2018,12070,-0.462253131
2018,12071,-0.181694265
2018,12072,-0.756464599
2018,12073,-0.108159585
2018,12074,-0.884968318
2018,12075,0.31462313587969226
2018,12076,-0.296729369
2018,12077,-0.24802195
2018,12078,-0.472980444
2018,12079,-0.834028415
2018,12080,-0.284345776
2018,12081,-0.608803265
2018,13001,0.13860014814576618
2018,13002,-0.1283353
2018,13003,1.0915045638425747
2018,13004,-0.153760686
2018,13005,0.032276762
2018,13006,-0.040534817
2018,13007,-0.33447617
2018,13008,1.1901791564797102
2018,13009,-0.496680098
2018,13010,1.4104302925067334
2018,13011,-0.132676562
2018,13012,0.4237073083271707
2018,13013,1.3807036650343927
2018,13014,-0.451044115
2018,13015,-0.103704231
2018,13016,0.7927790532416154
2018,13017,-0.222530517
2018,13018,-0.024840886
2018,13019,-0.383600496
2018,13020,-0.790735784
2018,13021,0.2784719274315967
2018,13022,-0.084460913
2018,13023,0.21483813487895315
2018,13024,0.073604621
2018,13025,-0.561374534
2018,13026,-0.884825354
2018,13027,-0.771998466
2018,13028,0.989989302
2018,13029,0.622479085
2018,13030,0.945714338
2018,13031,0.32202678967882464
2018,13032,-0.423381561
2018,13033,-0.725242437
2018,13034,-0.785297133
2018,13035,0.14523129789663816
2018,13036,-0.275467332
2018,13037,0.045866942
2018,13038,-0.20767132
2018,13039,0.30087792789532264
2018,13040,-0.766717204
2018,13041,1.050541995994665
2018,13042,-0.274332265
2018,13043,-0.911000635
2018,13044,0.1214944732923276
2018,13045,-0.153542575
2018,13046,-0.292004363
2018,13047,-0.899033033
2018,13048,2.2584315062548312
2018,13049,-0.438695084
2018,13050,0.6955654997219999
2018,13051,1.8260806965242347
2018,13052,0.8743006923756661
2018,13053,-0.292216254
2018,13054,0.16142640775256895
2018,13055,-0.128415026
2018,13056,0.9538761954037478
2018,13057,0.20363399566887166
2018,13058,-0.001408053
2018,13059,0.32892366498595205
2018,13060,-0.438543375
2018,13061,2.0626000174675654
2018,13062,-0.61698891
2018,13063,1.5563407679693857
2018,13064,-0.106181526
2018,13065,-0.049969003
2018,13066,0.12774317197264498
2018,13067,0.2946091679281621
2018,13068,-0.54443468
2018,13069,2.0772577682653917
2018,13070,0.4572273895091542
2018,13071,-0.855488552
2018,13072,0.338741724
2018,13073,-0.06209366
2018,13074,0.7558515938417818
2018,13075,0.33000390806136387
2018,13076,1.9773022201270243
2018,13077,1.5568802466352414
2018,13078,-0.4662224
2018,13079,-0.324234772
2018,13080,-0.70745631
2018,13081,0.6555851667485653
2018,13082,0.6707431596572578
2018,13083,0.8735913139392416
2018,13084,0.85054482
2018,14001,0.1201218543288001
2018,14002,0.3976463238966259
2018,14003,0.25913364003064554
2018,14004,-0.447251614
2018,14005,0.2415456589093629
2018,14006,1.087218728
2018,14007,-0.318216613
2018,14008,1.5709665848249095
2018,14009,0.5441812157546831
2018,14010,-0.372220868
2018,14011,-0.551518744
2018,14012,-0.19340991
2018,14013,1.3415448065881077
2018,14014,-0.211005583
2018,14015,1.4220417092853967
2018,14016,0.7033932399327213
2018,14017,0.5053135105111262
2018,14018,1.4399704486134342
2018,14019,-0.460456134
2018,14020,-0.140242659
2018,14021,0.378499732
2018,14022,1.0034875008458821
2018,14023,1.9013121285080783
2018,14024,0.5845757625138935
2018,14025,0.7012418923317375
2018,14026,-0.065708314
2018,14027,-0.194626859
2018,14028,-0.519512776
2018,14029,0.4507585098643747
2018,14030,1.0020414020735626
2018,14031,-0.662733342
2018,14032,-0.360435786
2018,14033,0.7048775098093094
2018,14034,-0.653437261
2018,14035,1.0460679331328802
2018,14036,0.43540973909125946
2018,14037,0.9316438009106788
2018,14038,-0.128437917
2018,14039,3.206970952314987
2018,14040,-0.584763543
2018,14041,-0.029151344
2018,14042,0.3047483946303524
2018,14043,0.45625085895488166
2018,14044,1.0258809129651376
2018,14045,0.23191013857187945
2018,14046,0.9168816927934912
2018,14047,0.6620524365818656
2018,14048,0.5336478115068597
2018,14049,-0.612454626
2018,14050,0.7969650073806421
2018,14051,0.4519882538731859
2018,14052,-0.112065301
2018,14053,2.0305154057641412
2018,14054,-0.396279686
2018,14055,0.42768510015758937
2018,14056,-1.044048741
2018,14057,-0.378886864
2018,14058,0.3317368558436019
2018,14059,0.8712682971604169
2018,14060,0.15661310648770066
2018,14061,0.013017383918466647
2018,14062,-0.348183299
2018,14063,1.8627830293719039
2018,14064,0.26988719357412894
2018,14065,-0.044121617
2018,14066,0.904721455
2018,14067,2.0824642511959417
2018,14068,0.3561376461071618
2018,14069,-0.293129485
2018,14070,2.721401666
2018,14071,-0.454148906
2018,14072,-0.170802704
2018,14073,1.2151886954879978
2018,14074,0.5283607172389895
2018,14075,-0.281762121
2018,14076,0.090415452
2018,14077,0.6698819550167681
2018,14078,0.8359280936368159
2018,14079,0.024711758900074418
2018,14080,-0.275597025
2018,14081,-0.201023617
2018,14082,0.7601676480669025
2018,14083,1.2186496587768987
2018,14084,-0.055943604
2018,14085,0.9401605162944476
2018,14086,-0.110481107
2018,14087,0.3432266647518329
2018,14088,0.5379605328339395
2018,14089,-0.796760977
2018,14090,-0.120462267
2018,14091,0.533644406
2018,14092,0.016855706
2018,14093,1.891461178390551
2018,14094,1.3305160243309635
2018,14095,-0.185156622
2018,14096,0.2957225826069921
2018,14097,2.5803653962639794
2018,14098,2.828006260192935
2018,14099,-0.766891779
2018,14100,0.4457599791803855
2018,14101,2.058881427007988
2018,14102,0.16367390818453853
2018,14103,-0.100288032
2018,14104,-0.457292387
2018,14105,0.40417819304462893
2018,14106,-0.433161557
2018,14107,-0.227565427
2018,14108,0.9914384662116722
2018,14109,0.19996671036524435
2018,14110,0.42238469592932415
2018,14111,-0.176862047
2018,14112,-0.036073501
2018,14113,0.2587140694848094
2018,14114,0.23015897976235303
2018,14115,0.16390743887794562
2018,14116,0.6920647009079969
2018,14117,-0.616945414
2018,14118,0.6246712984629249
2018,14119,0.8796102815652714
2018,14120,3.0583999884616255
2018,14121,0.9960050837254532
2018,14122,-0.372219699
2018,14123,0.26537095244322056
2018,14124,1.4212565296525475
2018,14125,0.7270363029136093
2018,15001,0.7251383394576452
2018,15002,2.2951923636352594
2018,15003,0.2729951908545957
2018,15004,0.078304025
2018,15005,0.4867641559026566
2018,15006,0.28185089099588545
2018,15007,-0.440469684
2018,15008,-0.142160667
2018,15009,1.2083910079800286
2018,15010,1.1143408569583912
2018,15011,0.9529736338724195
2018,15012,0.5014673041426942
2018,15013,2.7679802408651413
2018,15014,1.6886455205339657
2018,15015,0.23345672494205227
2018,15016,-0.05194639
2018,15017,-0.130693496
2018,15018,0.36726855160362004
2018,15019,1.0396552056877475
2018,15020,1.8333578898791971
2018,15021,0.22019110576373016
2018,15022,0.12755062173079998
2018,15023,0.9303484197980436
2018,15024,2.0774735782867113
2018,15025,1.8480926638826634
2018,15026,-0.49275885
2018,15027,-0.015538116
2018,15028,0.8327235606117439
2018,15029,1.5009495128463646
2018,15030,1.1807293492965247
2018,15031,1.1286066865299336
2018,15032,-0.365829173
2018,15033,2.4867426678005606
2018,15034,-0.426113101
2018,15035,1.682990574720155
2018,15036,0.27838630685410776
2018,15037,2.1134216804718435
2018,15038,-0.04285209
2018,15039,1.9500464516350076
2018,15040,1.0221227671118707
2018,15041,-0.761002518
2018,15042,1.0153401675798484
2018,15043,-0.058042912
2018,15044,0.6334269608398008
2018,15045,1.2866945798510732
2018,15046,0.15841839241449793
2018,15047,-0.295676562
2018,15048,0.9577485347437213
2018,15049,-0.287654128
2018,15050,0.4663501784431035
2018,15051,2.374783181218635
2018,15052,0.6297336705388441
2018,15053,1.1591243583150352
2018,15054,2.60977091
2018,15055,0.6631454710428456
2018,15056,0.4099759947206496
2018,15057,3.093379153733546
2018,15058,1.906831392794455
2018,15059,0.2655377275383901
2018,15060,1.651214206955889
2018,15061,0.2777392773527265
2018,15062,1.2853350536445585
2018,15063,0.071919126
2018,15064,0.12855799072282734
2018,15065,0.5736582637116908
2018,15066,-0.70927208
2018,15067,0.6275283650922273
2018,15068,0.8266452312711011
2018,15069,0.028905002
2018,15070,1.9312557430277961
2018,15071,0.28941023172034963
2018,15072,0.11130845209213261
2018,15073,0.5961599496907553
2018,15074,0.9722327654204198
2018,15075,0.9477136973373405
2018,15076,2.439023788974721
2018,15077,-0.34689865
2018,15078,-0.732056417
2018,15079,0.15199649205398563
2018,15080,-0.229612524
2018,15081,2.1835071758728493
2018,15082,1.1412258175365806
2018,15083,0.015878423215429545
2018,15084,0.2889325494139936
2018,15085,0.26608290319300704
2018,15086,0.006601978
2018,15087,0.7510968861646059
2018,15088,0.7051683333749811
2018,15089,0.075600948
2018,15090,1.1289592122676857
2018,15091,1.410627882673213
2018,15092,1.1893973260375472
2018,15093,0.6140343457785004
2018,15094,0.1289362822163236
2018,15095,2.2970013460321654
2018,15096,0.9272596850177353
2018,15097,-0.302082937
2018,15098,-0.363936485
2018,15099,1.8977486852620151
2018,15100,1.3289117999379763
2018,15101,1.2621821847953572
2018,15102,-0.140587964
2018,15103,0.23730964389533063
2018,15104,3.291716023216452
2018,15105,-0.205526903
2018,15106,2.647253792429178
2018,15107,0.35997976474623306
2018,15108,1.6927454006891616
2018,15109,2.6642652739387804
2018,15110,1.1168812324190258
2018,15111,-0.316536775
2018,15112,0.15245794343082006
2018,15113,0.17805053001423102
2018,15114,0.29257389125040933
2018,15115,0.8235281127756866
2018,15116,-0.135264729
2018,15117,-0.076426904
2018,15118,0.9913577469386046
2018,15119,-0.546431767
2018,15120,1.496006573803013
2018,15121,2.9952204719665283
2018,15122,1.9723978468161572
2018,15123,0.021847292
2018,15124,-0.015666433
2018,15125,0.023407400307802972
2018,16001,0.047646448
2018,16002,0.3032994801473776
2018,16003,0.5427700054774943
2018,16004,0.14859279495980451
2018,16005,-0.221680034
2018,16006,1.359294299243124
2018,16007,-0.345268429
2018,16008,-0.399991854
2018,16009,0.771778007
2018,16010,-0.254147913
2018,16011,0.2198299658461163
2018,16012,0.4038904665531021
2018,16013,-0.419722322
2018,16014,0.070405474
2018,16015,0.037220001
2018,16016,-0.26028096
2018,16017,0.22687225734231536
2018,16018,-0.215692402
2018,16019,0.6071968899922666
2018,16020,0.5128902363929421
2018,16021,-0.357315314
2018,16022,-0.263260613
2018,16023,0.3071938524459689
2018,16024,0.16746532791665442
2018,16025,0.5464392814364446
2018,16026,-0.516811532
2018,16027,-0.299141355
2018,16028,-0.206753914
2018,16029,0.019985386543097287
2018,16030,0.5765511947899099
2018,16031,-0.212750107
2018,16032,-0.367264169
2018,16033,0.22626368449951897
2018,16034,1.5357993238591567
2018,16035,0.17431463795915633
2018,16036,0.4097184770551954
2018,16037,-0.27449222
2018,16038,0.5750474243990885
2018,16039,-0.304625218
2018,16040,-0.041954424
2018,16041,0.17187603671672633
2018,16042,0.12062911989381535
2018,16043,1.3750705413029445
2018,16044,0.015089591430198227
2018,16045,0.9179059437327108
2018,16046,-0.034669244
2018,16047,-0.375840605
2018,16048,-0.172741061
2018,16049,-0.119919942
2018,16050,1.0523874060675937
2018,16051,0.7473134562745382
2018,16052,1.8848084543792112
2018,16053,2.3598953819247397
2018,16054,-0.062631256
2018,16055,0.230758165
2018,16056,0.24955754072631706
2018,16057,-0.581979064
2018,16058,0.5314401574144798
2018,16059,-0.305220537
2018,16060,0.2758128573211429
2018,16061,-0.518837695
2018,16062,-0.148349322
2018,16063,-0.051546713
2018,16064,-0.423173871
2018,16065,0.5276788740510062
2018,16066,1.099313372998232
2018,16067,-0.029756345
2018,16068,0.9431604451977248
2018,16069,1.6482457924918945
2018,16070,0.6235776032063161
2018,16071,1.2827473722903646
2018,16072,0.047522031251356935
2018,16073,0.8172283214246239
2018,16074,-0.18488119
2018,16075,0.8456286748445891
2018,16076,1.4000301867353522
2018,16077,0.030716603
2018,16078,0.005078012
2018,16079,0.7642121991673354
2018,16080,-0.191378243
2018,16081,-0.426246066
2018,16082,1.0006214508833968
2018,16083,0.6191626661332185
2018,16084,0.11701932185879826
2018,16085,0.34596881709961064
2018,16086,0.36047527705813387
2018,16087,0.012870322930485407
2018,16088,0.5902572139625272
2018,16089,0.518406847
2018,16090,-0.043610705
2018,16091,0.43546638215540795
2018,16092,-0.447780138
2018,16093,0.26666953078859434
2018,16094,0.18996108188121152
2018,16095,0.15049178354990242
2018,16096,-0.791837897
2018,16097,0.16739555280633248
2018,16098,0.31428720836409213
2018,16099,-0.392901933
2018,16100,-0.419352577
2018,16101,-0.481058531
2018,16102,2.0575333065723993
2018,16103,0.34777270378638636
2018,16104,-0.084489572
2018,16105,0.40047551701287865
2018,16106,0.679991004
2018,16107,1.4454339997423875
2018,16108,2.082630630395236
2018,16109,-0.098664587
2018,16110,0.5752510532297381
2018,16111,0.063894801
2018,16112,1.4769631660390288
2018,16113,-0.0272472
2018,17001,-0.280745019
2018,17002,0.5312432563370275
2018,17003,0.29331377942960135
2018,17004,0.47893697049669354
2018,17005,-0.062353324
2018,17006,1.6034514176839167
2018,17007,2.404291856401175
2018,17008,1.332690466407624
2018,17009,0.675340389
2018,17010,0.36204027550207435
2018,17011,2.459360468
2018,17012,0.9340965193929013
2018,17013,0.016936833109681356
2018,17014,-0.260998544
2018,17015,0.2702899557059595
2018,17016,0.22081016845418713
2018,17017,0.673887647
2018,17018,1.2446730307664007
2018,17019,0.039829882
2018,17020,1.2496625537790982
2018,17021,-0.107479841
2018,17022,0.16604170181811073
2018,17023,-0.710637456
2018,17024,0.23174130562724568
2018,17025,0.2298027494593178
2018,17026,0.2776191959531632
2018,17027,-0.113016425
2018,17028,0.6922598574394442
2018,17029,1.2089671540455251
2018,17030,0.9441676218484725
2018,17031,0.7774145830103071
2018,17032,-0.028328232
2018,17033,0.2910248813737853
2018,17034,-0.32364484
2018,17035,-0.392771988
2018,18001,0.8608641384503949
2018,18002,0.10422127920639732
2018,18003,-0.224808268
2018,18004,0.8426150941617023
2018,18005,-0.345078715
2018,18006,0.9262969285139606
2018,18007,-0.29709427
2018,18008,0.9803596053887044
2018,18009,-0.255583022
2018,18010,0.3263915582556089
2018,18011,0.2241360327697484
2018,18012,0.6815706568829409
2018,18013,-0.38369166
2018,18014,0.28917294858474374
2018,18015,0.5896020701445602
2018,18016,0.45836958616567564
2018,18017,2.273329465356244
2018,18018,0.6111092924027913
2018,18019,-0.383318527
2018,18020,1.6081645845141501
2018,19001,-0.095824659
2018,19002,0.11244914746744947
2018,19003,-0.76173453
2018,19004,1.6615656038179807
2018,19005,0.5349849409127421
2018,19006,3.2729955512474684
2018,19007,0.1118829178493155
2018,19008,-0.483571587
2018,19009,2.080398675356545
2018,19010,1.3436544784189313
2018,19011,0.010912417106084307
2018,19012,1.7957081758490894
2018,19013,0.6479232718111253
2018,19014,0.43171578335542504
2018,19015,-0.600888524
2018,19016,1.1741692334400078
2018,19017,0.6737098759076451
2018,19018,3.0396021720900976
2018,19019,3.1151165061732935
2018,19020,0.7206383338149822
2018,19021,2.6995212396864186
2018,19022,0.6035814902029469
2018,19023,-0.285049051
2018,19024,-0.28763379
2018,19025,2.549464641372554
2018,19026,2.859331273260351
2018,19027,-0.580221657
2018,19028,-0.474244516
2018,19029,-0.005026438
2018,19030,-0.545230698
2018,19031,1.7693285947307844
2018,19032,-0.049460708
2018,19033,1.6724969523019781
2018,19034,0.676400989
2018,19035,-0.842457195
2018,19036,-0.683374344
2018,19037,0.069177565
2018,19038,1.538182171140764
2018,19039,3.237873381766566
2018,19040,-0.196441746
2018,19041,2.547915828522849
2018,19042,-0.470435986
2018,19043,-0.209185847
2018,19044,1.1442953905826905
2018,19045,1.891817617185803
2018,19046,2.9440658105254767
2018,19047,1.0431570686251745
2018,19048,2.8038855112492036
2018,19049,1.3263103184709868
2018,19050,-0.312837975
2018,19051,-0.15315955
2018,20001,-1.259481886
2018,20002,0.128656094
2018,20003,-0.826042041
2018,20004,-0.951184341
2018,20005,-0.356920261
2018,20006,0.6254228025799901
2018,20007,-0.508444412
2018,20008,-1.282740788
2018,20009,-0.455158747
2018,20010,0.6212060621247932
2018,20011,-0.759318131
2018,20012,-0.799147908
2018,20013,-0.228935274
2018,20014,0.2327983870628069
2018,20015,-1.231690606
2018,20016,-0.958899146
2018,20017,-1.354619968
2018,20018,-1.104786261
2018,20019,-1.094547604
2018,20020,-0.71126293
2018,20021,0.018133302882909496
2018,20022,-1.351461147
2018,20023,-0.598328585
2018,20024,-0.512106954
2018,20025,-0.118153586
2018,20026,-0.080728435
2018,20027,-1.24478008
2018,20028,0.36936779288794264
2018,20029,-0.458039375
2018,20030,0.4505860716003027
2018,20031,-0.424676307
2018,20032,-0.542471954
2018,20033,-0.445279971
2018,20034,-0.959239399
2018,20035,-0.784283522
2018,20036,-1.005219036
2018,20037,-0.82248014
2018,20038,-0.349750168
2018,20039,1.2914850787886651
2018,20040,-1.198174252
2018,20041,0.028642059
2018,20042,-0.343106365
2018,20043,0.5863253418226279
2018,20044,0.4748058878546104
2018,20045,0.11858351939206983
2018,20046,-0.763916793
2018,20047,-1.717415366
2018,20048,-1.779447226
2018,20049,-0.905223988
2018,20050,-0.628911065
2018,20051,-0.441482704
2018,20052,-0.314132455
2018,20053,-1.384762952
2018,20054,-1.009193332
2018,20055,-0.326673726
2018,20056,-0.925285066
2018,20057,0.32721427593597147
2018,20058,-0.787767756
2018,20059,0.8434146105915944
2018,20060,-1.289237641
2018,20061,-0.769930753
2018,20062,-0.881877489
2018,20063,-0.460439285
2018,20064,-0.616665399
2018,20065,-1.173174456
2018,20066,-0.327180439
2018,20067,2.109146050735427
2018,20068,0.6325589717792006
2018,20069,-1.020727462
2018,20070,-0.491379704
2018,20071,-0.79109362
2018,20072,-0.292875839
2018,20073,0.3444813120345368
2018,20074,-1.240119599
2018,20075,-0.44227481
2018,20076,-0.972778267
2018,20077,-0.503589498
2018,20078,-0.483006959
2018,20079,1.612982662247682
2018,20080,-1.252106669
2018,20081,-1.215040606
2018,20082,-0.906735572
2018,20083,0.8323224378860381
2018,20084,-0.700420638
2018,20085,0.057479082
2018,20086,-0.536395091
2018,20087,0.684729614
2018,20088,-0.717518509
2018,20089,-0.99087002
2018,20090,-0.740829179
2018,20091,0.6112136143545047
2018,20092,-0.609307238
2018,20093,-2.349153633
2018,20094,-1.832754263
2018,20095,-0.823668946
2018,20096,-0.907710081
2018,20097,-1.089394784
2018,20098,-1.134708485
2018,20099,-1.364956716
2018,20100,-1.435194086
2018,20101,-1.270148676
2018,20102,-0.35093834
2018,20103,0.14507416297814885
2018,20104,-1.098010163
2018,20105,-1.804999706
2018,20106,-1.677445474
2018,20107,1.4891678557831296
2018,20108,-0.931878442
2018,20109,-0.883073926
2018,20110,-1.898324286
2018,20111,-0.867691292
2018,20112,-0.85284448
2018,20113,-0.507725668
2018,20114,-0.934779701
2018,20115,0.3443845742770995
2018,20116,-1.28942612
2018,20117,-0.867978524
2018,20118,-0.823689364
2018,20119,-1.784749017
2018,20120,-0.261616031
2018,20121,-1.005892517
2018,20122,-1.254984558
2018,20123,-0.838662413
2018,20124,-0.341514838
2018,20125,-1.011118852
2018,20126,-2.555634644
2018,20127,-2.548517815
2018,20128,-0.607286944
2018,20129,-1.247243209
2018,20130,-0.694550332
2018,20131,-0.421739864
2018,20132,-0.311371002
2018,20133,-1.320834529
2018,20134,-0.33291169
2018,20135,-0.844171737
2018,20136,-0.825720017
2018,20137,-1.068103928
2018,20138,-1.262097374
2018,20139,-1.332636255
2018,20140,-1.714505538
2018,20141,-0.077367748
2018,20142,-0.723212011
2018,20143,-0.311644097
2018,20144,-1.236321921
2018,20145,0.4740032493048562
2018,20146,-3.063993771
2018,20147,-1.580608199
2018,20148,-1.494495661
2018,20149,-0.804948287
2018,20150,-0.506441952
2018,20151,-2.548517815
2018,20152,-0.808047551
2018,20153,-0.417621747
2018,20154,-1.072356554
2018,20155,-1.120068808
2018,20156,-0.147409755
2018,20157,0.9474837995621342
2018,20158,-0.294705601
2018,20159,-1.116072614
2018,20160,-1.057475623
2018,20161,-1.741681875
2018,20162,-1.192806377
2018,20163,-1.320211899
2018,20164,-1.115303743
2018,20165,-1.384107247
2018,20166,-0.433570588
2018,20167,-2.107764894
2018,20168,-0.890892122
2018,20169,-0.947135753
2018,20170,-1.229821901
2018,20171,-0.558244424
2018,20172,-1.021094172
2018,20173,-1.091114644
2018,20174,0.24851064531312936
2018,20175,-0.668672152
2018,20176,-0.755978219
2018,20177,-0.13572918
2018,20178,-0.70574431
2018,20179,-1.349018532
2018,20180,-0.751819021
2018,20181,-0.742903288
2018,20182,-1.201250868
2018,20183,-2.105026356
2018,20184,1.1037030941934065
2018,20185,-0.229864297
2018,20186,-1.207927534
2018,20187,-0.966523765
2018,20188,-0.763772754
2018,20189,-1.171281891
2018,20190,-0.151212577
2018,20191,-1.247897795
2018,20192,-0.779291261
2018,20193,-0.852574401
2018,20194,-0.644655286
2018,20195,-1.523927296
2018,20196,-1.152397839
2018,20197,-0.705799245
2018,20198,-0.575323883
2018,20199,-1.128836566
2018,20200,-0.743202712
2018,20201,-1.406715326
2018,20202,-1.066559077
2018,20203,-1.524980403
2018,20204,-0.786005654
2018,20205,-1.429347394
2018,20206,-1.115281795
2018,20207,-0.89432313
2018,20208,-0.324578904
2018,20209,-1.449986412
2018,20210,-1.234510886
2018,20211,-0.955807202
2018,20212,-1.412593088
2018,20213,-0.43839927
2018,20214,-0.888681066
2018,20215,-1.152291692
2018,20216,-0.823002983
2018,20217,-1.398109624
2018,20218,-1.778369459
2018,20219,-0.911781387
2018,20220,-1.050244667
2018,20221,-0.75724884
2018,20222,-1.33862027
2018,20223,-1.219509609
2018,20224,-0.695499074
2018,20225,-0.680105648
2018,20226,-1.025027201
2018,20227,0.4801783372257052
2018,20228,-1.18265158
2018,20229,-1.504447391
2018,20230,-1.214859028
2018,20231,-1.023574905
2018,20232,-0.545578429
2018,20233,-1.149675758
2018,20234,-1.317432854
2018,20235,-1.642657326
2018,20236,-1.943790489
2018,20237,-0.707861072
2018,20238,-1.032513825
2018,20239,-1.023094824
2018,20240,-0.940771381
2018,20241,-0.935646437
2018,20242,-0.190148923
2018,20243,-0.733590976
2018,20244,-0.74823604
2018,20245,-1.031757709
2018,20246,-1.311361483
2018,20247,-0.333856917
2018,20248,-0.784169055
2018,20249,-0.64995573
2018,20250,-0.517671531
2018,20251,-1.011924465
2018,20252,-1.286145878
2018,20253,-0.983371401
2018,20254,-1.302579593
2018,20255,-1.460681933
2018,20256,-1.375916825
2018,20257,-1.043401881
2018,20258,-1.298212295
2018,20259,-0.894352584
2018,20260,-0.816679762
2018,20261,-1.111971374
2018,20262,-0.890363369
2018,20263,-1.285529281
2018,20264,-2.006356109
2018,20265,-0.799686085
2018,20266,-0.179423042
2018,20267,-1.947535427
2018,20268,-0.674215255
2018,20269,-0.163554114
2018,20270,-2.021966221
2018,20271,-1.093243657
2018,20272,-0.784356743
2018,20273,-0.497696183
2018,20274,-1.974879757
2018,20275,-0.627771884
2018,20276,-1.373938145
2018,20277,0.059497113
2018,20278,-0.201068243
2018,20279,-0.498064884
2018,20280,-0.643497263
2018,20281,-1.16244918
2018,20282,-1.156238752
2018,20283,-1.968211247
2018,20284,-0.634330004
2018,20285,-0.86306378
2018,20286,-0.938282358
2018,20287,-1.30454784
2018,20288,-1.553028643
2018,20289,-0.653319556
2018,20290,-0.389451797
2018,20291,-0.95357303
2018,20292,-1.568165
2018,20293,0.8227626368394725
2018,20294,-0.464804599
2018,20295,0.21950830973558172
2018,20296,-0.596735728
2018,20297,-0.946268204
2018,20298,0.1773802471067393
2018,20299,-1.269785719
2018,20300,-0.039282925
2018,20301,-0.671519174
2018,20302,-0.881186684
2018,20303,-0.868697525
2018,20304,-1.890227869
2018,20305,-0.874399729
2018,20306,-0.919372012
2018,20307,-0.851404244
2018,20308,-0.491191104
2018,20309,-0.541582985
2018,20310,-0.542488234
2018,20311,-3.063993771
2018,20312,-0.741259462
2018,20313,-1.79575926
2018,20314,-0.678028842
2018,20315,-0.88664184
2018,20316,-1.333030233
2018,20317,-0.842618392
2018,20318,1.1145801138928826
2018,20319,-1.396969838
2018,20320,-1.104873798
2018,20321,-1.059605001
2018,20322,-1.164679252
2018,20323,-1.034884672
2018,20324,0.5293284028126406
2018,20325,-0.645869181
2018,20326,-1.057218167
2018,20327,-0.445785066
2018,20328,0.12495738861367557
2018,20329,-1.43208078
2018,20330,-1.114634609
2018,20331,-0.940052569
2018,20332,-1.512956866
2018,20333,-0.465066285
2018,20334,0.4896661903817809
2018,20335,-1.42404618
2018,20336,-0.75788867
2018,20337,-0.491614798
2018,20338,0.48675717525021467
2018,20339,-0.32634944
2018,20340,-1.427993551
2018,20341,-1.608680576
2018,20342,-0.121005445
2018,20343,-0.389176508
2018,20344,-0.90163792
2018,20345,-0.814333823
2018,20346,-1.691734321
2018,20347,-0.970978097
2018,20348,-0.456654042
2018,20349,-0.950487851
2018,20350,1.290693843976887
2018,20351,-1.14872067
2018,20352,-1.10741483
2018,20353,-1.235866301
2018,20354,-1.725384671
2018,20355,-1.333587278
2018,20356,-0.095677691
2018,20357,-1.743159156
2018,20358,-0.889388593
2018,20359,-1.112998303
2018,20360,-1.10970875
2018,20361,-1.171923687
2018,20362,-0.795343092
2018,20363,-0.723573565
2018,20364,-0.006068606
2018,20365,-1.103988839
2018,20366,-0.835290232
2018,20367,-1.04986057
2018,20368,-0.999476131
2018,20369,-0.335570206
2018,20370,-1.180545268
2018,20371,-0.882434046
2018,20372,-0.928196625
2018,20373,-1.897824217
2018,20374,-1.576223688
2018,20375,0.4488607562447017
2018,20376,-1.304714948
2018,20377,-0.603635726
2018,20378,-0.687293886
2018,20379,-0.788304537
2018,20380,-0.958173337
2018,20381,-0.76929722
2018,20382,-1.047590745
2018,20383,-1.485992203
2018,20384,-2.464429115
2018,20385,1.209016931155765
2018,20386,-0.524459045
2018,20387,-0.512011198
2018,20388,-1.281832801
2018,20389,-1.237884157
2018,20390,1.5566236790438792
2018,20391,-1.102638463
2018,20392,-0.865196485
2018,20393,-0.949517749
2018,20394,-0.776600106
2018,20395,-1.931031592
2018,20396,-1.149750747
2018,20397,0.8868085913647731
2018,20398,0.12585658610509054
2018,20399,-0.316330292
2018,20400,-0.901551358
2018,20401,0.17857407823624435
2018,20402,-0.888611488
2018,20403,-0.26022891
2018,20404,-0.934234555
2018,20405,-0.745581093
2018,20406,-0.451795611
2018,20407,-0.651661661
2018,20408,-1.692063023
2018,20409,0.07176452
2018,20410,-1.205406999
2018,20411,-0.321838965
2018,20412,-0.807137697
2018,20413,1.4435510928849544
2018,20414,-0.684534875
2018,20415,-0.892734667
2018,20416,-2.149591689
2018,20417,-0.55439597
2018,20418,-0.152429822
2018,20419,-0.886958668
2018,20420,-0.959015657
2018,20421,-0.53717457
2018,20422,-1.804954446
2018,20423,-1.802262967
2018,20424,-0.951713872
2018,20425,-1.194025749
2018,20426,-1.110930668
2018,20427,-0.612170094
2018,20428,-1.135974321
2018,20429,-0.865762101
2018,20430,-1.323171607
2018,20431,-0.619932338
2018,20432,-1.186099545
2018,20433,-1.318989622
2018,20434,-1.293066483
2018,20435,-1.030667875
2018,20436,-2.548517815
2018,20437,-0.641454985
2018,20438,-1.012991487
2018,20439,-0.378619538
2018,20440,-1.093169471
2018,20441,-0.421251652
2018,20442,-1.277750906
2018,20443,-0.980942085
2018,20444,-1.190240632
2018,20445,-2.043066255
2018,20446,-0.926377139
2018,20447,-0.050216923
2018,20448,-1.005079344
2018,20449,-0.721310758
2018,20450,-0.803481066
2018,20451,-1.833702928
2018,20452,-0.357488803
2018,20453,-0.661059593
2018,20454,-1.130433803
2018,20455,-0.640405624
2018,20456,-1.255326356
2018,20457,-1.133908332
2018,20458,-1.062431811
2018,20459,-0.346519406
2018,20460,-0.655758807
2018,20461,-1.588556722
2018,20462,-0.5016678
2018,20463,-1.59328326
2018,20464,-1.696603875
2018,20465,-1.235272755
2018,20466,-1.101823262
2018,20467,0.03595394
2018,20468,-1.107690032
2018,20469,0.50694433
2018,20470,-1.22716926
2018,20471,-1.317544797
2018,20472,-0.806933903
2018,20473,-1.102936237
2018,20474,-0.928236506
2018,20475,-0.04233712
2018,20476,-1.642152847
2018,20477,-0.764946824
2018,20478,-1.680897266
2018,20479,-1.714505538
2018,20480,-1.555891394
2018,20481,-0.812971825
2018,20482,0.7127993051813181
2018,20483,-0.683957023
2018,20484,-0.585105509
2018,20485,-1.039069731
2018,20486,-0.776543517
2018,20487,-1.584811446
2018,20488,-1.178122061
2018,20489,-1.011619598
2018,20490,-0.917929659
2018,20491,-0.809888651
2018,20492,-0.977713472
2018,20493,-0.741493962
2018,20494,-1.311355039
2018,20495,-1.141149114
2018,20496,-0.957761366
2018,20497,-0.932896428
2018,20498,-1.018086223
2018,20499,-0.041030697
2018,20500,-0.753753148
2018,20501,-1.131716912
2018,20502,-0.768660658
2018,20503,-1.314290623
2018,20504,-1.210871801
2018,20505,-0.689712988
2018,20506,-1.256901729
2018,20507,-0.408301249
2018,20508,-0.684851133
2018,20509,-0.617722762
2018,20510,-1.110537646
2018,20511,-1.297862258
2018,20512,-1.566620678
2018,20513,-0.619388002
2018,20514,-1.194951192
2018,20515,0.6879005104337554
2018,20516,-0.399866924
2018,20517,-0.433544809
2018,20518,-1.66999406
2018,20519,-0.36541832
2018,20520,0.010417446525973692
2018,20521,-1.850076879
2018,20522,-0.774568934
2018,20523,-0.641499825
2018,20524,-2.892471722
2018,20525,-0.446688347
2018,20526,-0.107491182
2018,20527,-1.426641501
2018,20528,-0.677678194
2018,20529,-2.626349543
2018,20530,-0.882613676
2018,20531,-0.776620424
2018,20532,-0.933889436
2018,20533,-0.669413708
2018,20534,-1.421137418
2018,20535,-0.977359358
2018,20536,-1.07618333
2018,20537,-0.403584608
2018,20538,-0.762006148
2018,20539,-0.234470912
2018,20540,-0.282795369
2018,20541,-0.860033392
2018,20542,-0.907089172
2018,20543,-0.845698754
2018,20544,-0.901064116
2018,20545,0.012164406
2018,20546,-0.623975612
2018,20547,-1.150586145
2018,20548,-1.195347091
2018,20549,-0.623211568
2018,20550,-0.172955542
2018,20551,0.2330907959379912
2018,20552,-1.719803339
2018,20553,1.0789660729942816
2018,20554,-0.724014991
2018,20555,-0.89396714
2018,20556,-1.230066384
2018,20557,-0.296477333
2018,20558,-1.97422818
2018,20559,-0.082752216
2018,20560,-0.10173179
2018,20561,-1.096456673
2018,20562,-0.568925773
2018,20563,-1.538087471
2018,20564,-2.149591689
2018,20565,0.3600697004677642
2018,20566,-0.665342831
2018,20567,-0.544459847
2018,20568,-1.982911288
2018,20569,-0.96451836
2018,20570,0.22086632547566187
2018,21001,0.080693086
2018,21002,-0.810103709
2018,21003,0.6340114904304962
2018,21004,1.1240349084583192
2018,21005,-0.360270297
2018,21006,-0.437492082
2018,21007,-0.827261812
2018,21008,0.11054471834534915
2018,21009,-0.995534513
2018,21010,1.304625703454341
2018,21011,-0.212668592
2018,21012,-0.79456671
2018,21013,0.17210316657211072
2018,21014,-0.495858499
2018,21015,1.642600201047325
2018,21016,-0.153288963
2018,21017,-0.109986876
2018,21018,-0.637500737
2018,21019,1.5911468401357243
2018,21020,-0.640726761
2018,21021,-1.152082454
2018,21022,-0.652355111
2018,21023,-0.510157452
2018,21024,-1.110363726
2018,21025,-0.315640745
2018,21026,0.026154827442761857
2018,21027,-2.080757368
2018,21028,-0.808011312
2018,21029,-0.46865559
2018,21030,-0.961520674
2018,21031,-0.407413296
2018,21032,-0.842655201
2018,21033,-1.645618699
2018,21034,1.7227266368089693
2018,21035,-0.731646759
2018,21036,-0.689847012
2018,21037,-1.424280732
2018,21038,0.26473595378012577
2018,21039,-0.597195074
2018,21040,-0.527961424
2018,21041,2.2755211375755375
2018,21042,-0.888216466
2018,21043,0.27006784288638613
2018,21044,-0.272549028
2018,21045,0.8088140120090463
2018,21046,-0.277389352
2018,21047,0.32229617308096964
2018,21048,-0.517429448
2018,21049,-0.826120905
2018,21050,-0.48983155
2018,21051,0.074341572
2018,21052,-1.086643602
2018,21053,1.1066813013481094
2018,21054,0.23316869875283883
2018,21055,-0.686936437
2018,21056,-0.509505675
2018,21057,-0.309978003
2018,21058,-0.381241634
2018,21059,-0.366395314
2018,21060,-0.593014772
2018,21061,-0.57542694
2018,21062,-0.548621463
2018,21063,0.14022080755497915
2018,21064,-0.356079066
2018,21065,-0.029031755
2018,21066,-0.377696502
2018,21067,0.19197908849022338
2018,21068,-0.549488903
2018,21069,-0.123978026
2018,21070,-0.962195237
2018,21071,1.1326935317717512
2018,21072,-0.727359462
2018,21073,-0.14902937
2018,21074,1.4346512109927092
2018,21075,-0.169529403
2018,21076,-0.084629716
2018,21077,-1.282833719
2018,21078,-0.827503769
2018,21079,-0.305074435
2018,21080,-1.138965109
2018,21081,-0.695120727
2018,21082,0.14934921068839216
2018,21083,-0.470954396
2018,21084,-0.644361418
2018,21085,1.2170142677771667
2018,21086,-0.361520467
2018,21087,-0.525227812
2018,21088,-0.717719592
2018,21089,-0.687580926
2018,21090,0.8108498076690639
2018,21091,-0.151981445
2018,21092,-1.017779008
2018,21093,-1.059123891
2018,21094,0.8818915855571415
2018,21095,-1.410146943
2018,21096,-0.590118403
2018,21097,-0.35394729
2018,21098,-0.716753591
2018,21099,-0.193028843
2018,21100,-0.755418782
2018,21101,-0.750681015
2018,21102,0.5592887697854971
2018,21103,-0.584445007
2018,21104,0.5154242471349588
2018,21105,-0.531781362
2018,21106,0.12277529961650753
2018,21107,-0.501638303
2018,21108,-0.046735795
2018,21109,0.058994770203077126
2018,21110,-0.129136607
2018,21111,-0.636794888
2018,21112,-0.307937294
2018,21113,-0.345245275
2018,21114,2.787135470509225
2018,21115,0.35437782559843156
2018,21116,-0.762017217
2018,21117,0.6194165884100079
2018,21118,0.9307427787911637
2018,21119,2.5072488837785696
2018,21120,-0.686244634
2018,21121,-0.965002222
2018,21122,0.1648216504212429
2018,21123,-1.430772136
2018,21124,0.1677785814613186
2018,21125,1.2548256237099285
2018,21126,-0.457245883
2018,21127,-0.823783397
2018,21128,0.5672407639682391
2018,21129,0.127833306
2018,21130,-0.294432211
2018,21131,-0.635499308
2018,21132,1.4116262277002285
2018,21133,-1.056816277
2018,21134,0.34071428132960374
2018,21135,-1.918715081
2018,21136,0.9558430857597454
2018,21137,-0.314497933
2018,21138,-0.329667856
2018,21139,-0.444939699
2018,21140,2.055550711101644
2018,21141,-0.578997962
2018,21142,0.23098243965108867
2018,21143,0.3373982416197655
2018,21144,0.6891716305845096
2018,21145,-0.392768717
2018,21146,-1.525260415
2018,21147,-0.840351715
2018,21148,-0.150108578
2018,21149,0.1922098931270581
2018,21150,-0.528853804
2018,21151,0.12808456969031898
2018,21152,-0.181600162
2018,21153,0.5761229506169089
2018,21154,0.8330129017910575
2018,21155,0.044446304
2018,21156,2.173675183457302
2018,21157,-0.097985594
2018,21158,-0.566187354
2018,21159,-1.999247036
2018,21160,-0.971622364
2018,21161,0.2436762876300354
2018,21162,-1.0116233
2018,21163,0.18446206109278204
2018,21164,1.203967698889856
2018,21165,-1.439706607
2018,21166,-0.626820493
2018,21167,-0.892527871
2018,21168,-0.418998898
2018,21169,0.027543919644314054
2018,21170,0.2836281268019722
2018,21171,-0.267166592
2018,21172,0.18019405354370172
2018,21173,-0.012860303
2018,21174,1.8973335793806387
2018,21175,0.00321603
2018,21176,-0.496231408
2018,21177,0.45029717428198307
2018,21178,-0.912296532
2018,21179,0.23107659325841234
2018,21180,0.7757981041740805
2018,21181,-0.096032366
2018,21182,-0.24944564
2018,21183,-0.945702498
2018,21184,-1.006650023
2018,21185,-0.196963292
2018,21186,0.38716469454927055
2018,21187,-0.857728615
2018,21188,-0.280338892
2018,21189,-0.094407922
2018,21190,-1.097500472
2018,21191,0.38967464607159635
2018,21192,-0.785337643
2018,21193,-2.464429115
2018,21194,-0.163225172
2018,21195,-0.58144938
2018,21196,-0.668433029
2018,21197,0.7916549636523651
2018,21198,-0.68022892
2018,21199,0.11022076119952154
2018,21200,-0.859725023
2018,21201,-0.857426188
2018,21202,-0.922168848
2018,21203,-0.918958077
2018,21204,-0.272758618
2018,21205,-0.134434906
2018,21206,-0.733907739
2018,21207,0.7200777405724854
2018,21208,1.248534757998473
2018,21209,0.050880709
2018,21210,-0.491933845
2018,21211,0.31912352300659586
2018,21212,0.062843536
2018,21213,-0.243642915
2018,21214,-0.178640245
2018,21215,-0.728585167
2018,21216,-1.101415589
2018,21217,-0.399708411
2018,22001,0.5052600127864951
2018,22002,-0.35526572
2018,22003,-0.134708008
2018,22004,0.9340830956750564
2018,22005,1.3834472306008454
2018,22006,2.7126178225870663
2018,22007,0.7837187873801508
2018,22008,0.9486620483605936
2018,22009,0.6632881155343406
2018,22010,-0.255052484
2018,22011,3.0833219383018498
2018,22012,1.1711474840488156
2018,22013,-0.46399938
2018,22014,3.183659116890683
2018,22015,-0.228812543
2018,22016,2.344163704114845
2018,22017,1.5976503885299986
2018,22018,-0.093932153
2018,23001,1.915726060188694
2018,23002,1.1360456463905946
2018,23003,1.2514754111660358
2018,23004,2.0065961470180653
2018,23005,2.780585458
2018,23006,0.17647560510429397
2018,23007,0.1104088942013817
2018,23008,2.2262779270058832
2018,23009,1.3721327203186289
2018,23010,0.2825045463341853
2018,23011,1.517174941561945
2018,24001,-0.056397926
2018,24002,-0.800225585
2018,24003,0.094437897
2018,24004,-0.621524826
2018,24005,0.4429093608067998
2018,24006,-0.146957888
2018,24007,0.2817562048704585
2018,24008,0.25696385652056686
2018,24009,0.8606617174571005
2018,24010,-0.133340899
2018,24011,0.5790507165280426
2018,24012,-0.08064945
2018,24013,1.5448034719218944
2018,24014,-0.207080643
2018,24015,0.4477652253664842
2018,24016,0.3565840555179496
2018,24017,-0.156811613
2018,24018,-0.893489171
2018,24019,-1.229536012
2018,24020,1.458208543311169
2018,24021,0.36821121816097724
2018,24022,-0.114053047
2018,24023,-0.222199248
2018,24024,1.351160690474609
2018,24025,0.15140610329175677
2018,24026,-0.668617215
2018,24027,-0.093053383
2018,24028,3.0655919981870583
2018,24029,-0.570372492
2018,24030,-0.653033525
2018,24031,-0.821926319
2018,24032,-0.098637009
2018,24033,-0.333176556
2018,24034,0.032088785
2018,24035,2.358026265235702
2018,24036,0.3968185709415576
2018,24037,0.7286758735729297
2018,24038,-0.5552653
2018,24039,-0.459144246
2018,24040,0.6634594617744765
2018,24041,-0.155521465
2018,24042,-0.113026082
2018,24043,-0.280447405
2018,24044,-0.738640187
2018,24045,0.1020603068484034
2018,24046,0.052015078
2018,24047,-0.575727801
2018,24048,0.11684256804440966
2018,24049,-0.436738211
2018,24050,1.5007320385021743
2018,24051,-0.056858842
2018,24052,-0.482693372
2018,24053,0.1260421087446496
2018,24054,0.3329211950866647
2018,24055,-0.597330631
2018,24056,0.020687304
2018,24057,0.010250858113229953
2018,24058,0.28781471892045485
2018,25001,2.187321601049734
2018,25002,0.8623576222094629
2018,25003,0.10405649037888028
2018,25004,0.058997766740991185
2018,25005,0.387652381
2018,25006,2.6788494664576743
2018,25007,0.3233760388082744
2018,25008,0.587761662
2018,25009,0.5197170608396467
2018,25010,0.70949959
2018,25011,1.8647540867344754
2018,25012,2.6533064912327444
2018,25013,0.2041715491696971
2018,25014,0.6241966346104414
2018,25015,1.7497621216944315
2018,25016,-0.074884509
2018,25017,0.5215958813361766
2018,25018,1.2184048879520175
2018,26001,-0.485755826
2018,26002,1.8994406573906881
2018,26003,0.12063039771867823
2018,26004,0.41440052601218164
2018,26005,-0.63169857
2018,26006,-0.195157711
2018,26007,-0.635663161
2018,26008,-0.737404762
2018,26009,-0.909048986
2018,26010,-0.565465553
2018,26011,-0.473151739
2018,26012,0.4618964552726115
2018,26013,-0.120373237
2018,26014,-0.54942824
2018,26015,-0.249570078
2018,26016,-0.127896042
2018,26017,2.0085709444939215
2018,26018,2.3243278543788577
2018,26019,1.681860306768332
2018,26020,-0.17181847
2018,26021,-0.550396782
2018,26022,-0.576335224
2018,26023,0.2506946462523333
2018,26024,-0.810350211
2018,26025,1.5909716133091762
2018,26026,0.5009489067570886
2018,26027,0.15388890115760423
2018,26028,0.00325087
2018,26029,2.3231183724372055
2018,26030,2.9317552494202506
2018,26031,-0.615274774
2018,26032,-0.281458789
2018,26033,1.068669511001853
2018,26034,-0.959109266
2018,26035,0.8161572244701905
2018,26036,1.498520329855116
2018,26037,-0.806516319
2018,26038,0.20854792891771473
2018,26039,0.5238938848399987
2018,26040,-0.385747139
2018,26041,1.3046298890049461
2018,26042,1.8962594347825086
2018,26043,2.931593419523092
2018,26044,-1.167251573
2018,26045,-0.52565196
2018,26046,-1.352049535
2018,26047,0.21330022941339566
2018,26048,1.7075867921092909
2018,26049,-0.760482599
2018,26050,-0.559076153
2018,26051,-0.140609718
2018,26052,-0.156419357
2018,26053,-0.915111379
2018,26054,-0.802546307
2018,26055,2.3531980365297547
2018,26056,-0.210293933
2018,26057,-0.409775338
2018,26058,0.9538361473498489
2018,26059,0.023555325391449968
2018,26060,-0.954273901
2018,26061,-0.896240041
2018,26062,-0.97429287
2018,26063,-0.844410958
2018,26064,-0.459749605
2018,26065,-0.702727177
2018,26066,-0.033121842
2018,26067,-0.429397573
2018,26068,-0.799691087
2018,26069,-0.28285651
2018,26070,0.7277699582599307
2018,26071,0.6972734029985458
2018,26072,0.097565155
2018,27001,0.10121836162317491
2018,27002,1.4816952135234855
2018,27003,0.6916231622768955
2018,27004,2.6393347341491347
2018,27005,1.4687580771594981
2018,27006,0.907174833
2018,27007,0.9324460498189717
2018,27008,0.5832621783814095
2018,27009,0.10399319401263171
2018,27010,0.559901211
2018,27011,0.18459073869938336
2018,27012,0.6255210845271676
2018,27013,0.5348910052272602
2018,27014,1.9464334760469442
2018,27015,-0.041925658
2018,27016,1.0048922533426234
2018,27017,0.5817352037031506
2018,28001,0.002889656
2018,28002,0.5158364378495411
2018,28003,2.3610899104766694
2018,28004,-0.338791072
2018,28005,-0.50104703
2018,28006,-0.749847761
2018,28007,0.6228843323813897
2018,28008,-0.884891342
2018,28009,2.317696640123966
2018,28010,-0.64308296
2018,28011,-0.346362273
2018,28012,0.5305141928151064
2018,28013,-0.063279585
2018,28014,-0.364926259
2018,28015,0.8455299842490225
2018,28016,-0.25906231
2018,28017,-0.27209607
2018,28018,-0.234572222
2018,28019,-0.001714066
2018,28020,-0.87947441
2018,28021,1.2682062070012317
2018,28022,3.0012110281836444
2018,28023,-0.652849877
2018,28024,0.20916114396330532
2018,28025,1.3451139635560339
2018,28026,-0.631070725
2018,28027,2.8384491849345324
2018,28028,-0.64497252
2018,28029,-0.24615698
2018,28030,0.20154146531006328
2018,28031,-0.941466386
2018,28032,3.171659003
2018,28033,2.1349744695987414
2018,28034,-0.584490388
2018,28035,1.4066555025560012
2018,28036,-1.944611498
2018,28037,0.2994130942002076
2018,28038,2.6549526309846856
2018,28039,0.017840196639217848
2018,28040,1.7605521529152708
2018,28041,2.0608206209701883
2018,28042,-0.721820578
2018,28043,0.5085911677065671
2018,29001,0.47186591106033715
2018,29002,0.8183245333362735
2018,29003,-0.617087043
2018,29004,-0.201927978
2018,29005,1.8959376217723936
2018,29006,1.1482768613821814
2018,29007,0.082983754
2018,29008,0.14677759001093474
2018,29009,-0.20659478
2018,29010,0.8541390989327893
2018,29011,-0.27931698
2018,29012,-0.608025583
2018,29013,1.4547976786530128
2018,29014,-0.262473248
2018,29015,0.29550950842237705
2018,29016,-0.319128271
2018,29017,-0.311428954
2018,29018,-0.029835183
2018,29019,0.4112858162985126
2018,29020,-0.141025002
2018,29021,0.22980882491070492
2018,29022,-0.234538221
2018,29023,0.5286188692345792
2018,29024,0.42495847072754966
2018,29025,1.5215884677162166
2018,29026,-0.084675869
2018,29027,-0.026106918
2018,29028,0.5177235324319067
2018,29029,-0.524476337
2018,29030,-0.477188932
2018,29031,1.3971422400081632
2018,29032,0.40766894773396134
2018,29033,1.8095928189312998
2018,29034,1.0148072548725002
2018,29035,0.007877071
2018,29036,0.6974952722249826
2018,29037,0.02848083
2018,29038,0.6213899043937264
2018,29039,0.37416235456023017
2018,29040,-0.345122025
2018,29041,1.1373270514686644
2018,29042,1.0034214212325712
2018,29043,0.9297717518450819
2018,29044,1.3456620245918312
2018,29045,-0.713340969
2018,29046,-0.849478627
2018,29047,-0.811425401
2018,29048,0.8813454872992187
2018,29049,-0.372869026
2018,29050,-0.257396235
2018,29051,-0.166814486
2018,29052,-0.222112799
2018,29053,0.8716070326457338
2018,29054,-0.244101142
2018,29055,-0.431924742
2018,29056,-0.172832173
2018,29057,-0.447352183
2018,29058,-0.441125958
2018,29059,0.18302334487326968
2018,29060,0.9060470309987869
2018,30001,-0.401567151
2018,30002,-0.695142705
2018,30003,1.1036905265531824
2018,30004,0.084373586
2018,30005,-0.536771733
2018,30006,-0.507381473
2018,30007,-0.850670313
2018,30008,-0.662886631
2018,30009,-0.110603119
2018,30010,0.5996537864476958
2018,30011,0.9254402406746302
2018,30012,-0.619222749
2018,30013,0.7460818752988525
2018,30014,0.594722454
2018,30015,-0.108346312
2018,30016,1.0203171838141047
2018,30017,-0.795776516
2018,30018,-1.426084346
2018,30019,-0.413817464
2018,30020,-0.635158813
2018,30021,-0.222012319
2018,30022,-0.184506979
2018,30023,-0.353593181
2018,30024,-0.576708298
2018,30025,0.050428575
2018,30026,1.3088123686218707
2018,30027,-0.182492352
2018,30028,2.539568848982892
2018,30029,-0.699275343
2018,30030,0.766869509
2018,30031,-0.611720028
2018,30032,0.3386123368094909
2018,30033,-0.250235952
2018,30034,0.3508438758530359
2018,30035,-0.217871236
2018,30036,-0.280650127
2018,30037,-0.988291687
2018,30038,1.5416912565257637
2018,30039,2.493208058431877
2018,30040,0.8794189766149568
2018,30041,-0.672990059
2018,30042,-0.297700742
2018,30043,-0.134962919
2018,30044,2.053104369500729
2018,30045,0.6275865858142404
2018,30046,-0.582237538
2018,30047,0.9594937089280682
2018,30048,1.685281575507009
2018,30049,0.14096176890828493
2018,30050,-0.759691203
2018,30051,-0.26308841
2018,30052,-0.248720791
2018,30053,0.23841874623268397
2018,30054,-0.671140005
2018,30055,-0.747052064
2018,30056,-1.034947152
2018,30057,-0.219086104
2018,30058,-0.070844252
2018,30059,0.11341087853498476
2018,30060,-0.181277289
2018,30061,0.4984094085422687
2018,30062,-0.335212969
2018,30063,-0.50314851
2018,30064,-1.08210919
2018,30065,0.8083492771626916
2018,30066,-0.010423094
2018,30067,-0.602263918
2018,30068,0.9659898893546957
2018,30069,0.2715115099829333
2018,30070,-0.436289738
2018,30071,1.004761608194376
2018,30072,0.17259552832791505
2018,30073,-0.409942011
2018,30074,0.10159007255749117
2018,30075,0.11102591986425264
2018,30076,-1.067207581
2018,30077,0.5201453005015242
2018,30078,-0.538410677
2018,30079,-0.196434356
2018,30080,-0.345216405
2018,30081,-0.281943179
2018,30082,-0.015305502
2018,30083,-0.851247829
2018,30084,-0.568835012
2018,30085,1.1395034034121754
2018,30086,0.9018792275401912
2018,30087,2.379771478630814
2018,30088,-0.289835181
2018,30089,0.73029505
2018,30090,0.003034293
2018,30091,-0.292266673
2018,30092,0.2526983057538023
2018,30093,-0.486741579
2018,30094,0.092304066
2018,30095,-0.109937551
2018,30096,-1.012595413
2018,30097,-0.02116467
2018,30098,-0.744494475
2018,30099,-0.090598677
2018,30100,-0.283694786
2018,30101,0.27870189793934197
2018,30102,1.1820741653127815
2018,30103,-0.696763315
2018,30104,-0.821835814
2018,30105,1.0183587859888787
2018,30106,-0.901336372
2018,30107,-1.150065877
2018,30108,1.9204346454296903
2018,30109,0.7350861462792416
2018,30110,-0.305317636
2018,30111,-0.039731134
2018,30112,0.4472156771820423
2018,30113,-1.058081825
2018,30114,-0.197492646
2018,30115,0.8212306303206356
2018,30116,0.5320944922205793
2018,30117,-0.147982945
2018,30118,2.161103013519052
2018,30119,-0.431504282
2018,30120,-0.168791024
2018,30121,-0.031449681
2018,30122,-0.304947528
2018,30123,1.2753407206311906
2018,30124,0.44015167027212965
2018,30125,-0.297143392
2018,30126,0.27437564461435676
2018,30127,-0.663009787
2018,30128,0.8538830485605228
2018,30129,-0.164281148
2018,30130,0.19401760237142587
2018,30131,2.045560950032259
2018,30132,-0.002555618
2018,30133,0.6330201477180841
2018,30134,0.052167902
2018,30135,0.1996728274135899
2018,30136,-0.211288984
2018,30137,-1.114734265
2018,30138,1.6235533617118478
2018,30139,-0.506063096
2018,30140,-0.656552974
2018,30141,1.1587335170812685
2018,30142,-0.311031671
2018,30143,0.16717455837308565
2018,30144,-0.145689806
2018,30145,-0.145790578
2018,30146,-0.295200682
2018,30147,-0.37934523
2018,30148,0.2383571091006866
2018,30149,-0.466971067
2018,30150,-0.469984098
2018,30151,-0.104048563
2018,30152,-0.367914263
2018,30153,-1.114082299
2018,30154,-0.818795814
2018,30155,0.5344193627905501
2018,30156,-1.004967719
2018,30157,-0.217674812
2018,30158,0.11830430257692362
2018,30159,-0.436390072
2018,30160,0.671480578
2018,30161,-0.013752503
2018,30162,-0.903177134
2018,30163,-0.515012893
2018,30164,0.019313653039628315
2018,30165,-0.761007324
2018,30166,-1.03378925
2018,30167,-0.469600235
2018,30168,-0.71493701
2018,30169,-0.346949616
2018,30170,-0.589172081
2018,30171,-0.73040007
2018,30172,-0.24118054
2018,30173,0.2863749155254507
2018,30174,0.7860424502399055
2018,30175,1.1450245289114944
2018,30176,-0.45740391
2018,30177,-0.570152798
2018,30178,0.034888600567590786
2018,30179,-0.661044551
2018,30180,-0.687063322
2018,30181,0.3938354200217344
2018,30182,-0.375210407
2018,30183,0.6413675555615859
2018,30184,-0.569713686
2018,30185,-0.496664395
2018,30186,0.02878759
2018,30187,-0.937456631
2018,30188,0.1523941477487972
2018,30189,1.6149931123006582
2018,30190,-0.800967655
2018,30191,0.34146518958662564
2018,30192,0.12431067230880287
2018,30193,2.6724338770125935
2018,30194,-0.42865242
2018,30195,-1.052672692
2018,30196,0.39550606145684286
2018,30197,-0.480973597
2018,30198,-0.561855597
2018,30199,-0.341601204
2018,30200,-0.232009128
2018,30201,0.14147482629001898
2018,30202,-0.690794995
2018,30203,-0.735312914
2018,30204,0.7831522601786283
2018,30205,0.003041922
2018,30206,0.8105732397853096
2018,30207,0.7870294832596081
2018,30208,-0.349722339
2018,30209,-0.614592933
2018,30210,-0.239590298
2018,30211,0.6448377339179793
2018,30212,-0.9649155
2018,31001,-0.740169441
2018,31002,-0.028490203
2018,31003,0.2513143690169059
2018,31004,-0.120350527
2018,31005,-0.652830625
2018,31006,-0.289289853
2018,31007,-0.034129014
2018,31008,-1.339173081
2018,31009,-0.282602023
2018,31010,-0.67025055
2018,31011,0.46132555192632446
2018,31012,-0.479332966
2018,31013,0.4455873394696066
2018,31014,-0.841738397
2018,31015,-0.376725178
2018,31016,-1.044390924
2018,31017,-1.231048104
2018,31018,-0.736468982
2018,31019,-0.065145931
2018,31020,-0.106252266
2018,31021,-0.735044281
2018,31022,-1.476220649
2018,31023,-0.020261613
2018,31024,-0.751056331
2018,31025,-0.42455197
2018,31026,-0.324980809
2018,31027,0.062713739
2018,31028,0.1341313359273527
2018,31029,-0.42551861
2018,31030,-0.709662778
2018,31031,-0.94054574
2018,31032,-0.335655569
2018,31033,-0.176556591
2018,31034,-0.716483303
2018,31035,-0.128806428
2018,31036,0.070071561
2018,31037,-0.307771655
2018,31038,0.6518132593564919
2018,31039,-0.133489128
2018,31040,1.0198480823826055
2018,31041,1.3491646778853559
2018,31042,-0.717993561
2018,31043,-0.504610177
2018,31044,-0.445249596
2018,31045,-0.61085977
2018,31046,-0.478115829
2018,31047,-0.037516567
2018,31048,0.23435910102856747
2018,31049,-1.041246579
2018,31050,2.9102448139939128
2018,31051,-0.143821955
2018,31052,0.811003942
2018,31053,0.3138534533615695
2018,31054,-0.599460829
2018,31055,-0.755440172
2018,31056,0.7815431485920424
2018,31057,-0.179750848
2018,31058,0.5890304957622549
2018,31059,1.8237001747242416
2018,31060,-0.652929273
2018,31061,-0.39075277
2018,31062,-0.418218403
2018,31063,-0.619857152
2018,31064,-1.109901495
2018,31065,-0.292480177
2018,31066,-0.153054521
2018,31067,-0.442135591
2018,31068,-0.764396127
2018,31069,-0.176565412
2018,31070,-0.897906845
2018,31071,-1.298387128
2018,31072,-0.428884691
2018,31073,-0.425356058
2018,31074,-0.71134242
2018,31075,0.17668340442985248
2018,31076,-0.317497419
2018,31077,-0.922478479
2018,31078,-0.548754667
2018,31079,0.6249852548552477
2018,31080,0.5047735331338781
2018,31081,-0.872800898
2018,31082,-0.163233805
2018,31083,-0.795513482
2018,31084,-0.045757607
2018,31085,-0.12784717
2018,31086,-0.595123728
2018,31087,-0.013164467
2018,31088,-1.120116506
2018,31089,0.7935175584686449
2018,31090,-0.583122511
2018,31091,0.24078439728414638
2018,31092,-0.88637291
2018,31093,0.14111966144230717
2018,31094,-0.937173172
2018,31095,-0.043786641
2018,31096,0.9601796218096232
2018,31097,-0.502269548
2018,31098,0.1333400587501704
2018,31099,-1.071810262
2018,31100,-0.325298203
2018,31101,1.6501261035532035
2018,31102,1.3069347784220964
2018,31103,-1.39841521
2018,31104,-0.480915488
2018,31105,-0.349296773
2018,31106,-0.934590512
2018,32001,-0.570781246
2018,32002,-0.677493801
2018,32003,-0.416043569
2018,32004,-0.486595686
2018,32005,1.1608118590051182
2018,32006,-0.292590969
2018,32007,0.4986571574991872
2018,32008,-0.335132862
2018,32009,0.20100350844469447
2018,32010,1.4803455389258473
2018,32011,-0.370510734
2018,32012,-0.551360932
2018,32013,-0.082472283
2018,32014,0.022610532
2018,32015,-0.643166075
2018,32016,-0.014922228
2018,32017,1.8817942422750247
2018,32018,-0.243960626
2018,32019,1.103735994667185
2018,32020,1.158541132
2018,32021,-0.532332947
2018,32022,0.5406331502535558
2018,32023,0.30186688954458524
2018,32024,0.7284438771980044
2018,32025,-0.079075611
2018,32026,0.7083276378043536
2018,32027,-1.106381908
2018,32028,-0.765766047
2018,32029,0.3225477031444765
2018,32030,-0.14992151
2018,32031,-0.132378532
2018,32032,1.1913141091390067
2018,32033,-0.297233791
2018,32034,0.41370240940252684
2018,32035,-0.483534415
2018,32036,0.835552915
2018,32037,0.056232319097696874
2018,32038,-0.004736978
2018,32039,0.8344171470015941
2018,32040,0.1385296666691313
2018,32041,-0.84923604
2018,32042,1.3773346545882512
2018,32043,-0.953228477
2018,32044,0.2388311324821544
2018,32045,0.24430559007296213
2018,32046,-0.340720089
2018,32047,-0.03987831
2018,32048,0.936280519
2018,32049,0.43041889912375736
2018,32050,-0.045841451
2018,32051,0.12385308822911995
2018,32052,0.099826005
2018,32053,-0.258775325
2018,32054,0.1173296562792868
2018,32055,0.10845536037498213
2018,32056,2.0307062529589768
2018,32057,0.081473832
2018,32058,-0.145640809
2023,01001,2.578202485583636
2023,01002,0.34428886824940796
2023,01003,0.8485268726068897
2023,01004,-0.225751865
2023,01005,2.501942597031864
2023,01006,1.0618917407042991
2023,01007,0.84783103
2023,01008,0.016449085872996046
2023,01009,0.020719871758890757
2023,01010,0.1314958337651369
2023,01011,1.586800404754228
2023,02001,2.553464616145176
2023,02002,3.0316642762809365
2023,02003,2.452122108864712
2023,02004,3.1406476774118337
2023,02005,1.9485818900689857
2023,02006,1.4123451967547553
2023,02007,0.9994019817998734
2023,03001,1.6021908449508293
2023,03002,1.3255463323697858
2023,03003,2.4020156712133622
2023,03008,2.334228824525303
2023,03009,1.1926364077796225
2023,04001,0.5751105777993416
2023,04002,2.3641937480854263
2023,04003,2.7182520072770706
2023,04004,0.35739608627367003
2023,04005,0.18461471038251373
2023,04006,0.4925652181373157
2023,04007,-0.27543718
2023,04008,-0.003648752
2023,04009,0.7589395453960557
2023,04010,0.11647656994924725
2023,04011,0.42702138444315185
2023,04012,0.028918588
2023,04013,-0.19806529
2023,05001,-0.822940521
2023,05002,2.314862154780257
2023,05003,0.7662238106542189
2023,05004,1.5936151850472446
2023,05005,-0.242007974
2023,05006,1.1051426121145849
2023,05007,0.39718188803015675
2023,05008,0.15404108534630065
2023,05009,1.1305770877646497
2023,05010,2.165531650701718
2023,05011,-0.259114329
2023,05012,-0.528124444
2023,05013,-0.311528366
2023,05014,-0.410786041
2023,05015,-0.732040217
2023,05016,-0.766351959
2023,05017,1.5291046212667467
2023,05018,2.690348566324911
2023,05019,0.023797363
2023,05020,1.113677729839301
2023,05021,-0.216007768
2023,05022,1.0559866897674877
2023,05023,-0.082537064
2023,05024,1.0140675132635721
2023,05025,2.451375857
2023,05026,-0.822126767
2023,05027,3.0126196680397346
2023,05028,1.9176408410072618
2023,05029,-0.454883713
2023,05030,2.937951940577734
2023,05031,0.6515066351329664
2023,05032,1.3924328480313524
2023,05033,1.088678198380184
2023,05034,-0.143418495
2023,05035,2.8149791963905435
2023,05036,-0.170166431
2023,05037,-0.540543716
2023,05038,0.1431083283887947
2023,06001,0.5870883120807912
2023,06002,2.1630714727252416
2023,06003,0.30197610369504324
2023,06004,0.45615732510403745
2023,06005,0.7798290415788679
2023,06006,-0.323922462
2023,06007,2.422424673794114
2023,06008,0.8690895346935866
2023,06009,1.1600901194061761
2023,06010,1.9416915429160682
2023,07001,-0.153670907
2023,07002,-0.09035358
2023,07003,-0.326742675
2023,07004,-0.251428904
2023,07005,-0.653900359
2023,07007,-0.818936692
2023,07008,-0.161064459
2023,07009,0.6682121551032075
2023,07012,0.7804679367062122
2023,07013,0.052142241
2023,07014,-0.854599198
2023,07015,0.26211282094437743
2023,07016,0.058144596
2023,07017,0.5222504434402384
2023,07018,-0.674060217
2023,07019,1.3361331584467322
2023,07020,-0.306699326
2023,07021,-0.115092381
2023,07022,-0.810593849
2023,07023,-0.573316975
2023,07024,-0.743483949
2023,07025,-0.831035281
2023,07026,-0.828728537
2023,07027,0.7390613020874994
2023,07028,-0.641490495
2023,07029,-0.353322057
2023,07030,-1.134343413
2023,07031,0.2637569859653053
2023,07032,0.109477052
2023,07033,-1.315494663
2023,07034,0.6770087476249752
2023,07035,-0.55674995
2023,07037,-0.067181341
2023,07038,-0.539098013
2023,07039,-0.657159054
2023,07040,0.5876778892883184
2023,07041,-0.436819887
2023,07042,-0.514078745
2023,07043,-0.566865361
2023,07044,-0.603201393
2023,07045,-0.904602028
2023,07046,0.003323765
2023,07047,-0.053188692
2023,07048,0.1169418495943836
2023,07049,-0.377570525
2023,07050,-0.630344167
2023,07051,0.2263079527889025
2023,07052,0.360839299
2023,07053,-0.424510395
2023,07054,-0.206866387
2023,07055,-0.485290281
2023,07056,-1.08682989
2023,07057,0.5216521602923679
2023,07058,-0.52471325
2023,07059,0.3924037978677843
2023,07060,-0.427417883
2023,07061,0.16853090655576064
2023,07062,-0.438656191
2023,07063,-0.566029573
2023,07064,-0.306203392
2023,07065,1.0234513709421276
2023,07066,-0.52296937
2023,07067,-0.960634375
2023,07068,0.4528700483183898
2023,07069,0.5060068010455611
2023,07070,-0.720108401
2023,07071,0.079232525
2023,07072,-0.441249699
2023,07073,-0.433779914
2023,07074,0.9194137914264696
2023,07075,-0.294848004
2023,07076,-0.642489056
2023,07077,-0.053130381
2023,07078,1.291490940224766
2023,07079,0.13592083192153773
2023,07080,0.746016528
2023,07081,-0.21453805
2023,07082,-0.373477577
2023,07083,-0.381093523
2023,07084,-0.396437001
2023,07085,-0.717555189
2023,07086,-0.058271292
2023,07087,0.7007988010909311
2023,07088,-0.741234971
2023,07089,1.7659475656010597
2023,07090,-0.500739495
2023,07091,0.040834554
2023,07092,-0.444780199
2023,07093,-0.413271736
2023,07094,0.098966015
2023,07096,-0.372961144
2023,07097,0.5645840845704497
2023,07098,-0.929015473
2023,07099,0.4609939367017831
2023,07100,-0.689397391
2023,07101,2.246984169
2023,07102,-0.029939147
2023,07103,-0.511554255
2023,07104,-0.126843237
2023,07105,-0.728942124
2023,07106,-0.204031699
2023,07107,-0.272514465
2023,07108,0.8934653798577479
2023,07109,0.6471189073477142
2023,07110,-0.742769234
2023,07111,-0.525679973
2023,07112,-0.314434456
2023,07113,-2.181250587
2023,07114,0.003080452
2023,07115,-0.187319187
2023,07116,-0.504358634
2023,07117,-0.813428787
2023,07118,-1.211971316
2023,07119,-1.388249791
2023,07121,-1.09661758
2023,07122,-0.206685417
2023,07123,-0.173124694
2023,07124,-0.037193645
2023,08001,0.7053531447029657
2023,08002,0.7376765652487768
2023,08003,0.020929834908785732
2023,08004,0.622820226
2023,08005,1.007512016592334
2023,08006,-0.296973435
2023,08007,-0.111357363
2023,08008,-0.636538029
2023,08009,0.2693642538337175
2023,08010,0.7458445215798435
2023,08011,1.4680188593989103
2023,08012,-0.39760976
2023,08013,-0.002685794
2023,08014,-0.756995159
2023,08015,-0.816926714
2023,08016,-0.465738663
2023,08017,2.430781633902534
2023,08018,-0.668473057
2023,08019,3.0296005838477678
2023,08020,-0.101177838
2023,08021,2.1177591715878945
2023,08022,-0.374246253
2023,08023,-0.605233617
2023,08024,0.10328666161672916
2023,08025,0.4085721101480346
2023,08026,-1.050539884
2023,08027,0.8190666074569971
2023,08028,0.15293132843471155
2023,08029,-0.005611544
2023,08030,-0.44122714
2023,08031,0.7435530521182029
2023,08032,1.6953619429121383
2023,08033,-1.197334489
2023,08034,-0.311696079
2023,08035,-0.096094701
2023,08036,1.1779961905431056
2023,08037,3.217298661456411
2023,08038,-0.375342044
2023,08039,-0.191296384
2023,08040,0.44989739236408577
2023,08041,-0.408292061
2023,08042,-0.601236246
2023,08043,-0.498058065
2023,08044,-0.026323591
2023,08045,1.1857948424661848
2023,08046,-0.686573166
2023,08047,-0.667011236
2023,08048,0.3823072486059463
2023,08049,-0.513406622
2023,08050,1.7267532126566167
2023,08051,0.18019115095263483
2023,08052,1.2708696045621604
2023,08053,-0.069372098
2023,08054,-0.326768748
2023,08055,0.2936144003070436
2023,08056,-1.016290829
2023,08057,-0.553460325
2023,08058,-1.039686174
2023,08059,-0.547367745
2023,08060,0.081005816
2023,08061,-0.256373079
2023,08062,0.49421781991454716
2023,08063,-0.389687631
2023,08064,-0.250657627
2023,08065,-0.334658546
2023,08066,-0.931000292
2023,08067,-0.163332045
2023,09002,3.0280672985442534
2023,09003,2.604035176677766
2023,09004,2.695272434660814
2023,09005,2.6952623321776397
2023,09006,2.701159182
2023,09007,2.7708151130043794
2023,09008,2.372963790762045
2023,09009,0.6052153785276321
2023,09010,3.2558355257241822
2023,09011,1.9733763262999815
2023,09012,2.8055610343711677
2023,09013,1.6533650733076177
2023,09014,3.170594955844978
2023,09015,3.142455593836587
2023,09016,3.336528156893184
2023,09017,2.377280062021385
2023,10001,0.2593960559449605
2023,10002,-0.460175533
2023,10003,-0.890384294
2023,10004,0.39763242578592645
2023,10005,2.4439206563105937
2023,10006,-0.617863081
2023,10007,2.310045482420285
2023,10008,1.1340457848697336
2023,10009,0.091190537
2023,10010,-1.042390878
2023,10011,-0.401252836
2023,10012,1.5574826806630755
2023,10013,0.6219953744623556
2023,10014,0.067863142
2023,10015,-0.348747422
2023,10016,-0.081508585
2023,10017,-0.200127627
2023,10018,0.12744556628511633
2023,10019,-0.69686145
2023,10020,-0.170212678
2023,10021,-0.421168405
2023,10022,0.24992367852823114
2023,10023,0.7733654155396594
2023,10024,0.18022930987828312
2023,10025,-1.07899541
2023,10026,0.35743082108385976
2023,10027,-0.307399801
2023,10028,-0.286123329
2023,10029,-0.589492977
2023,10030,-1.338307852
2023,10031,-0.518252533
2023,10032,0.8124006034367923
2023,10033,-0.160156384
2023,10034,-0.362982495
2023,10035,0.081856686
2023,10036,0.1591909692853891
2023,10037,-0.483199647
2023,10038,0.5383481837852252
2023,10039,0.4171096759990533
2023,11001,1.1396362565229852
2023,11002,1.1734370110367713
2023,11003,1.9964953007230253
2023,11004,1.0787673466401015
2023,11005,2.183224821663152
2023,11006,-0.636880948
2023,11007,2.4947971439110748
2023,11008,0.7297525385453658
2023,11009,0.8134484392415682
2023,11010,0.20122156808426653
2023,11011,1.2828185280600397
2023,11012,0.6727524799498203
2023,11013,0.048870613
2023,11014,1.4193953576895697
2023,11015,1.7730384594966289
2023,11016,0.36882719414457865
2023,11017,2.481485005344755
2023,11018,0.20233910052578843
2023,11019,0.43861574956119365
2023,11020,3.0085828551580094
2023,11021,1.444496634200291
2023,11022,0.3157775006037138
2023,11023,1.290239260513946
2023,11024,0.4105179143960401
2023,11025,1.864825755766371
2023,11026,0.4465202537041447
2023,11027,1.5714479057551298
2023,11028,0.7261367326348537
2023,11029,0.006083887
2023,11030,0.6146284836829388
2023,11031,2.1589689288663445
2023,11032,1.554852181423593
2023,11033,0.9049083533308839
2023,11034,-0.25801338
2023,11035,0.9282381763489137
2023,11036,-0.403368272
2023,11037,2.612727089826242
2023,11038,0.1542695576316527
2023,11039,0.39195301822182477
2023,11040,-0.160217957
2023,11041,1.5163637172458293
2023,11042,1.188465290181639
2023,11043,-0.127487393
2023,11044,1.4975445562512437
2023,11045,-0.554601355
2023,11046,0.5451887480485335
2023,12001,1.9331922951876526
2023,12002,-0.847504214
2023,12003,-0.257546765
2023,12004,-0.371975287
2023,12005,-0.479539435
2023,12006,-0.262445636
2023,12007,0.21414909557500275
2023,12008,-0.642427309
2023,12009,-1.804146566
2023,12010,-0.66457383
2023,12011,0.5529404073520422
2023,12012,0.1648532115654796
2023,12013,-0.333096811
2023,12014,-0.02507843
2023,12015,0.20852478248301237
2023,12016,-0.446960752
2023,12017,-0.334768643
2023,12018,0.072209378
2023,12019,-0.284288707
2023,12020,-0.645220481
2023,12021,0.10705325261812446
2023,12022,0.1222473912296715
2023,12023,0.19114158960013977
2023,12024,-0.657192657
2023,12025,-0.675975495
2023,12026,-1.024855544
2023,12027,0.11685369
2023,12028,0.5026164960288686
2023,12029,1.316076332067879
2023,12030,-0.084699185
2023,12031,-0.662291483
2023,12032,-0.056295872
2023,12033,-0.067423965
2023,12034,0.16382395593782847
2023,12035,1.1372836755873894
2023,12036,-0.753310648
2023,12037,-0.58736087
2023,12038,1.540990861393074
2023,12039,0.1740705665591389
2023,12040,-0.457467078
2023,12041,-0.833042197
2023,12042,-0.051448969
2023,12043,-0.334930795
2023,12044,-0.253547616
2023,12045,0.13013231379675033
2023,12046,0.4299440544486379
2023,12047,-0.708256659
2023,12048,-0.060435926
2023,12049,-0.291594976
2023,12050,0.8931612316776469
2023,12051,-0.275934927
2023,12052,-0.321305272
2023,12053,-0.027659675
2023,12054,-0.303756651
2023,12055,2.5200460943604828
2023,12056,-0.60263001
2023,12057,0.1546889675109786
2023,12058,0.48411283950622036
2023,12059,-0.556702408
2023,12060,-0.659783328
2023,12061,0.3590066356325257
2023,12062,-0.383377193
2023,12063,-0.725544439
2023,12064,-0.500387179
2023,12065,-0.652129882
2023,12066,0.710149349
2023,12067,-0.114831969
2023,12068,-0.234499764
2023,12069,-1.079240894
2023,12070,-0.47690072
2023,12071,-0.353030034
2023,12072,-0.903821643
2023,12073,-0.358940486
2023,12074,-0.454152314
2023,12075,-0.033311467
2023,12076,-0.459391555
2023,12077,0.062990296
2023,12078,-0.553518929
2023,12079,-0.970499094
2023,12080,-0.268897277
2023,12081,-0.537976618
2023,12082,-0.066640076
2023,12083,-1.647751737
2023,12084,-0.842318362
2023,12085,-0.4996108
2023,13001,0.050774551
2023,13002,-0.155647039
2023,13003,1.2719347193400152
2023,13004,-0.177902488
2023,13005,0.34175424459876513
2023,13006,0.19657734780280142
2023,13007,-0.058714742
2023,13008,1.1118950866743336
2023,13009,0.026414679239970713
2023,13010,1.2711858001121619
2023,13011,-0.115269806
2023,13012,0.7152982444154564
2023,13013,1.5666415152850992
2023,13014,-0.39070439
2023,13015,-0.300791622
2023,13016,0.9171701367335923
2023,13017,-0.078218914
2023,13018,-0.00612612
2023,13019,-0.205612335
2023,13020,-0.653266003
2023,13021,0.4430286507536234
2023,13022,0.1053436114591888
2023,13023,-0.000161646
2023,13024,0.1369275653545081
2023,13025,-0.47135541
2023,13026,-0.702012668
2023,13027,-0.512869894
2023,13028,0.743291364
2023,13029,0.6438990233689668
2023,13030,0.8920156987247996
2023,13031,0.3607244685383157
2023,13032,-0.733251848
2023,13033,-0.744644344
2023,13034,-0.563710149
2023,13035,-0.036827612
2023,13036,-0.35003413
2023,13037,0.019617129
2023,13038,0.036497194
2023,13039,0.5741401098714947
2023,13040,-0.838768112
2023,13041,0.8562289896283459
2023,13042,-0.300046557
2023,13043,-0.950423374
2023,13044,0.14480088823516357
2023,13045,-0.241344688
2023,13046,-0.033177872
2023,13047,-0.708405283
2023,13048,2.1555315369647783
2023,13049,-0.490939172
2023,13050,0.9440787677148786
2023,13051,2.089901797844156
2023,13052,0.8876937002350258
2023,13053,-0.23955322
2023,13054,0.17817663070556597
2023,13055,-0.231778896
2023,13056,0.8332723525878052
2023,13057,0.4639589468553269
2023,13058,0.22978225942169936
2023,13059,0.5035726139831429
2023,13060,-0.282420836
2023,13061,2.1176576560367733
2023,13062,-0.61158618
2023,13063,1.349292242646517
2023,13064,0.016145723
2023,13065,-0.16292698
2023,13066,0.9683651230959776
2023,13067,0.39235080012131207
2023,13068,-0.518164597
2023,13069,2.3508085481189815
2023,13070,0.4212949883839659
2023,13071,-0.81839924
2023,13072,0.27281365545091035
2023,13073,-0.186238131
2023,13074,0.8080500939582882
2023,13075,0.8132902955636824
2023,13076,1.6866623960914615
2023,13077,1.4524365702700968
2023,13078,-0.440712265
2023,13079,-0.446316582
2023,13080,-0.942775722
2023,13081,0.4879725337943549
2023,13082,0.7220256928448696
2023,13083,0.8474353328893223
2023,13084,0.6136751086342848
2023,14001,0.6223461875562671
2023,14002,1.3145993977711836
2023,14003,0.49579738119378275
2023,14004,-0.412783399
2023,14005,0.12838473559833444
2023,14006,0.8293191779523728
2023,14007,-0.242445718
2023,14008,1.692859526166214
2023,14009,0.573845644
2023,14010,-0.511405245
2023,14011,-0.386513509
2023,14012,-0.337357364
2023,14013,1.477016833311345
2023,14014,-0.267750455
2023,14015,1.270770959789652
2023,14016,0.7354489853889464
2023,14017,0.2650893070841378
2023,14018,1.499756132073497
2023,14019,-0.57454619
2023,14020,0.1393271194967375
2023,14021,0.47379435264720915
2023,14022,1.0626833428362772
2023,14023,1.9413704953122857
2023,14024,0.6900217709200963
2023,14025,0.6543179852928444
2023,14026,-0.091631567
2023,14027,-0.154012057
2023,14028,-0.772814762
2023,14029,0.3529544529033389
2023,14030,1.2879145569414339
2023,14031,-0.880664245
2023,14032,-0.467154668
2023,14033,0.9106945130797295
2023,14034,-0.643832944
2023,14035,1.0605001897995467
2023,14036,0.5615169727749135
2023,14037,0.6458524177297558
2023,14038,-0.324371791
2023,14039,3.1194592701435178
2023,14040,-0.3326885
2023,14041,0.078416166
2023,14042,-0.08588644
2023,14043,0.45302170237118894
2023,14044,0.9808420859087136
2023,14045,0.028920835274854347
2023,14046,0.7183260599309979
2023,14047,0.6143891345202951
2023,14048,0.5609338752539235
2023,14049,-0.715686092
2023,14050,0.36114729333716894
2023,14051,0.5963546833026858
2023,14052,0.068230566
2023,14053,1.8491189617663963
2023,14054,-0.531495832
2023,14055,0.5704596198860341
2023,14056,-1.021987944
2023,14057,-0.493684124
2023,14058,0.12191618897814623
2023,14059,0.8096854760870567
2023,14060,-0.107212663
2023,14061,-0.238135218
2023,14062,-0.428150486
2023,14063,1.8722440119272359
2023,14064,0.2834055033603186
2023,14065,-0.144937994
2023,14066,0.9165833448956938
2023,14067,2.2615602317547885
2023,14068,0.34702712188500145
2023,14069,-0.28223923
2023,14070,2.6285931856300406
2023,14071,-0.505580897
2023,14072,-0.049366231
2023,14073,1.4952371736382915
2023,14074,0.543612934
2023,14075,-0.331363652
2023,14076,-0.336660839
2023,14077,0.6829039775691651
2023,14078,0.8816023375206464
2023,14079,0.18961381345378206
2023,14080,-0.115442637
2023,14081,-0.129081846
2023,14082,0.8778115597119267
2023,14083,0.9550048929572672
2023,14084,0.32027888306761587
2023,14085,0.8170481599612504
2023,14086,0.052890969
2023,14087,0.29058361205747396
2023,14088,0.4319643357370805
2023,14089,-0.749840206
2023,14090,-0.049794451
2023,14091,0.5582931166537397
2023,14092,-0.11246886
2023,14093,1.8039644288088372
2023,14094,0.8060569247419972
2023,14095,0.026999488230095122
2023,14096,0.054478508
2023,14097,2.881809711203088
2023,14098,2.949821296921393
2023,14099,-0.270977454
2023,14100,0.6977822535076655
2023,14101,1.907999037958882
2023,14102,-0.059178445
2023,14103,0.063459681
2023,14104,-0.153183659
2023,14105,0.4975516905609421
2023,14106,-0.638775329
2023,14107,-0.228749127
2023,14108,1.3047934402142978
2023,14109,0.13825924189538502
2023,14110,0.3295564372297283
2023,14111,-0.080089626
2023,14112,0.13781272290845265
2023,14113,0.33517127340371616
2023,14114,0.32720084726430765
2023,14115,-0.005617818
2023,14116,1.2805519590946337
2023,14117,-0.512358816
2023,14118,0.7814137762478026
2023,14119,0.3992680662280868
2023,14120,3.0285404702513823
2023,14121,0.8479290410320027
2023,14122,-0.473625252
2023,14123,0.1394645759111424
2023,14124,1.5194101152685864
2023,14125,0.6601381657176497
2023,15001,0.5917584227502212
2023,15002,2.201028020204635
2023,15003,0.16707164803089866
2023,15004,0.014929761426666386
2023,15005,0.5832622921127502
2023,15006,-0.111097008
2023,15007,-0.313028368
2023,15008,-0.314567962
2023,15009,1.4611493885817803
2023,15010,1.4793268338379366
2023,15011,1.3681226529848596
2023,15012,0.631822131
2023,15013,2.7619613696666083
2023,15014,1.7824682853106502
2023,15015,0.3504884087226461
2023,15016,-0.030232478
2023,15017,-0.121211398
2023,15018,0.064258306
2023,15019,1.036624538749649
2023,15020,1.7580178815978538
2023,15021,0.4485756813701428
2023,15022,-0.066289899
2023,15023,1.3586717604205385
2023,15024,2.391204080560487
2023,15025,1.953804720457725
2023,15026,-0.420802448
2023,15027,0.20724812063556133
2023,15028,0.7189339018612778
2023,15029,2.0786915150314664
2023,15030,1.7168465620205893
2023,15031,1.2550647641665271
2023,15032,-0.339865771
2023,15033,2.5361397223065794
2023,15034,-0.441280964
2023,15035,1.7160815186078697
2023,15036,0.2895382279575247
2023,15037,1.9062400057534805
2023,15038,0.06123569
2023,15039,2.1187673548627863
2023,15040,0.9273628042540333
2023,15041,-0.494770425
2023,15042,1.1844824915416854
2023,15043,0.1694596985842872
2023,15044,0.5844463300648269
2023,15045,1.152340046331608
2023,15046,0.3144242366308483
2023,15047,-0.325335868
2023,15048,1.1160590877297427
2023,15049,-0.572321138
2023,15050,0.4562825
2023,15051,2.592310432
2023,15052,0.4170341506482858
2023,15053,1.3843719495178803
2023,15054,2.3369168460612726
2023,15055,0.3941798648132999
2023,15056,0.2668669975818637
2023,15057,2.8705747607219068
2023,15058,1.761977832381675
2023,15059,1.1976215253974152
2023,15060,1.5972011742760277
2023,15061,0.7892871260109722
2023,15062,1.5442172197368207
2023,15063,0.066503099
2023,15064,0.12849053293184776
2023,15065,0.7794010400142922
2023,15066,-0.783090651
2023,15067,0.5269202432859571
2023,15068,0.7957914346521507
2023,15069,0.41998206109892766
2023,15070,2.366348130561906
2023,15071,0.39427284673431395
2023,15072,0.38533970022229325
2023,15073,0.14761264221172346
2023,15074,0.5904398778493121
2023,15075,1.0672119514139193
2023,15076,2.3058325418704673
2023,15077,-0.587064748
2023,15078,-0.833851892
2023,15079,0.30841073686338205
2023,15080,-0.578636413
2023,15081,2.1317176744727697
2023,15082,0.9546422213358386
2023,15083,0.013204323569843935
2023,15084,0.5998301453596883
2023,15085,0.5460616132728714
2023,15086,-0.144295126
2023,15087,0.5449901768472902
2023,15088,0.956604762
2023,15089,-0.114609145
2023,15090,0.893516843
2023,15091,1.7202819017435862
2023,15092,1.216282352583615
2023,15093,0.516818175
2023,15094,0.18025194499336455
2023,15095,2.357664439674877
2023,15096,1.1966556502357295
2023,15097,-0.222583487
2023,15098,0.15768312804498957
2023,15099,1.8828226999591438
2023,15100,1.3271183796767043
2023,15101,1.2154332690194676
2023,15102,0.16434020728751483
2023,15103,0.6971152348569971
2023,15104,3.1843027735041285
2023,15105,-0.374098618
2023,15106,2.8099889513287497
2023,15107,0.26169346770868207
2023,15108,1.9512413080180855
2023,15109,2.770509901574236
2023,15110,1.0333284235656546
2023,15111,-0.2265384
2023,15112,-0.019057161
2023,15113,0.11844885656493821
2023,15114,0.47721877049760486
2023,15115,0.4769759700926159
2023,15116,-0.307415549
2023,15117,-0.567768504
2023,15118,1.4157121910472263
2023,15119,-0.398520142
2023,15120,1.8388613271193488
2023,15121,2.796505745476926
2023,15122,1.8590967578428101
2023,15123,0.13534285843130361
2023,15124,0.026710237088846695
2023,15125,-0.016290994
2023,16001,-0.102794222
2023,16002,-0.042071139
2023,16003,0.41008813176992975
2023,16004,-0.010585568
2023,16005,-0.410265189
2023,16006,1.3682453944805526
2023,16007,-0.404772707
2023,16008,-0.215291432
2023,16009,1.026676882091573
2023,16010,0.15963225426706096
2023,16011,0.051911986934341445
2023,16012,0.28279212959779343
2023,16013,-0.397467043
2023,16014,0.2608027542734029
2023,16015,0.33316551581395165
2023,16016,0.079241563
2023,16017,-0.099880626
2023,16018,-0.269219503
2023,16019,0.6556105604402678
2023,16020,0.26564684511260783
2023,16021,-0.594200926
2023,16022,-0.268459666
2023,16023,0.19257994068076212
2023,16024,0.6376375166184631
2023,16025,0.6809769682510082
2023,16026,-0.664730008
2023,16027,-0.386266931
2023,16028,-0.083400151
2023,16029,-0.310723066
2023,16030,0.4128450545976426
2023,16031,-0.238984447
2023,16032,-0.221956852
2023,16033,-0.066517785
2023,16034,1.4480053411959084
2023,16035,0.082149442
2023,16036,0.5411593964570084
2023,16037,-0.43870655
2023,16038,0.6598986566848632
2023,16039,-0.211662897
2023,16040,0.068054369
2023,16041,0.16609522705609658
2023,16042,-0.247105494
2023,16043,1.0962133601541981
2023,16044,0.073437827
2023,16045,0.8860001340696834
2023,16046,-0.136173399
2023,16047,-0.289537847
2023,16048,-0.147426949
2023,16049,0.080606436
2023,16050,0.808128979
2023,16051,1.0174406102785303
2023,16052,1.8862311145854227
2023,16053,2.5316425806791836
2023,16054,-0.045366953
2023,16055,0.4541842597699228
2023,16056,0.063356858
2023,16057,-0.283736093
2023,16058,0.7037875302667467
2023,16059,-0.538395581
2023,16060,0.032839369713567254
2023,16061,-0.426339196
2023,16062,0.12534779106263352
2023,16063,-0.081988924
2023,16064,-0.694444323
2023,16065,0.8833383266519396
2023,16066,1.2638992485472018
2023,16067,0.20739146771563968
2023,16068,0.556480305
2023,16069,1.4400858233500764
2023,16070,0.7664268150356394
2023,16071,0.9765877430362195
2023,16072,0.3534698203596558
2023,16073,0.4868097442590012
2023,16074,-0.352398185
2023,16075,1.2235706179239976
2023,16076,1.4528067092590076
2023,16077,0.10269165923966214
2023,16078,-0.130376648
2023,16079,0.7158442870608932
2023,16080,-0.461237096
2023,16081,-0.998426591
2023,16082,0.9056438593913866
2023,16083,0.5842573264371569
2023,16084,0.14249105379666455
2023,16085,0.3515271730264003
2023,16086,0.32282444822333234
2023,16087,0.053196827112329245
2023,16088,0.7150219554838728
2023,16089,0.2636299397489408
2023,16090,0.25907225623857005
2023,16091,0.3772657102066703
2023,16092,-0.185604643
2023,16093,0.21917164442449177
2023,16094,-0.044611465
2023,16095,0.4124871541241757
2023,16096,-0.597166794
2023,16097,0.094294539
2023,16098,0.31324583850445953
2023,16099,-0.346186521
2023,16100,-0.766810937
2023,16101,-0.685501726
2023,16102,1.946817113266399
2023,16103,0.547932931
2023,16104,0.037289431
2023,16105,0.36897483588904423
2023,16106,0.8074478798931204
2023,16107,1.4533317680220983
2023,16108,1.8069218971322953
2023,16109,0.040940267
2023,16110,0.8085618658799633
2023,16111,-0.081366264
2023,16112,0.9957862713796596
2023,16113,-0.154763245
2023,17001,-0.312600313
2023,17002,0.687550758
2023,17003,0.6962004708980644
2023,17004,0.9833171161785653
2023,17005,-0.243638583
2023,17006,1.6110639046697048
2023,17007,2.398947871265137
2023,17008,1.559028857701938
2023,17009,0.6446320589371161
2023,17010,0.14156932959741933
2023,17011,2.4970025512105796
2023,17012,1.054996260696617
2023,17013,0.4521739073076895
2023,17014,-0.097296417
2023,17015,0.35866312620082524
2023,17016,0.017553904734457497
2023,17017,0.30931609629366236
2023,17018,1.1880565507719707
2023,17019,0.3048274936430959
2023,17020,0.933445254
2023,17021,-0.422350111
2023,17022,-0.049972613
2023,17023,-0.362194963
2023,17024,0.35077494345182264
2023,17025,0.31045981538656997
2023,17026,0.30973356047609135
2023,17027,-0.167850422
2023,17028,1.246384254072544
2023,17029,1.190577646777013
2023,17030,0.5948854758689195
2023,17031,0.3673766456954002
2023,17032,0.13852940920359932
2023,17033,0.17985862056400706
2023,17034,-0.833106438
2023,17035,-0.020452801
2023,17036,-0.500129022
2023,18001,0.6488802517915322
2023,18002,0.097998688
2023,18003,0.024399171853444045
2023,18004,0.9261423330797938
2023,18005,-0.536001528
2023,18006,0.7590406770861919
2023,18007,-0.088004229
2023,18008,0.7519246000385322
2023,18009,-0.786278739
2023,18010,0.13399812938198097
2023,18011,0.24323196930736807
2023,18012,0.7067407694699285
2023,18013,-0.513256534
2023,18014,0.1323970108952397
2023,18015,0.8953827137497116
2023,18016,0.4515508046224902
2023,18017,2.129090968996685
2023,18018,0.30702374549162587
2023,18019,-0.232537087
2023,18020,1.7514226145779457
2023,19001,0.7531723702200783
2023,19002,0.007464274
2023,19003,-0.041266735
2023,19004,1.8607218398651675
2023,19005,0.5793816379469557
2023,19006,3.2793039380523186
2023,19007,0.092426992
2023,19008,-0.3967935
2023,19009,2.079815113620518
2023,19010,1.6266520264139355
2023,19011,0.4447134562882541
2023,19012,1.6528009058587791
2023,19013,0.5053829775155347
2023,19014,0.4029588494387438
2023,19015,-0.251622558
2023,19016,1.472952539914207
2023,19017,0.48734502767019233
2023,19018,3.079460448080269
2023,19019,3.199644398242672
2023,19020,0.4933077480844469
2023,19021,2.8044644430476393
2023,19022,0.8035998163759259
2023,19023,-0.193985714
2023,19024,-0.520690081
2023,19025,2.699523504377134
2023,19026,2.884167727967124
2023,19027,-0.431559376
2023,19028,-0.268729408
2023,19029,0.083996147
2023,19030,-0.639227548
2023,19031,2.1863031814773595
2023,19032,-0.201169815
2023,19033,1.7458076063583912
2023,19034,0.7093152303805452
2023,19035,-0.978567966
2023,19036,-0.688474606
2023,19037,-0.355851321
2023,19038,1.6920880034229544
2023,19039,3.165978226031475
2023,19040,-0.270992523
2023,19041,2.682335196364553
2023,19042,-0.461996175
2023,19043,-0.467284024
2023,19044,1.2775340280865648
2023,19045,2.0992061799073514
2023,19046,2.9606022805275285
2023,19047,0.9943587383658613
2023,19048,2.9710129378060923
2023,19049,1.3907754701914792
2023,19050,-0.056863492
2023,19051,-0.144552048
2023,20001,-0.813683913
2023,20002,-0.035664472
2023,20003,-0.880201527
2023,20004,-0.597126268
2023,20005,-0.23913381
2023,20006,0.4443356749873756
2023,20007,-0.725740258
2023,20008,-0.962934469
2023,20009,-0.448477226
2023,20010,0.4199744614814288
2023,20011,-0.986373488
2023,20012,-0.824598878
2023,20013,-0.424353412
2023,20014,0.3259956191153849
2023,20015,-1.155922716
2023,20016,-0.613798623
2023,20017,-1.616454333
2023,20018,-1.334570003
2023,20019,-1.403556247
2023,20020,-0.756776244
2023,20021,0.081139863
2023,20022,-1.389890073
2023,20023,-0.558226982
2023,20024,-0.781652226
2023,20025,-0.122171391
2023,20026,-0.056646091
2023,20027,-1.10389173
2023,20028,0.3400692296257989
2023,20029,-0.510021506
2023,20030,0.5197236478788883
2023,20031,-0.336040629
2023,20032,-0.751217621
2023,20033,-0.634486954
2023,20034,-0.817976935
2023,20035,-0.452124069
2023,20036,-1.242799955
2023,20037,-0.72830688
2023,20038,-0.482175596
2023,20039,1.206006916581538
2023,20040,-0.844545421
2023,20041,-0.045852299
2023,20042,0.008558573
2023,20043,0.5514335992736268
2023,20044,0.5512467498655723
2023,20045,0.2236088974323832
2023,20046,-0.692574453
2023,20047,-1.72471624
2023,20048,-1.978733699
2023,20049,-1.100610237
2023,20050,-0.399670481
2023,20051,-1.695728856
2023,20052,-0.184489267
2023,20053,-1.041564601
2023,20054,-1.334419228
2023,20055,-0.34754383
2023,20056,-1.137585475
2023,20057,0.5407755512170022
2023,20058,-0.709702382
2023,20059,0.6831138924226033
2023,20060,-1.119971914
2023,20061,-0.839829064
2023,20062,-0.883404826
2023,20063,-0.503477199
2023,20064,-0.460568175
2023,20065,-1.073417904
2023,20066,-0.345545298
2023,20067,1.8823816852412132
2023,20068,0.7029488968130212
2023,20069,-1.147171793
2023,20070,-0.672855197
2023,20071,-0.913869952
2023,20072,-0.812057893
2023,20073,0.4363163754182506
2023,20074,-1.553127113
2023,20075,-0.758141257
2023,20076,-0.760941771
2023,20077,-0.356227291
2023,20078,-0.611315203
2023,20079,1.5631757323963973
2023,20080,-1.332131896
2023,20081,-1.228967538
2023,20082,-0.810918371
2023,20083,0.5544962235635003
2023,20084,-0.208525932
2023,20085,-0.336973406
2023,20086,-0.714344447
2023,20087,0.32535485339250986
2023,20088,-0.553282131
2023,20089,-1.206451681
2023,20090,-0.308836021
2023,20091,0.6654419345438027
2023,20092,-0.608726687
2023,20093,-2.352247646
2023,20094,-1.187536114
2023,20095,-1.144616963
2023,20096,-0.243373236
2023,20097,-1.149135458
2023,20098,-1.027702998
2023,20099,-1.554292867
2023,20100,-1.356918865
2023,20101,-1.403481315
2023,20102,-0.297673403
2023,20103,0.1961290734705146
2023,20104,-0.679840883
2023,20105,-1.659930586
2023,20106,-1.72471624
2023,20107,1.3736593350166868
2023,20108,-1.027229487
2023,20109,-0.812360517
2023,20110,-1.108467227
2023,20111,-0.619314913
2023,20112,-0.575826179
2023,20113,-0.580412567
2023,20114,-0.859395531
2023,20115,0.45591666365908895
2023,20116,-1.095275506
2023,20117,-0.854059247
2023,20118,-1.062555221
2023,20119,-1.972026973
2023,20120,-0.321443082
2023,20121,-1.077824333
2023,20122,-1.496927883
2023,20123,-0.303810346
2023,20124,-0.329665425
2023,20125,-0.888222145
2023,20126,-0.724369715
2023,20127,-1.962567192
2023,20128,-0.960217207
2023,20129,-0.98987692
2023,20130,-0.924270538
2023,20131,-0.242275071
2023,20132,-0.229033764
2023,20133,-0.282360005
2023,20134,-0.555360875
2023,20135,-0.959631175
2023,20136,-0.783908356
2023,20137,-1.029335564
2023,20138,-1.309138383
2023,20139,-1.080087967
2023,20140,-1.452155662
2023,20141,-0.608406907
2023,20142,-0.996007301
2023,20143,-0.555177888
2023,20144,-1.337397131
2023,20145,0.7438780956728017
2023,20146,-2.974713289
2023,20147,-1.402566825
2023,20148,-1.385052638
2023,20149,-0.298067207
2023,20150,-0.24811946
2023,20151,-2.544257925
2023,20152,-1.007608531
2023,20153,-0.401139447
2023,20154,-1.464706415
2023,20155,-1.162606953
2023,20156,-0.262937885
2023,20157,0.9071677130564921
2023,20158,-0.355486301
2023,20159,-1.203091657
2023,20160,-0.756338766
2023,20161,-1.882024875
2023,20162,-1.364519609
2023,20163,-1.142718649
2023,20164,-1.142221398
2023,20165,-1.278374163
2023,20166,-0.561570274
2023,20167,-1.653297579
2023,20168,-0.975051577
2023,20169,-1.035678528
2023,20170,-1.137012863
2023,20171,-0.266505096
2023,20172,-1.185057793
2023,20173,-1.256583785
2023,20174,0.2510457222252918
2023,20175,-0.896964835
2023,20176,-0.671371463
2023,20177,-0.27056571
2023,20178,-0.450415612
2023,20179,-1.454631601
2023,20180,-0.803408522
2023,20181,-0.918798849
2023,20182,-1.066914137
2023,20183,-1.328943105
2023,20184,1.1180537779380373
2023,20185,-0.133463187
2023,20186,-1.155038416
2023,20187,-0.754868142
2023,20188,-0.877647303
2023,20189,-1.156256323
2023,20190,-0.264172973
2023,20191,-1.34119762
2023,20192,-0.545403593
2023,20193,-0.832521281
2023,20194,-1.018927647
2023,20195,-1.195271691
2023,20196,-1.101205729
2023,20197,-0.483794138
2023,20198,-0.655883021
2023,20199,-1.205148461
2023,20200,-0.862272298
2023,20201,-1.312507565
2023,20202,-1.018204933
2023,20203,-1.171562456
2023,20204,-0.817292857
2023,20205,-1.18675687
2023,20206,-0.699171697
2023,20207,-0.956844375
2023,20208,-0.490288712
2023,20209,-1.38864047
2023,20210,-1.211967319
2023,20211,-1.372093277
2023,20212,-1.465026888
2023,20213,-0.835631327
2023,20214,-1.068425014
2023,20215,-1.287170676
2023,20216,-0.718823806
2023,20217,-1.42985674
2023,20218,-2.042567839
2023,20219,-0.139475695
2023,20220,-1.121916367
2023,20221,-1.174561357
2023,20222,-1.131183793
2023,20223,-1.398112613
2023,20224,-1.35496539
2023,20225,-0.509542171
2023,20226,-1.333098025
2023,20227,0.5739485893798456
2023,20228,-1.177605181
2023,20229,-0.939936727
2023,20230,-1.274787335
2023,20231,-1.021536208
2023,20232,-0.644315288
2023,20233,-0.900674545
2023,20234,-0.967847861
2023,20235,-1.5233741
2023,20236,-1.914578515
2023,20237,-0.595816406
2023,20238,-1.172803331
2023,20239,-1.15176194
2023,20240,-0.854170331
2023,20241,-0.819224933
2023,20242,-0.656692995
2023,20243,-1.035362482
2023,20244,-0.787830944
2023,20245,-1.454177588
2023,20246,-1.214117386
2023,20247,-0.37641034
2023,20248,-0.932792001
2023,20249,-0.683229948
2023,20250,-0.814208466
2023,20251,-1.17442999
2023,20252,-1.275346465
2023,20253,-1.058372618
2023,20254,-0.913529149
2023,20255,-1.099509736
2023,20256,-1.494364915
2023,20257,-0.893604641
2023,20258,-1.245610426
2023,20259,-0.940173324
2023,20260,-0.676974529
2023,20261,-1.037505862
2023,20262,-0.63391705
2023,20263,-1.184038851
2023,20264,-1.850175464
2023,20265,-0.832619364
2023,20266,-0.757738114
2023,20267,-2.066855436
2023,20268,-0.413981145
2023,20269,-0.533906559
2023,20270,-2.164809278
2023,20271,-1.154677456
2023,20272,-0.752417172
2023,20273,-0.931294046
2023,20274,-1.978711504
2023,20275,-0.595712718
2023,20276,-1.178067498
2023,20277,-0.033033664
2023,20278,-0.33427678
2023,20279,-0.931300221
2023,20280,-0.760714387
2023,20281,-0.885169917
2023,20282,-1.187527986
2023,20283,-1.252808653
2023,20284,-0.48764955
2023,20285,-1.026652874
2023,20286,-0.800591869
2023,20287,-1.3096447
2023,20288,-1.854793708
2023,20289,-1.013987293
2023,20290,-0.671887787
2023,20291,-1.082400559
2023,20292,-1.490316637
2023,20293,0.7152058428729746
2023,20294,-0.204427758
2023,20295,0.312556148
2023,20296,-1.00227989
2023,20297,-0.958136421
2023,20298,-0.018097449
2023,20299,-1.661411995
2023,20300,-0.401054576
2023,20301,-0.66092227
2023,20302,-1.012490724
2023,20303,-1.007524848
2023,20304,-1.72471624
2023,20305,-0.576483773
2023,20306,-0.995819194
2023,20307,-0.594785362
2023,20308,-0.456048464
2023,20309,-0.882694516
2023,20310,-0.418380945
2023,20311,-3.012930024
2023,20312,-0.67087704
2023,20313,-1.86808317
2023,20314,-0.710578337
2023,20315,-1.194201792
2023,20316,-1.233707915
2023,20317,-0.9644952
2023,20318,1.1010476892513354
2023,20319,-1.815277154
2023,20320,-1.692480269
2023,20321,-1.113515918
2023,20322,-1.220172299
2023,20323,-0.96563533
2023,20324,0.29964136661243296
2023,20325,-0.570895409
2023,20326,-1.00909507
2023,20327,-0.09632771
2023,20328,0.11068954699751152
2023,20329,-1.313309053
2023,20330,-0.91097671
2023,20331,-1.216022671
2023,20332,-1.570926394
2023,20333,-0.682512179
2023,20334,0.6536059863575563
2023,20335,-1.436839243
2023,20336,-0.779548906
2023,20337,-0.345790543
2023,20338,0.5198334680664382
2023,20339,-0.317570859
2023,20340,-1.35421988
2023,20341,-0.974492238
2023,20342,-0.217632977
2023,20343,-0.474764175
2023,20344,-0.937392664
2023,20345,-0.980656138
2023,20346,-1.406508598
2023,20347,-0.561236095
2023,20348,-0.465243103
2023,20349,-0.658185511
2023,20350,1.1069508434924535
2023,20351,-1.233025463
2023,20352,-1.571062577
2023,20353,-1.460089673
2023,20354,-1.292678075
2023,20355,-1.382898786
2023,20356,-0.443539493
2023,20357,-1.216418507
2023,20358,-0.99593164
2023,20359,-1.25333178
2023,20360,-0.912230468
2023,20361,-1.943027879
2023,20362,-0.637456079
2023,20363,-0.487750137
2023,20364,-0.104540886
2023,20365,-0.740571236
2023,20366,-0.981967539
2023,20367,-0.700812014
2023,20368,-0.59952137
2023,20369,-0.07285047
2023,20370,-1.241382538
2023,20371,-0.638160409
2023,20372,-0.903130078
2023,20373,-2.133429099
2023,20374,-1.312238238
2023,20375,0.3192062254797273
2023,20376,-0.956555222
2023,20377,-0.208344563
2023,20378,-0.917934525
2023,20379,-0.57612291
2023,20380,-1.140236216
2023,20381,-0.768201348
2023,20382,-1.005558363
2023,20383,-1.862059421
2023,20384,-1.599788181
2023,20385,1.3676668311161915
2023,20386,-0.513361904
2023,20387,-0.542952826
2023,20388,-1.406065683
2023,20389,-1.793208416
2023,20390,1.5147983231318538
2023,20391,-1.277793011
2023,20392,-0.49447178
2023,20393,-1.080815382
2023,20394,-1.099501424
2023,20395,-1.949040927
2023,20396,-0.956908105
2023,20397,0.9331671662922072
2023,20398,-0.31815957
2023,20399,0.41271392253778705
2023,20400,-0.941575396
2023,20401,0.37943036978145395
2023,20402,-0.82381825
2023,20403,-0.108541167
2023,20404,-1.240639386
2023,20405,-0.94789949
2023,20406,-0.477914406
2023,20407,-0.913224019
2023,20408,-0.759935072
2023,20409,0.5437232288147695
2023,20410,-1.255506029
2023,20411,-0.495039688
2023,20412,-1.144034623
2023,20413,1.3139833557611462
2023,20414,-0.321013861
2023,20415,-0.946769438
2023,20416,-2.149870352
2023,20417,-0.88243336
2023,20418,-0.437832601
2023,20419,-1.127968331
2023,20420,-1.217603574
2023,20421,-0.77718964
2023,20422,-1.571972787
2023,20423,-1.55243015
2023,20424,-1.024428649
2023,20425,-1.230085615
2023,20426,-1.051060979
2023,20427,-0.653509314
2023,20428,-0.915198689
2023,20429,-0.832993417
2023,20430,-1.516900946
2023,20431,-0.760631787
2023,20432,-1.218258762
2023,20433,-1.727225203
2023,20434,-1.24086952
2023,20435,-0.780290992
2023,20436,-2.19960231
2023,20437,-0.447176753
2023,20438,-0.896737396
2023,20439,-0.384659719
2023,20440,-1.063652771
2023,20441,-0.69024639
2023,20442,-1.510039004
2023,20443,-1.506395287
2023,20444,-1.269792694
2023,20445,-2.104059475
2023,20446,-0.970961118
2023,20447,-0.149738832
2023,20448,-0.828562163
2023,20449,-0.787796617
2023,20450,-0.778372974
2023,20451,-1.849835347
2023,20452,-0.176009372
2023,20453,-0.934751368
2023,20454,-1.11862923
2023,20455,-0.286442242
2023,20456,-0.904955593
2023,20457,-1.261837316
2023,20458,-1.160637699
2023,20459,0.068516713
2023,20460,-0.9846643
2023,20461,-1.150079165
2023,20462,-0.362358031
2023,20463,-1.572097586
2023,20464,-1.431991041
2023,20465,-1.271402783
2023,20466,-0.990654745
2023,20467,0.2121042020734622
2023,20468,-0.951639541
2023,20469,0.5196933742034954
2023,20470,-0.805655494
2023,20471,-1.467353447
2023,20472,-0.999585586
2023,20473,-1.191497726
2023,20474,-0.943460846
2023,20475,-0.015769778
2023,20476,-1.54593807
2023,20477,-1.009663192
2023,20478,-1.594938966
2023,20479,-1.679194925
2023,20480,-1.716794863
2023,20481,-0.891980711
2023,20482,0.7138779639269609
2023,20483,-0.762835166
2023,20484,-0.729719629
2023,20485,-1.111362805
2023,20486,-0.417267945
2023,20487,-1.855915487
2023,20488,-1.609477424
2023,20489,-1.066862929
2023,20490,-1.105515415
2023,20491,-0.750236414
2023,20492,-0.728857942
2023,20493,-0.535614807
2023,20494,-1.501540466
2023,20495,-0.772462854
2023,20496,-1.345465863
2023,20497,-0.620590072
2023,20498,-1.194146098
2023,20499,-0.173937388
2023,20500,-0.667603396
2023,20501,-1.201013936
2023,20502,-0.887631233
2023,20503,-1.533021527
2023,20504,-0.892834011
2023,20505,-0.463465471
2023,20506,-1.265402811
2023,20507,-0.559710415
2023,20508,-0.787146807
2023,20509,-0.593872093
2023,20510,-1.054318825
2023,20511,-1.417062751
2023,20512,-1.492589073
2023,20513,-0.610313077
2023,20514,-1.414186471
2023,20515,0.5999694297519785
2023,20516,-0.303004391
2023,20517,-0.708137442
2023,20518,-1.752441673
2023,20519,-0.80959466
2023,20520,-0.057732924
2023,20521,-2.033780404
2023,20522,-1.161355204
2023,20523,-0.28079052
2023,20524,-3.012930024
2023,20525,-0.467710525
2023,20526,-0.311160043
2023,20527,-1.330771343
2023,20528,-0.899268103
2023,20529,-2.352247646
2023,20530,-0.47861347
2023,20531,-1.134177628
2023,20532,-1.124444798
2023,20533,-0.272580519
2023,20534,-1.094637129
2023,20535,-0.70277959
2023,20536,-1.094762822
2023,20537,-0.334423475
2023,20538,-0.706558722
2023,20539,-0.256568706
2023,20540,-0.442858953
2023,20541,-0.900218625
2023,20542,-1.139943774
2023,20543,-1.296987102
2023,20544,-0.892719261
2023,20545,-0.011560725
2023,20546,-0.069301212
2023,20547,-0.737004752
2023,20548,-0.823230553
2023,20549,-0.586300872
2023,20550,-0.24692694
2023,20551,0.5190308177404653
2023,20552,-1.392866543
2023,20553,1.1445189743996944
2023,20554,-0.746292404
2023,20555,-0.997088324
2023,20556,-1.054238643
2023,20557,-0.268014871
2023,20558,-1.980888491
2023,20559,-0.142990244
2023,20560,0.040042725
2023,20561,-1.1459681
2023,20562,-0.637336314
2023,20563,-1.752681414
2023,20564,-0.76875242
2023,20565,0.4217035175543687
2023,20566,-0.757165669
2023,20567,-0.554924388
2023,20568,-2.544257925
2023,20569,-1.062982372
2023,20570,0.072231409
2023,21001,0.4660932544491676
2023,21002,-0.525472835
2023,21003,0.6246959756412855
2023,21004,1.2083413561704675
2023,21005,-0.424119127
2023,21006,-0.526486795
2023,21007,-0.758980803
2023,21008,0.3249790046257597
2023,21009,-0.976406307
2023,21010,0.8906343910249066
2023,21011,-0.596235868
2023,21012,-0.522811519
2023,21013,0.3305298288667808
2023,21014,-0.665301279
2023,21015,1.5172818699167203
2023,21016,-0.016693692
2023,21017,0.10338237248098459
2023,21018,-0.740335351
2023,21019,1.2561129527770447
2023,21020,-0.673369433
2023,21021,-0.468465053
2023,21022,-0.62581585
2023,21023,-0.537657309
2023,21024,-1.087619564
2023,21025,-0.347991703
2023,21026,-0.046208263
2023,21027,-1.607176756
2023,21028,-1.083746366
2023,21029,-0.552293691
2023,21030,-0.877591925
2023,21031,-0.333916848
2023,21032,-0.770736516
2023,21033,-1.539610782
2023,21034,1.1890306179886996
2023,21035,-0.221536808
2023,21036,-0.97822844
2023,21037,-1.098789568
2023,21038,0.1895000100608264
2023,21039,-0.744228065
2023,21040,-0.417701011
2023,21041,2.556116913577757
2023,21042,-0.583624135
2023,21043,0.36473966972594696
2023,21044,-0.264126787
2023,21045,0.748090636
2023,21046,-0.227666483
2023,21047,0.091824142
2023,21048,-0.138269063
2023,21049,-1.032678249
2023,21050,-0.320399056
2023,21051,-0.019145493
2023,21052,-1.050608442
2023,21053,1.2538941029866228
2023,21054,0.30407399932579965
2023,21055,-0.753881475
2023,21056,-0.875807303
2023,21057,-0.407067186
2023,21058,-0.208370393
2023,21059,-0.606170609
2023,21060,-0.422212371
2023,21061,-0.559670975
2023,21062,-0.446052936
2023,21063,-0.031704783
2023,21064,-0.479639786
2023,21065,0.075860104
2023,21066,-0.661669691
2023,21067,0.1835896983979338
2023,21068,-0.865452667
2023,21069,0.000129838
2023,21070,-1.090426907
2023,21071,1.2929742278697296
2023,21072,-0.80406625
2023,21073,-0.408441862
2023,21074,1.4077458404317262
2023,21075,-0.010677681
2023,21076,-0.245049623
2023,21077,-0.981574007
2023,21078,-0.863684816
2023,21079,-0.49490066
2023,21080,-1.31690341
2023,21081,-0.464278797
2023,21082,-0.076347069
2023,21083,-0.145477844
2023,21084,-0.638337463
2023,21085,0.9307861432316547
2023,21086,-0.681209985
2023,21087,-0.231638432
2023,21088,-0.579704094
2023,21089,-0.76467699
2023,21090,0.9631690270278684
2023,21091,0.22823789101024416
2023,21092,-0.956034703
2023,21093,-1.115763675
2023,21094,1.0097275924476135
2023,21095,-0.912719089
2023,21096,-0.389877884
2023,21097,-0.512755092
2023,21098,-0.666844742
2023,21099,-0.388104012
2023,21100,-0.758318401
2023,21101,-0.866432029
2023,21102,0.7859187880145401
2023,21103,-0.648800587
2023,21104,0.041943429
2023,21105,-0.704655773
2023,21106,0.5062753972676667
2023,21107,-0.545721785
2023,21108,-0.002980525
2023,21109,-0.154913391
2023,21110,0.2648829279749357
2023,21111,-0.729796418
2023,21112,-0.542490189
2023,21113,-0.497256359
2023,21114,2.633205987148235
2023,21115,0.33182760110681586
2023,21116,-0.460870251
2023,21117,0.950077687
2023,21118,0.6618762504587951
2023,21119,2.5955808881972997
2023,21120,-1.559298554
2023,21121,-0.94528064
2023,21122,-0.084424252
2023,21123,-1.458703821
2023,21124,0.3499757199180858
2023,21125,0.9343285892945482
2023,21126,-0.697615736
2023,21127,-0.685774786
2023,21128,0.12269404348910777
2023,21129,0.092038678
2023,21130,-0.320359871
2023,21131,-0.946864046
2023,21132,1.5007426850362935
2023,21133,-0.943776949
2023,21134,0.4446052749665108
2023,21135,-2.094769838
2023,21136,1.2693007416702653
2023,21137,-0.045857058
2023,21138,-0.640479689
2023,21139,-0.600542717
2023,21140,2.379386107495295
2023,21141,-0.516386738
2023,21142,0.7142974405580075
2023,21143,0.5317476018967033
2023,21144,0.910377822
2023,21145,-0.768106731
2023,21146,-1.307777424
2023,21147,-0.544150367
2023,21148,0.379942095
2023,21149,0.8083646988022285
2023,21150,-0.797741156
2023,21151,0.009453359
2023,21152,-0.250266589
2023,21153,0.459445317
2023,21154,0.6997390625808102
2023,21155,-0.170319716
2023,21156,1.7617793017150285
2023,21157,-0.106160226
2023,21158,-0.616863889
2023,21159,-0.69446782
2023,21160,-0.802331925
2023,21161,0.6156157445965934
2023,21162,-0.821295784
2023,21163,0.13721632076205065
2023,21164,0.9543457396253482
2023,21165,-1.379116875
2023,21166,-0.109931899
2023,21167,-0.662063861
2023,21168,-0.551469166
2023,21169,-0.078471894
2023,21170,0.34340958670353966
2023,21171,-0.114564328
2023,21172,0.19664656950961118
2023,21173,0.23365009707010884
2023,21174,1.650161720945478
2023,21175,-0.129900858
2023,21176,-0.487422868
2023,21177,0.6944028107740047
2023,21178,-0.897188191
2023,21179,0.14394156376576314
2023,21180,0.6363782897968016
2023,21181,-0.221149768
2023,21182,-0.356007575
2023,21183,-0.681364392
2023,21184,-0.873661761
2023,21185,-0.115444185
2023,21186,0.26763295852112423
2023,21187,-0.913316867
2023,21188,-0.656056645
2023,21189,-0.000155939
2023,21190,-0.788410558
2023,21191,0.35469354923733465
2023,21192,-0.771166951
2023,21193,-1.542810359
2023,21194,0.24848768183732536
2023,21195,-0.356799153
2023,21196,-0.522509052
2023,21197,0.6325706522974698
2023,21198,-1.09018718
2023,21199,0.12662820415753875
2023,21200,-0.710632243
2023,21201,-0.952983676
2023,21202,-0.821292218
2023,21203,-1.00472595
2023,21204,-0.470004713
2023,21205,-0.117079545
2023,21206,-0.647952269
2023,21207,0.9375512931254334
2023,21208,1.3271535816493634
2023,21209,-0.1741437
2023,21210,-0.47292738
2023,21211,0.2234583812699875
2023,21212,0.40076743176070684
2023,21213,-0.87701577
2023,21214,-0.095188105
2023,21215,-0.746939487
2023,21216,-1.012495239
2023,21217,-0.363472084
2023,22001,0.7230739493491531
2023,22002,0.034699559
2023,22003,-0.193664621
2023,22004,0.7195096950430041
2023,22005,1.9156506889850087
2023,22006,2.7955162952614088
2023,22007,0.8312801185014334
2023,22008,1.8590104357678787
2023,22009,0.8627239128649473
2023,22010,-0.133627353
2023,22011,2.983123279466991
2023,22012,1.0535395052170338
2023,22013,-0.10801127
2023,22014,3.3042148384935706
2023,22015,-0.358409014
2023,22016,2.452327776546438
2023,22017,1.8138572325064262
2023,22018,-0.249119098
2023,23001,2.1590183093840145
2023,23002,0.8560694500808907
2023,23003,0.8675568620383327
2023,23004,2.0913902441719103
2023,23005,2.7581124414321976
2023,23006,-0.128881312
2023,23007,0.6848233617012758
2023,23008,2.3622405530359893
2023,23009,1.3206113665164665
2023,23010,0.41601492925451566
2023,23011,1.364104947040784
2023,24001,-0.129081458
2023,24002,-0.622575972
2023,24003,-0.157939729
2023,24004,-0.680081008
2023,24005,0.40093615691102835
2023,24006,-0.122414338
2023,24007,-0.040860511
2023,24008,0.275964395
2023,24009,0.9530160844692348
2023,24010,-0.061963497
2023,24011,0.6065089137278259
2023,24012,0.11122677587237749
2023,24013,1.4901521141260363
2023,24014,-0.408681581
2023,24015,0.33775545728302375
2023,24016,0.5668415948285017
2023,24017,-0.003357898
2023,24018,-0.685887473
2023,24019,-0.808994587
2023,24020,1.4074866223042013
2023,24021,0.7701648549688287
2023,24022,0.11801047662966493
2023,24023,-0.069552181
2023,24024,1.072669768299101
2023,24025,0.13979222002341743
2023,24026,-0.743294174
2023,24027,-0.141096743
2023,24028,3.0852869196722836
2023,24029,-0.60148541
2023,24030,-1.03389063
2023,24031,-0.965497439
2023,24032,0.12009319751597484
2023,24033,-0.128261819
2023,24034,-0.367098842
2023,24035,2.186624757
2023,24036,0.47724302210684955
2023,24037,1.2091737844251755
2023,24038,-0.64567876
2023,24039,-0.378016482
2023,24040,0.5472216503889793
2023,24041,-0.443756219
2023,24042,-0.037896127
2023,24043,-0.266485435
2023,24044,-0.848866777
2023,24045,-0.005348028
2023,24046,-0.202819708
2023,24047,-0.572394557
2023,24048,0.21048871067019345
2023,24049,-0.467961493
2023,24050,1.7244365306121243
2023,24051,0.026151513509973995
2023,24052,-0.361101632
2023,24053,0.2355010426626451
2023,24054,0.46676367326507645
2023,24055,-0.461216242
2023,24056,0.10394359918570233
2023,24057,-0.054652483
2023,24058,0.47323787283077223
2023,24059,2.3652209009297884
2023,25001,2.2845794296697846
2023,25002,0.3961968406142814
2023,25003,0.075922618
2023,25004,0.15570714297840696
2023,25005,0.21216315810350245
2023,25006,2.611239791
2023,25007,0.32543588696412096
2023,25008,0.6121580940303359
2023,25009,0.4560641749135309
2023,25010,0.6291914136627579
2023,25011,1.6598931995507933
2023,25012,2.5470073002745646
2023,25013,0.22727035559325523
2023,25014,0.6086648743195499
2023,25015,1.5150946495792883
2023,25016,-0.029235258
2023,25017,0.050618033139566566
2023,25018,1.0486725238258894
2023,25019,0.5739486130183307
2023,25020,0.6535462365434641
2023,26001,-0.39121386
2023,26002,1.7831275194897762
2023,26003,0.18257070375861176
2023,26004,0.030385633029729582
2023,26005,-0.413392604
2023,26006,-0.075743898
2023,26007,-0.913565809
2023,26008,-1.026153701
2023,26009,-1.201795236
2023,26010,-0.726525501
2023,26011,-0.799909441
2023,26012,0.42644789694685836
2023,26013,-0.121740643
2023,26014,-0.405279274
2023,26015,-0.654703014
2023,26016,-0.227416498
2023,26017,1.8032121555583218
2023,26018,2.3493219419404947
2023,26019,1.7533378121825012
2023,26020,-0.407340835
2023,26021,-0.483069217
2023,26022,-0.660351191
2023,26023,0.26939418400206677
2023,26024,-0.755103074
2023,26025,1.3706358863371415
2023,26026,0.5648193786241101
2023,26027,0.3929772410695618
2023,26028,-0.207172748
2023,26029,2.2795155498532864
2023,26030,2.7364027622050155
2023,26031,-0.437641508
2023,26032,-0.405090513
2023,26033,1.0943604223611492
2023,26034,-0.900615028
2023,26035,0.8234891038924805
2023,26036,1.3840143360454762
2023,26037,-0.735192408
2023,26038,0.16856747239862638
2023,26039,0.3237663461483531
2023,26040,-0.709637117
2023,26041,1.269869514761925
2023,26042,1.8550589990890496
2023,26043,2.739482987767249
2023,26044,-1.118997823
2023,26045,-0.764818028
2023,26046,-0.813227031
2023,26047,-0.110873557
2023,26048,1.8878876790367358
2023,26049,-0.553392945
2023,26050,-0.384878331
2023,26051,-0.34481534
2023,26052,-0.186351916
2023,26053,-1.110570811
2023,26054,-0.372826218
2023,26055,2.1375267947732306
2023,26056,-0.078945949
2023,26057,-0.563339654
2023,26058,0.8146833645704376
2023,26059,-0.085785232
2023,26060,-0.987806679
2023,26061,-1.248922543
2023,26062,-1.055568345
2023,26063,-0.730800511
2023,26064,-0.455672385
2023,26065,-0.944780717
2023,26066,0.3614680276937787
2023,26067,-0.588799499
2023,26068,-1.155296271
2023,26069,-0.259868934
2023,26070,1.0187198920830132
2023,26071,0.3161032084255916
2023,26072,-0.126836373
2023,27001,0.00905772
2023,27002,1.1456911677197008
2023,27003,0.5226202600410568
2023,27004,2.344743210898832
2023,27005,1.4477714475805423
2023,27006,0.9773123751634148
2023,27007,0.6826272404773689
2023,27008,0.7048455405085493
2023,27009,0.2803528614925995
2023,27010,0.4375526436053973
2023,27011,0.10558576615886092
2023,27012,0.7645364039628232
2023,27013,0.5089586957973591
2023,27014,1.746158462799897
2023,27015,0.010618953986524767
2023,27016,0.9610078913449203
2023,27017,0.2529998383182286
2023,28001,-0.148234357
2023,28002,0.34771888847692967
2023,28003,2.4259322614049856
2023,28004,-0.218201963
2023,28005,-0.342550528
2023,28006,-0.900446
2023,28007,0.6624239077847274
2023,28008,-0.655430386
2023,28009,2.377343155289431
2023,28010,-0.523112217
2023,28011,-0.70537122
2023,28012,0.6336722982470768
2023,28013,-0.044312553
2023,28014,-0.293092412
2023,28015,0.6242901418561422
2023,28016,-0.262855365
2023,28017,-0.439592548
2023,28018,-0.297338976
2023,28019,-0.033044097
2023,28020,-0.625106938
2023,28021,1.254365228183299
2023,28022,2.923380451329082
2023,28023,-0.418979582
2023,28024,-0.191924984
2023,28025,1.2407227687434568
2023,28026,-0.872479699
2023,28027,2.9132530176807214
2023,28028,-0.724728004
2023,28029,-0.292507154
2023,28030,-0.034802975
2023,28031,-0.874300521
2023,28032,3.2311315445104136
2023,28033,1.9275543369290937
2023,28034,-0.620487209
2023,28035,1.2524429795274863
2023,28036,-1.192024111
2023,28037,0.3396440424202042
2023,28038,2.5735845877196413
2023,28039,0.010447670146088677
2023,28040,1.3423324353190982
2023,28041,1.9085196171518017
2023,28042,-0.643078017
2023,28043,0.382321949
2023,29001,0.38773737172069733
2023,29002,1.0009014753668264
2023,29003,-0.321601077
2023,29004,-0.016527363
2023,29005,1.8710306140174342
2023,29006,1.3104471163928704
2023,29007,0.17477322375117366
2023,29008,0.1787216781668989
2023,29009,-0.527431966
2023,29010,1.0055384343127356
2023,29011,-0.055836496
2023,29012,-0.235395169
2023,29013,1.2342462468023612
2023,29014,0.21580600261156144
2023,29015,0.30453399682096177
2023,29016,-0.490561843
2023,29017,-0.104511795
2023,29018,0.26893891302757966
2023,29019,0.13797479271239077
2023,29020,-0.296820738
2023,29021,0.3614540935614125
2023,29022,0.082859098
2023,29023,0.45142189995590015
2023,29024,0.4190658509030043
2023,29025,1.2018345256291418
2023,29026,0.24632588373714046
2023,29027,-0.056122477
2023,29028,0.6131522458319225
2023,29029,-0.322775285
2023,29030,-0.283995665
2023,29031,1.520185302355995
2023,29032,0.33638775681736516
2023,29033,1.8282753933356442
2023,29034,1.236165475589481
2023,29035,-0.255300719
2023,29036,0.5534487111797166
2023,29037,0.079804397
2023,29038,0.7134142278295866
2023,29039,0.6414947083866444
2023,29040,-0.061810525
2023,29041,1.306254539606871
2023,29042,1.0602374308728866
2023,29043,0.9683738056365668
2023,29044,1.030760751915529
2023,29045,-0.55117802
2023,29046,-0.506786616
2023,29047,-0.518728026
2023,29048,0.5873211824126303
2023,29049,0.2074584372572104
2023,29050,-0.120045766
2023,29051,-0.004007269
2023,29052,-0.359226094
2023,29053,-0.386413737
2023,29054,-0.433940507
2023,29055,-0.539295252
2023,29056,-0.061951813
2023,29057,-0.390411177
2023,29058,-0.106831286
2023,29059,0.087627849
2023,29060,1.2803615169630505
2023,30001,-0.277229332
2023,30002,-0.671402937
2023,30003,1.1568407403466705
2023,30004,-0.0604006
2023,30005,-0.480777415
2023,30006,-0.229345153
2023,30007,-0.574588152
2023,30008,-0.827017081
2023,30009,-0.08893849
2023,30010,0.4941362999041004
2023,30011,1.156574602416651
2023,30012,-0.688176274
2023,30013,0.7107646769581755
2023,30014,0.7039564883468555
2023,30015,-0.071411532
2023,30016,1.0002837920875027
2023,30017,-1.033212896
2023,30018,-1.321470571
2023,30019,-0.280530532
2023,30020,-0.904424046
2023,30021,-0.136704253
2023,30022,-0.294278635
2023,30023,-0.245766005
2023,30024,-0.436225489
2023,30025,-0.412910363
2023,30026,1.030596872011655
2023,30027,-0.402167402
2023,30028,2.5793170529717115
2023,30029,-0.796575856
2023,30030,0.8865060008769821
2023,30031,-0.472953162
2023,30032,0.38208408011438766
2023,30033,-0.187268265
2023,30034,0.40214452420219704
2023,30035,-0.142268255
2023,30036,0.005985983
2023,30037,-1.059931393
2023,30038,1.3813183404887124
2023,30039,2.390229101715694
2023,30040,0.7671978924847835
2023,30041,-0.768107993
2023,30042,-0.503470508
2023,30043,-0.146091598
2023,30044,1.9471235525295956
2023,30045,0.6203434544980577
2023,30046,-0.280550169
2023,30047,0.7604623207309353
2023,30048,1.8695249402146255
2023,30049,0.044935585
2023,30050,-0.81747567
2023,30051,-0.088366501
2023,30052,-0.421109615
2023,30053,0.5519505868232153
2023,30054,-0.886600481
2023,30055,-0.91496361
2023,30056,-1.047352436
2023,30057,-0.377727971
2023,30058,0.18471276962678787
2023,30059,0.20165430900856884
2023,30060,-0.502412881
2023,30061,0.5272358361127591
2023,30062,-0.098750493
2023,30063,-0.494368456
2023,30064,-0.712004182
2023,30065,1.0047226101123108
2023,30066,-0.314954796
2023,30067,-0.662170263
2023,30068,1.5374810998592532
2023,30069,0.3096662660509333
2023,30070,-0.311551348
2023,30071,1.300794683854124
2023,30072,0.5578357245850069
2023,30073,-0.328552015
2023,30074,0.31913313035407237
2023,30075,-0.005578164
2023,30076,-1.090869074
2023,30077,0.5125230408949757
2023,30078,-0.526410976
2023,30079,-0.683806155
2023,30080,-0.575603754
2023,30081,-0.17727859
2023,30082,0.15447530270807244
2023,30083,-0.697949483
2023,30084,-0.760309809
2023,30085,1.0579007123330646
2023,30086,0.4223320764848135
2023,30087,2.264449874386252
2023,30088,-0.755007782
2023,30089,0.565263043
2023,30090,-0.07494895
2023,30091,-0.016926165
2023,30092,0.1454311869895793
2023,30093,-0.078623225
2023,30094,0.26308795615595526
2023,30095,-0.445379998
2023,30096,-1.083326356
2023,30097,-0.019508953
2023,30098,-0.808255734
2023,30099,-0.233079597
2023,30100,0.2377204052079095
2023,30101,0.3202434570323001
2023,30102,0.9703440713628881
2023,30103,-0.623521865
2023,30104,-0.668955924
2023,30105,1.3253278990914052
2023,30106,-1.010932609
2023,30107,-1.439547396
2023,30108,1.452724063149583
2023,30109,0.5063658359021913
2023,30110,-1.009710088
2023,30111,-0.176936302
2023,30112,0.5300654745197106
2023,30113,-1.011471913
2023,30114,-0.415504437
2023,30115,0.7382003600361445
2023,30116,-0.008261461
2023,30117,0.16727217989430032
2023,30118,2.1292963291823943
2023,30119,-0.588316499
2023,30120,-0.132000747
2023,30121,-0.160947144
2023,30122,-0.656804295
2023,30123,0.873005979
2023,30124,0.5534454504199342
2023,30125,0.22781643942174154
2023,30126,0.43891400019941457
2023,30127,-0.652211847
2023,30128,1.0647533537702154
2023,30129,-0.410161858
2023,30130,0.002188956
2023,30131,1.764610374411473
2023,30132,-0.292037305
2023,30133,0.9367697689961794
2023,30134,0.3546745633784162
2023,30135,0.2854030543151557
2023,30136,-0.356204216
2023,30137,-1.009386874
2023,30138,1.5078827366688587
2023,30139,-0.629439257
2023,30140,-0.868328677
2023,30141,0.9977407694317333
2023,30142,-0.354879014
2023,30143,0.15935102718076027
2023,30144,-0.202924477
2023,30145,-0.277953917
2023,30146,-0.490993653
2023,30147,-0.731768598
2023,30148,0.281236085
2023,30149,-0.479699442
2023,30150,-0.429282355
2023,30151,-0.273910512
2023,30152,-0.627448976
2023,30153,-1.158467644
2023,30154,-0.503701953
2023,30155,0.5113687492135283
2023,30156,-1.009612859
2023,30157,-0.355299702
2023,30158,-0.046940227
2023,30159,-0.794050628
2023,30160,0.5844837572045319
2023,30161,-0.032360157
2023,30162,-0.834265281
2023,30163,-0.933651805
2023,30164,0.17221859386383578
2023,30165,-0.387016036
2023,30166,-0.798980376
2023,30167,-0.548179433
2023,30168,-0.761422171
2023,30169,-0.200650698
2023,30170,-0.955403503
2023,30171,-0.767072866
2023,30172,-0.458921761
2023,30173,0.15316349382008976
2023,30174,1.0527772294498188
2023,30175,0.64384779
2023,30176,-0.608373405
2023,30177,-0.585672628
2023,30178,-0.120604157
2023,30179,-0.672663169
2023,30180,-0.830420787
2023,30181,0.3771825352789281
2023,30182,-0.409815745
2023,30183,0.6438254451611258
2023,30184,-0.761627711
2023,30185,-0.200573956
2023,30186,-0.257843277
2023,30187,-0.839485907
2023,30188,0.073026199
2023,30189,1.5252354770039642
2023,30190,-0.930479333
2023,30191,0.37499587024640596
2023,30192,-0.000517138
2023,30193,2.609656479518265
2023,30194,-0.188151948
2023,30195,-1.113407782
2023,30196,0.3636281034608723
2023,30197,-0.652570131
2023,30198,-0.7464209
2023,30199,-0.620293624
2023,30200,-0.325320635
2023,30201,0.085591329
2023,30202,-0.736709982
2023,30203,-0.675341401
2023,30204,0.5870621435176245
2023,30205,0.024394269
2023,30206,0.40354538407896867
2023,30207,0.5053976940995448
2023,30208,0.012101377441820178
2023,30209,-0.551814225
2023,30210,-0.019542019
2023,30211,0.39577816264501875
2023,30212,-0.992110133
2023,31001,-0.665073206
2023,31002,-0.288294503
2023,31003,0.24854081917100837
2023,31004,-0.099479812
2023,31005,-0.592143847
2023,31006,-0.258026193
2023,31007,0.17837153188592245
2023,31008,-0.931960453
2023,31009,-0.428952395
2023,31010,-0.62246041
2023,31011,0.4746579383898334
2023,31012,-0.429420349
2023,31013,0.785932506
2023,31014,-0.902842439
2023,31015,-0.530356825
2023,31016,-0.644829018
2023,31017,-1.669934561
2023,31018,-0.751670136
2023,31019,-0.390487795
2023,31020,-0.061998083
2023,31021,-0.812331769
2023,31022,-1.348343536
2023,31023,-0.153992201
2023,31024,-0.564323977
2023,31025,-0.454214206
2023,31026,-0.484144146
2023,31027,-0.012380041
2023,31028,-0.123637243
2023,31029,-0.24634285
2023,31030,-0.929040161
2023,31031,-0.952554336
2023,31032,-0.352969558
2023,31033,-0.232577914
2023,31034,-0.781057168
2023,31035,-0.284569485
2023,31036,0.036123434
2023,31037,-0.224707589
2023,31038,0.776765068
2023,31039,-0.080116438
2023,31040,0.7373722330063955
2023,31041,2.0382358607088213
2023,31042,-0.645534156
2023,31043,-0.469293496
2023,31044,-0.183934459
2023,31045,-0.667963184
2023,31046,-0.50959241
2023,31047,0.19771407414544712
2023,31048,-0.175588354
2023,31049,-0.900985988
2023,31050,2.890272574937956
2023,31051,-0.138412332
2023,31052,0.5760634932883811
2023,31053,0.14184333755455275
2023,31054,-0.714954002
2023,31055,-0.611534861
2023,31056,0.5413020618197916
2023,31057,-0.403047929
2023,31058,0.24602022383905703
2023,31059,1.8609161044333749
2023,31060,-0.469167606
2023,31061,-0.199250228
2023,31062,-0.572796375
2023,31063,-0.506501801
2023,31064,-1.137659007
2023,31065,-0.56054875
2023,31066,-0.627099217
2023,31067,-0.400208353
2023,31068,-0.84555681
2023,31069,-0.037717632
2023,31070,-0.684108027
2023,31071,-0.845516416
2023,31072,-0.483962797
2023,31073,-0.796404246
2023,31074,-0.452418047
2023,31075,0.094527581
2023,31076,-0.404111614
2023,31077,-1.106995665
2023,31078,-0.763901909
2023,31079,0.5745828114886048
2023,31080,0.14900159656942127
2023,31081,-0.930662124
2023,31082,-0.341293353
2023,31083,-0.402895102
2023,31084,-0.06540398
2023,31085,-0.240467866
2023,31086,-1.117230997
2023,31087,-0.300021295
2023,31088,-0.383619282
2023,31089,0.5431019952310748
2023,31090,-0.736165373
2023,31091,-0.148557337
2023,31092,-0.328908795
2023,31093,0.3409992595092079
2023,31094,-1.045239158
2023,31095,-0.393908689
2023,31096,0.7237079535341475
2023,31097,-0.5654875
2023,31098,0.6025129618128018
2023,31099,-1.345528789
2023,31100,-0.010369424
2023,31101,1.7256674449755458
2023,31102,0.9894050437188224
2023,31103,-0.837961441
2023,31104,-0.489471762
2023,31105,-0.555528405
2023,31106,-0.862841258
2023,32001,-0.446628263
2023,32002,-0.562456379
2023,32003,-0.503470332
2023,32004,-0.586308927
2023,32005,0.9181258836945192
2023,32006,-0.317689908
2023,32007,0.5720474049788903
2023,32008,-0.351589347
2023,32009,-0.143194738
2023,32010,1.493882339030548
2023,32011,-0.103689387
2023,32012,-0.784771698
2023,32013,-0.150611238
2023,32014,-0.090772857
2023,32015,-0.607136986
2023,32016,-0.178370865
2023,32017,1.822436591783143
2023,32018,-0.359570897
2023,32019,0.8590891719403296
2023,32020,1.156479227526201
2023,32021,-0.509270616
2023,32022,0.6658468420310061
2023,32023,0.41857761672110316
2023,32024,0.44173427226978107
2023,32025,-0.319672804
2023,32026,0.6880580179412525
2023,32027,-0.91227945
2023,32028,-0.703065797
2023,32029,0.46550064382039846
2023,32030,-0.437471299
2023,32031,-0.249153223
2023,32032,1.0372201134399215
2023,32033,-0.364862004
2023,32034,0.4588357850042192
2023,32035,-0.452958602
2023,32036,0.46523165210721895
2023,32037,0.055871122
2023,32038,0.023924024880899643
2023,32039,0.7177753888764579
2023,32040,-0.148021537
2023,32041,-0.795193903
2023,32042,1.1628301833995673
2023,32043,-0.71786002
2023,32044,0.5021515845473891
2023,32045,0.12669337936113823
2023,32046,-0.482088681
2023,32047,0.14919277712942122
2023,32048,0.7328023357404941
2023,32049,0.5638060042909209
2023,32050,-0.077373889
2023,32051,0.17456108262936101
2023,32052,0.24018477465059143
2023,32053,-0.101648577
2023,32054,-0.224848784
2023,32055,0.32568627
2023,32056,2.174952483843437
2023,32057,-0.170748091
2023,32058,-0.304687828
