cve_mun,lat,lon
01001,21.87779775613061,-102.29419565737815
01002,22.151516038321734,-102.0469141256574
01003,21.85910615624466,-102.71541981060994
01004,22.366680804895275,-102.2910685316545
01005,21.96319658060585,-102.3374080356526
01006,22.135004351350787,-102.27961074543822
01007,22.238129137993898,-102.31373900192828
01008,22.154522506963215,-102.44317846414468
01009,22.231403631000884,-102.2124258445527
01010,21.91219037867366,-102.02013326230917
01011,22.01511874890123,-102.26394726401028
02001,31.760981050153116,-116.55917864657846
02002,32.60760579726732,-115.40721551769425
02003,32.551666152768114,-116.57734090694503
02004,32.53024335418543,-117.00967266088479
02005,32.34168675745517,-117.03353890309057
02006,30.581430691651533,-115.91888641051452
02007,31.010879766344235,-114.83943432012836
03001,25.113209876429124,-111.75924402913043
03002,27.49717190071965,-113.20722163296449
03003,24.102273565358168,-110.3010089843363
03008,22.978557511387184,-109.82844694750013
03009,25.99245159236406,-111.34384626290563
04001,20.39288762772356,-90.10093673507455
04002,19.823574315189823,-90.5115150786879
04003,18.64228819386564,-91.75705320071103
04004,19.269654233167685,-90.64832896744393
04005,20.16704079399757,-90.12884426648375
04006,19.628159132722466,-89.70826418271773
04007,18.23788399771481,-92.0419916524223
04008,20.018389739768875,-90.21539636493179
04009,18.58627276486862,-90.6853668661244
04010,18.36794914996402,-89.45844069034135
04011,18.11338517844146,-90.80891774478187
04012,19.60437286673621,-90.68720042776113
04013,20.313943565217393,-90.0559885541964
05001,27.174951676755445,-101.41223814527844
05002,29.329084479998283,-100.97906006882474
05003,28.34450946362695,-100.85884467143597
05004,25.390467354428303,-100.7718080905435
05005,26.83254414016018,-100.71004920251713
05006,26.77075474657231,-101.42640502609466
05007,26.917107435925182,-102.06600974547847
05008,27.26110377408959,-101.27232655462453
05009,25.801106340812705,-103.27403372979641
05010,26.931149403258832,-101.45301529973955
05011,25.416218859144543,-101.50023204523109
05012,28.282698894622477,-100.45408269147201
05013,27.796398588943624,-99.88529591461413
05014,29.08680976749203,-100.85683575012844
05015,27.565660870540857,-100.67055524223244
05016,27.049946956086718,-101.79435917620899
05017,25.56750351101796,-103.25653308873873
05018,26.901402408771588,-101.41675032304484
05019,28.40273421977205,-100.89432557643707
05020,27.85114391216169,-101.4633063688378
05021,27.0409166069121,-101.60593268760327
05022,28.459607131357455,-100.72948437763017
05023,27.42440403796583,-102.9294670554501
05024,25.448243235603606,-102.15161150643182
05025,28.709258861580476,-100.52951922461162
05026,27.522022298762522,-101.26686899116088
05027,25.56091740766591,-100.958472483371
05028,27.847801698613114,-101.12715632441471
05029,27.004716277555918,-101.72578614696488
05030,25.416236678668103,-101.00233700150963
05031,27.073679028688044,-101.5574272917617
05032,27.935386874496118,-101.22675395775676
05033,25.765679624741296,-103.03197371980762
05034,27.822882543329946,-103.74300894469444
05035,25.541634488193512,-103.44886062104692
05036,25.342919860884038,-103.13358101987373
05037,28.22024189792739,-100.73062565653734
05038,28.52861881521978,-100.94525826528216
06001,18.958933883293135,-103.96754418067603
06002,19.2370112096307,-103.72427023561617
06003,19.356408529564625,-103.74716818363343
06004,19.197105230966148,-103.83390829368543
06005,19.33903350814229,-103.59992361647431
06006,18.984062575997186,-103.71527636531366
06007,19.063069355071473,-104.3097720466131
06008,19.378635189448207,-104.06551348925457
06009,18.903507991524414,-103.85988428656226
06010,19.265813042226732,-103.73745034325317
07001,15.361707215577805,-92.68868311948886
07002,16.546859254041895,-92.81426137349455
07003,15.270729940595519,-92.73554744549676
07004,16.675296390339174,-91.89522952350562
07005,17.367067159051288,-92.84411714242856
07006,15.566583263402382,-92.08718724554299
07007,16.51557810822969,-92.41153150189645
07008,15.820660134123575,-92.71204234325803
07009,16.21894391111432,-93.93806747222021
07010,15.495902055953504,-92.16085876375183
07011,15.614499967264111,-92.2378216840468
07012,16.807450625225773,-93.2892094433291
07013,17.00186001577228,-92.91924152634961
07014,17.02784411415656,-92.74433567606327
07015,15.031820967101982,-92.17258022587977
07016,17.761455514560932,-92.02514123202285
07017,16.681537440205737,-93.7742116524532
07018,17.114367844381853,-93.12990039845084
07019,16.26472204665754,-92.14046050395066
07020,16.00358485146563,-92.76500450803289
07021,17.11005193681245,-93.23429649127985
07022,17.02097277348016,-92.60579656561704
07023,16.81689243492906,-92.67282727899575
07024,16.639672740619066,-92.24863283493941
07025,17.332290969495137,-93.12370795497536
07026,16.9441386748811,-92.5691933995749
07027,16.69026482598651,-93.00725772095997
07028,16.569067459345643,-92.726158845805
07029,16.97924764897733,-93.10994869227933
07030,15.76738926788219,-92.34444690767613
07031,17.094173642503137,-92.1435514727997
07032,15.327528011566294,-92.5961980227449
07033,17.288261081403313,-93.29237556338225
07034,15.709752349300564,-92.10055080355384
07035,14.759980751149545,-92.1887181355432
07036,15.506841733806452,-92.22138452722581
07037,15.017454996158282,-92.40056926044126
07038,16.70107445755577,-92.40899202295805
07039,17.23663016713699,-92.7124180083944
07040,15.130984007317757,-92.48524885944275
07041,16.20787455552929,-91.833804469807
07042,17.29674692439622,-92.98950139254462
07043,17.427430040343427,-93.09891040666545
07044,16.82083594189045,-92.90388342457796
07045,17.466659311826252,-92.97918204898542
07046,16.566728695768088,-93.68291694235756
07047,17.080532952261105,-92.83979057714127
07048,17.662239155564716,-93.19509027761754
07049,16.913835969270536,-92.76508824775033
07050,17.648893357304214,-91.74303942752258
07051,15.43768163649416,-92.89380048850317
07052,16.35951642597683,-91.79996061732966
07053,15.372303899434318,-92.18540754984286
07054,14.87319955798278,-92.46766432728685
07055,14.831337204147545,-92.19508730290669
07056,16.87775439040151,-92.56532532142597
07057,15.326308464792035,-92.30155792661589
07058,16.437073,-92.585347
07059,16.867407762389284,-91.77557230272915
07060,17.217495371531708,-93.1723614786948
07061,16.79345958867323,-93.41130489884924
07062,17.430396663357254,-93.3911529163654
07063,16.9064774545,-93.07447341625
07064,16.798328048780487,-92.31360818394307
07065,17.44284217969432,-91.87408632458214
07066,17.049699002564292,-92.460838063768
07067,17.198656111552815,-93.05191283409052
07068,17.52524871928125,-93.15261041068749
07069,15.649004716069959,-93.20264467275828
07070,15.436852341180293,-92.26446682368699
07071,15.20047586827842,-92.59016984288671
07072,17.193150469416594,-92.87393507775384
07073,17.198409893613125,-93.0002126254009
07074,17.87450423803049,-93.16815673426355
07075,16.358196789464603,-92.37305429459077
07076,17.304689751894003,-92.6006530720889
07077,17.414126499210575,-92.17326199952015
07078,16.731950744575357,-92.62981904311938
07079,16.879190315206515,-93.20908892682577
07080,15.537943776301644,-92.32598211561202
07081,17.135167161874772,-92.65183088397656
07082,17.0408647513136,-92.35237192739973
07083,16.186602515356586,-92.35954521035919
07084,17.3875585705158,-93.0071249654972
07085,16.9134453984239,-92.96645621588931
07086,16.62043409659774,-93.10835154606819
07087,14.65177992530397,-92.18892143205217
07088,17.484955013350557,-93.23980460206718
07089,14.917472191859282,-92.27953463955353
07090,17.217600999999995,-93.11308273298316
07091,17.251907288540444,-93.01197767650939
07092,17.168668835078172,-93.3716545682332
07093,16.84957097037052,-92.47590214211367
07094,16.56382837982553,-92.50053834535893
07096,17.32646137371359,-92.46007675492153
07097,16.028237184053182,-93.74296791708217
07098,16.53159854500276,-92.67117908117062
07099,16.05356623980202,-91.89415980494717
07100,17.286413382481275,-92.29262050463286
07101,16.7528572280756,-93.11544450530032
07102,14.918372886472664,-92.18483081034947
07103,15.137669999014454,-92.42206314875165
07104,16.16633548076923,-92.23911759056487
07105,15.051594775423728,-92.10537379960118
07106,16.34721658673025,-92.5372586577444
07107,16.128482196257384,-93.16845983891662
07108,16.31964140700508,-93.31181340578212
07109,17.181159006464984,-92.33120921642896
07110,16.61375376458886,-92.71434880901856
07111,16.72776620757956,-92.76100424699591
07112,16.928179897349512,-92.39473905595767
07113,16.924701482417973,-92.69172768270022
07114,16.331456025976767,-90.59612601440337
07115,16.188450940641747,-91.27383750315447
07116,16.268393625851395,-90.73584337577401
07117,15.673707408614801,-92.64066675097094
07118,17.136292819336738,-92.79933291552551
07119,16.94467352169546,-92.71936054077942
07120,15.578955811869841,-92.61104810586619
07121,17.212891627363355,-92.93734938890798
07122,16.34818616585149,-93.0003209339389
07123,16.51043690553776,-92.88029639075515
07124,17.220937548455492,-93.59812677786555
07125,15.564472290919952,-92.4619299033965
08001,30.523195648237866,-106.50587817196522
08002,28.842495913534552,-105.87589944033543
08003,26.988083721691048,-105.3669514885382
08004,28.595957041702547,-105.89538833120108
08005,31.29077520663871,-107.84373502005211
08006,28.84280297034903,-107.26383874330736
08007,26.72971505437408,-106.50655445119293
08008,26.95707706741478,-107.68247625649678
08009,27.85961973036826,-107.60926509702371
08010,29.987998055518368,-107.16440598047012
08011,27.70430171993055,-105.14923228224472
08012,27.793633217838348,-107.05696520779532
08013,30.35452069499917,-107.98954935005776
08014,26.73433247803496,-105.15777551346245
08015,29.478884767392834,-105.05406995221364
08016,27.84783786228023,-105.18651718859883
08017,28.457067636627855,-106.86987873388078
08018,28.23732761066969,-106.98776903140372
08019,28.638952091064663,-106.0780614622592
08020,27.449540792411756,-108.51937704851501
08021,28.19235315237244,-105.46752441257574
08022,28.056440754815405,-106.47322411276082
08023,30.02528871547495,-107.57622464516125
08024,28.3356307373212,-106.34406905487647
08025,29.3358534101983,-107.73741472195468
08026,28.264757530212087,-106.53490342136853
08027,27.019103296857708,-107.19096392558662
08028,31.376124787851317,-106.09017754601088
08029,26.14425760375252,-107.0270920706822
08030,27.36551158285979,-108.26005824098343
08031,28.464722193034305,-107.45707121267192
08032,26.92394368761339,-105.66694352538252
08033,27.024594591695504,-106.12947238985006
08034,29.642805934115863,-107.76237646421806
08035,30.867175502704146,-108.39399593146555
08036,27.12875356046912,-104.89592316310065
08037,31.744798314659956,-106.48391403039518
08038,28.4233883995693,-105.424240172083
08039,27.0125430975094,-105.07091249483081
08040,29.31161273615053,-108.17378294191971
08041,27.83542376082328,-107.99566171753015
08042,29.036325291017075,-103.88495938233112
08043,28.826036302034993,-107.71750476686898
08044,26.756461334085788,-105.56741180564335
08045,28.31329571819419,-105.51725884833782
08046,26.590005821112843,-107.72336249492979
08047,28.118156639404397,-108.63306908178681
08048,29.178871044885405,-107.27914664555261
08049,27.448779134835352,-106.74543941143847
08050,30.420386156426364,-107.91233019031898
08051,28.170914262740386,-108.2069192731971
08052,29.533986838787587,-104.42283514438674
08053,31.313341535948968,-105.94717452647855
08054,28.898487128149654,-106.69030720883177
08055,28.230190144292184,-105.552136390547
08056,27.23206327762172,-106.32278006507492
08057,27.886227272647325,-106.68957773043094
08058,27.576288138252146,-105.36495808524356
08059,26.865245403131116,-105.85502861154599
08060,26.818383165624198,-105.80725841847314
08061,27.864078798956328,-106.18168872177974
08062,28.03017120874364,-105.33907062824665
08063,28.7646372366494,-108.031459021611
08064,27.075431669142468,-106.29780546792709
08065,27.279394348576457,-107.94713765158843
08066,27.854822476101084,-108.34269695436822
08067,27.485217520024772,-105.81476566143681
09002,19.484102,-99.18436
09003,19.350214,-99.162146
09004,19.353563506568314,-99.30334059654037
09005,19.482945,-99.113471
09006,19.395901,-99.097612
09007,19.359004,-99.092622
09008,19.30478793805413,-99.24155609420733
09009,19.197391033731797,-99.03207618833969
09010,19.39078964176014,-99.19542770077521
09011,19.267467897117758,-99.00101852730047
09012,19.27688943853455,-99.16840121506227
09013,19.262441912868116,-99.10461255696767
09014,19.371992,-99.157853
09015,19.441646,-99.151884
09016,19.407269,-99.190754
09017,19.419261,-99.113701
10001,24.514670916170115,-104.76983385267509
10002,25.08850863810392,-106.4874816629444
10003,24.999478725314617,-104.75051503339786
10004,24.682686111870016,-103.7586234530799
10005,24.021706854105176,-104.66939034989967
10006,24.87406004726912,-103.27520865918571
10007,25.60007591340944,-103.48877783995232
10008,24.4226901100087,-104.08480581583667
10009,25.940150298369673,-106.03764444470636
10010,26.056203138192867,-104.89677885345482
10011,25.80511440948633,-105.09842012634633
10012,25.51265979060651,-103.54748970218533
10013,26.022671509194772,-103.82302457306061
10014,22.89296409752747,-104.55319460626875
10015,25.247774707610454,-104.06936885488471
10016,23.853423851256913,-104.1886159330343
10017,26.440739480210116,-105.51351860896654
10018,25.806466294460353,-105.33625061127032
10019,24.70351306393149,-106.0299515972914
10020,24.4505534740566,-104.35026415424528
10021,24.755006621566174,-104.01373923483767
10022,23.973913384333738,-104.04457864710004
10023,23.641584295946785,-105.36858373019801
10024,25.189256932857255,-104.56431291011413
10025,26.125605071453467,-105.60141367410247
10026,24.18655789973674,-105.81720595406935
10027,24.632429025028227,-102.73296716710574
10028,24.77888604530824,-104.49191833184781
10029,25.40721392205952,-104.25311521728861
10030,25.589038961674532,-104.41669141273586
10031,24.46431741196505,-103.40068507892789
10032,25.02489473614307,-105.54419263737839
10033,23.552762841463412,-103.99789179626971
10034,25.028579834972515,-106.77325707434275
10035,25.373874933452928,-105.89414558884332
10036,26.025165029565464,-103.43588600268349
10037,25.219114833905355,-106.63977264212168
10038,23.729027667659444,-103.9933459500915
10039,24.901212976144766,-105.03160518309159
11001,20.49921520069515,-101.52732187633453
11002,20.040257036986045,-100.74670495995778
11003,20.92499339528727,-100.72029165718237
11004,20.448151684249517,-100.58915511071524
11005,20.552388895369027,-100.61606499117347
11006,21.253724608227966,-99.80603451141722
11007,20.52810007931572,-100.80999009149278
11008,20.736405492228357,-101.90309957960817
11009,20.71986985449931,-100.78239940536929
11010,20.20940733198308,-100.36913251507788
11011,20.46993010724735,-100.96345981817903
11012,20.621440796370447,-101.6639828006652
11013,21.137970812324827,-100.34946937451318
11014,21.159229035470915,-100.90605109519213
11015,20.985316451004973,-101.27205449677852
11016,20.365261579198336,-101.50295950516971
11017,20.677832891940167,-101.3536249550745
11018,20.365489702493814,-101.05567111077907
11019,20.200903616540597,-100.50804227253158
11020,21.117164970251338,-101.67911985825644
11021,20.125717424273176,-101.19363472644042
11022,21.621517397853914,-101.47239355387799
11023,20.390418397166634,-101.79709818497327
11024,20.547664063850767,-101.36542793951844
11025,21.00690386610684,-101.88291367272947
11026,20.846177891677236,-101.56077437268408
11027,20.572977141929226,-101.18975445649637
11028,20.219755361080747,-100.90705674247329
11029,21.429640059372574,-100.81762221959852
11030,21.52676486033757,-101.1780610620537
11031,20.989305240440537,-101.83414011127903
11032,21.020491092657764,-100.3968215453406
11033,21.27597658891104,-100.53268853075915
11034,21.148134924410538,-100.06876503085994
11035,20.639489460328225,-100.98353906494278
11036,20.1709180056472,-100.99521875954825
11037,20.949698714150887,-101.43607526469185
11038,20.0058777586876,-100.52140774651613
11039,20.290536027297218,-100.76892388125853
11040,21.080019578748004,-100.1861217557815
11041,20.137359891833054,-101.17413223849366
11042,20.39204071421633,-101.2255096702885
11043,21.257718744307578,-100.23366005949046
11044,20.526373351737,-100.99663969748434
11045,21.310584893683554,-100.00841237237557
11046,20.194242153260706,-101.20358972929557
12001,16.869586617663398,-99.86059275999824
12002,17.73298071162112,-98.94786375058165
12003,18.161453886743104,-100.5195964277449
12004,17.389042126423796,-98.37402304109007
12005,17.656941709520765,-98.51460836460066
12006,18.114041393977423,-99.94200582882237
12007,18.29970589163225,-100.260026862393
12008,18.148987020803833,-99.11245036695347
12009,17.307054510905605,-98.57007229104867
12010,17.451716220190864,-98.90022784384941
12011,17.222523007389647,-100.379898013794
12012,16.965171259055225,-99.10495244737297
12013,16.706152613164658,-98.5810147333465
12014,17.127154489460455,-100.46725534970669
12015,18.483199411624874,-99.41881658454106
12016,18.30657632312683,-101.6741972375979
12017,18.16437844615188,-99.68711531534127
12018,16.60259359146678,-98.94678667514475
12019,17.994026256354577,-99.03957347228253
12020,17.4392707542736,-98.70446581855043
12021,17.026046918870193,-100.05357699259724
12022,18.246466388755184,-100.79439752800964
12023,16.48489835958696,-98.45941211520552
12024,17.732973515178234,-98.664921710165
12025,16.729479704530807,-98.99098584168571
12026,18.188149080299013,-99.80071741982155
12027,18.574955663252982,-100.6117094734071
12028,17.548804798318848,-99.1496068042905
12029,17.517955781514004,-99.51069543208462
12030,16.708035242255793,-99.1378655665486
12031,18.430747269746174,-100.08939497650954
12032,17.737705490453997,-100.01733290017309
12033,17.793911224239313,-98.56029859370898
12034,18.25537075578098,-99.31280981449062
12035,18.335281370352597,-99.54024323512475
12036,16.774626915724127,-98.4791093888936
12037,18.473858667585088,-99.79152807893031
12038,17.663153057398993,-101.55022707332469
12039,17.13396593403987,-99.49941882668249
12040,17.636410428582256,-99.75692131226089
12041,17.20311092951386,-98.69502047290356
12042,17.788212013095045,-99.32916802726346
12043,17.20505576597333,-98.43256985871999
12044,17.444972467496985,-99.36055581325833
12045,17.85030541101769,-98.72800933845028
12046,16.690323472970405,-98.37294428706235
12047,18.541716733742675,-99.85817363061678
12048,17.541221528434487,-101.25776261450528
12049,18.727882532119413,-99.64102300367304
12050,18.35005059905464,-100.65272752867233
12051,17.373310309320747,-99.1996002995777
12052,16.90167414311931,-98.69128694470834
12053,16.829895368323072,-99.42764006264893
12054,17.94997018272316,-100.31402184981489
12055,18.546752968739654,-99.59136452612913
12056,16.98289849082002,-99.28951633800101
12057,17.264113180846852,-100.74634581508936
12058,18.35335460895561,-99.88373038180742
12059,18.156182021220765,-99.48372347907083
12060,18.65660135072762,-99.65192508253712
12061,17.582371314479378,-99.37695088544197
12062,16.933040929421548,-98.27003602822262
12063,17.225549937173824,-98.77822525953431
12064,18.391428383834075,-100.44385099752475
12065,17.566400630101036,-98.39279882981236
12066,17.543686589402803,-98.59513271579398
12067,18.257105134439048,-100.50171843657854
12068,17.972725529218575,-101.92849779932051
12069,17.453128298124213,-98.56973790270946
12070,17.9149427572951,-98.50245081971582
12071,16.79352352650871,-98.20478038075244
12072,17.39424981605573,-98.80445047959859
12073,18.424404225273534,-101.15336549805005
12074,17.694947697594824,-99.20328019677434
12075,17.739258250907174,-99.55357797442986
12076,17.222476793919423,-98.92264325675207
12077,16.593165301873555,-98.79230700870116
12078,17.136215001728566,-98.41134687909368
12079,17.44285476705563,-99.00370913194027
12080,16.619296164600367,-98.6791874074123
12081,17.037027880351353,-98.67852963960432
12082,16.739810181599516,-99.23385628482662
12083,16.907278056762312,-98.9977986366318
12084,17.003505993557425,-98.75101093893556
12085,16.438514337500003,-98.53267336107955
13001,20.177255886634416,-98.43801271584701
13002,20.16260521886923,-98.19477319357009
13003,20.267692505790812,-98.94393976509133
13004,20.35307244821584,-98.36840031592689
13005,20.13257572711873,-99.09011274670476
13006,20.419393417624118,-99.36483469649076
13007,19.714010879772353,-98.3757766108608
13008,19.70363243558833,-98.45891753008442
13009,20.220866688113578,-98.9012215276645
13010,20.056867839360994,-99.22633265231862
13011,21.010544822937316,-98.37287670886077
13012,20.313601036485238,-98.67570233217454
13013,19.950087792220675,-99.22894393039887
13014,20.90562069438927,-98.54043401477158
13015,20.607587352908023,-99.099488326928
13016,20.02154087656748,-98.29401966314208
13017,20.258357594835534,-99.47334822440824
13018,21.13798230023466,-98.93614809833998
13019,20.33671303325767,-99.22823636351158
13020,20.728702348988165,-98.8562538102329
13021,19.665453392617447,-98.55689389242006
13022,20.023692447439192,-98.656254021391
13023,20.239252195281928,-99.07922596144516
13024,20.22191676770362,-98.55281293110859
13025,21.03214183465895,-98.25905876336466
13026,21.00378755828844,-98.49074884992582
13027,20.48653940172617,-98.06852510801623
13028,21.12501100701536,-98.45069473136914
13029,20.376900633938526,-99.67277103669029
13030,20.493062537439005,-99.20126560071475
13031,20.981316571891718,-99.15600489601232
13032,21.143554664169905,-98.53133615350337
13033,20.8299192846339,-98.8423200855964
13034,20.9992043430312,-98.72630320838148
13035,20.25777019580793,-98.33342768925307
13036,20.536852992215877,-98.60026973092891
13037,20.5851353001328,-98.78400271656231
13038,20.198675635925053,-98.76101658274432
13039,20.141012492953816,-98.66841073726805
13040,21.07580292560816,-99.0714895275058
13041,20.227017737198477,-99.20011409972493
13042,20.834452243801653,-98.7554656837982
13043,20.779666544849444,-99.16469256053884
13044,20.236049206518555,-99.67165624901808
13045,20.176327991317397,-98.6341690610998
13046,21.201382956647773,-98.60361326997437
13047,20.97449830984738,-99.3286048490487
13048,20.121431985843717,-98.74024584811418
13049,21.234621363114233,-98.98537787279304
13050,20.260901376225497,-99.18840853545466
13051,20.06747217898389,-98.72551617352727
13052,20.115936528300438,-98.8971613496419
13053,20.436749649226112,-98.19529700874831
13054,20.286945932365313,-99.02527732378886
13055,20.379857921623096,-99.00252971105665
13056,20.046814701288206,-98.38509522899722
13057,19.9951257807662,-98.50842861821044
13058,20.53558141051909,-99.32964104744464
13059,20.530866491938873,-99.65621834137697
13060,20.343252615953997,-98.20829421499745
13061,19.778955500053268,-98.56396249584486
13062,21.06940300086185,-98.84551696092953
13063,19.907707309733734,-99.3428078450062
13064,20.181069019166973,-99.38313794719866
13065,20.112053793835443,-99.15949809985565
13066,19.893307033545227,-98.8077348351842
13067,20.17940296362615,-99.2761744274426
13068,20.773580277773927,-98.54956282964403
13069,19.856620276762698,-98.96438179973268
13070,20.133926719151166,-99.22869795965417
13071,20.911735567523593,-98.95869917832735
13072,19.816994994166215,-98.6016349795369
13073,21.028830847947958,-98.64523030590227
13074,20.09457173687886,-99.22595651059815
13075,19.934713371588785,-98.92428771504673
13076,20.04731501508877,-99.34271638267136
13077,20.094395270636568,-98.36962756845018
13078,20.860301125177575,-98.28196925286854
13079,20.794311232198577,-98.64163687021276
13080,20.9157141444296,-98.38466533944397
13081,20.645937085384375,-98.63808346365731
13082,20.007649057330475,-98.85311499021982
13083,19.968368917565936,-98.73062593888984
13084,20.734039320580013,-99.3621298469352
14001,20.763387367422286,-102.90520899656536
14002,20.421829226380055,-103.60196238360926
14003,20.6903085256183,-103.96776089111167
14004,20.003056850697433,-103.61191050955743
14005,20.835481533236642,-103.72724243830072
14006,20.54611345464604,-104.03827196832736
14007,20.807936034835848,-104.01604213364297
14008,20.719970729295078,-102.34148031210862
14009,20.76347824667233,-103.68281710775985
14010,20.1460492304437,-103.72358907206976
14011,20.29862652824859,-104.25937206885592
14012,20.359341243715086,-104.52003191945995
14013,20.543776055806493,-102.52064824599712
14014,19.99058565309856,-103.4996565599131
14015,19.769740437033967,-104.34990584473292
14016,20.464898675398825,-102.33226191169486
14017,20.11162060403405,-104.35942739911034
14018,20.324355952820497,-102.52503333339693
14019,21.855394941830067,-103.90569961555556
14020,20.354593120243532,-105.39854921308981
14021,19.597827906499155,-104.46660595902388
14022,19.23275188038182,-104.6296015679129
14023,19.70753704937265,-103.46564083115834
14024,20.39194233043508,-103.82267689058239
14025,22.109918549682234,-103.26703717492181
14026,19.98553468968217,-103.25272542805696
14027,19.43372179182817,-104.29387926367356
14028,20.20077634051144,-104.46089889322566
14029,20.94175231213969,-103.03809305831487
14030,20.310985994603993,-103.19632396336871
14031,21.73400201565047,-103.68740354515816
14032,20.08560658672199,-103.86993789128631
14033,20.44017249433202,-102.15288391746299
14034,19.91262804815725,-104.12446456117937
14035,21.545655056951265,-102.20469065220314
14036,20.770808132739845,-104.09149337380016
14037,19.810141245950096,-104.2201772144338
14038,20.66240471610555,-104.42953082734304
14039,20.676388328468164,-103.34222155516832
14040,21.048070256942083,-104.06715767358041
14041,22.344396697388124,-103.22107446231908
14042,22.59384126891918,-103.90342117407624
14043,19.458777802005436,-104.78778839620156
14044,20.4116361631062,-103.20157771002364
14045,20.855998848167793,-103.2181068103182
14046,21.17275076371205,-102.46435952119481
14047,20.300594343716178,-102.69640821699736
14048,20.62108057999791,-102.1718672525537
14049,19.31062580271549,-102.8546887778235
14050,20.292557487253923,-103.41058249645059
14051,20.536997605035758,-103.15159301479014
14052,20.083213881616597,-104.0750546350143
14053,21.396030584593486,-101.92331133111962
14054,19.831546239889196,-104.13018298744231
14055,20.910804816712453,-103.98945628873626
14056,19.556115871147046,-102.83098556291057
14057,20.01115926973365,-103.14106267845037
14058,20.523853129361353,-104.77176846949602
14059,19.91144881138085,-103.03646009880386
14060,21.268338372264115,-102.7749761892588
14061,22.184971038046566,-104.07753582365787
14062,20.519598624496375,-104.4680212766586
14063,20.356552330239875,-102.76285536705988
14064,21.847518829567054,-101.65873755308492
14065,19.224629441754654,-103.387896809254
14066,20.356362300879365,-102.93733755708418
14067,20.638196860817846,-105.21977252502114
14068,19.754919455108357,-104.67187072058823
14069,19.87819061045702,-102.85545814862641
14070,20.540224694092586,-103.25389437522175
14071,21.05277781517197,-103.47371718964962
14072,20.98964200168219,-102.00543770587474
14073,21.251548335033917,-102.32923046277094
14074,21.0085757956849,-102.1805788421552
14075,20.791071604440997,-104.19979602504519
14076,21.665920716203843,-103.81303232377174
14077,20.44767742662455,-103.90175383472337
14078,21.022459992826757,-102.39197889224604
14079,19.807621291287468,-103.46837614943576
14080,20.848533000190585,-104.80093112883551
14081,22.184696144422592,-103.17977442708626
14082,19.88205101520229,-103.58331782494571
14083,20.644036111114904,-103.70494952672901
14084,20.363656999803567,-104.84911338141697
14085,19.690648071352204,-103.23962549630892
14086,19.960205341893914,-103.73425530155022
14087,19.444152220037562,-103.29600529704192
14088,20.219049450955414,-104.02137837707004
14089,20.08707659448915,-103.55091218141914
14090,20.194440217385406,-104.17065011947382
14091,21.46376903836463,-102.56151879044126
14092,20.101870315528284,-103.3608913187765
14093,20.812760165252666,-102.72978818178257
14094,20.911989982780216,-103.82052929678414
14095,20.659636468096068,-103.84995611308112
14096,20.15381346344138,-103.04112304741437
14097,20.510809077522648,-103.3922062660833
14098,20.634259742722453,-103.31293973235046
14099,19.589658225812162,-103.87076978728864
14100,19.931572736529233,-105.25179172845768
14101,20.624657297608792,-103.23735021339982
14102,19.80859560053218,-103.96197649476134
14103,19.42674288976378,-103.52639897926512
14104,21.937653800279005,-103.47930227086725
14105,20.544759541396445,-102.76324086006063
14106,19.684838285041653,-103.9808496901485
14107,20.17992610216489,-103.25790219202254
14108,19.54076892958867,-103.38090893221415
14109,21.152913731698465,-101.97281457330982
14110,19.976842142600578,-104.25995524482757
14111,21.01754830668842,-102.6164128156607
14112,19.931224326839477,-102.94613796135887
14113,19.730121875897993,-103.77911316738506
14114,20.387192882109776,-103.68984398629061
14115,21.994696904577467,-103.62030461390846
14116,21.66729289921712,-102.58466193672582
14117,21.156791834148503,-102.68932960293463
14118,21.16415455609993,-102.8965176654749
14119,20.238981962753066,-103.57378223534037
14120,20.733259497423347,-103.40078153513366
14121,19.62854032262744,-103.40212895639687
14122,19.524578554771736,-103.80578830161055
14123,20.442008860117515,-102.90699619214513
14124,20.616257703046703,-103.0644584768961
14125,20.745199646500268,-102.52413411009225
15001,19.96832857444868,-99.88296003367513
15002,19.62163114405555,-98.93210578068417
15003,20.111201641863957,-99.82490306623968
15004,18.8586431803396,-99.87985375909177
15005,19.37898809349863,-99.78873440015717
15006,19.158559867144433,-99.48766069318002
15007,19.259847674808064,-100.02262140597318
15008,18.703788604491994,-100.26154271380246
15009,19.12251520395192,-98.76665188936869
15010,19.97551264767992,-99.17094719616505
15011,19.567779464763923,-98.9377495058473
15012,19.177964063279443,-99.49026226535797
15013,19.543178333970484,-99.23512650399576
15014,19.81154295964314,-99.86761875454985
15015,19.024101369215355,-98.78226337751266
15016,19.772593943072152,-98.72762042155873
15017,19.128416425922254,-98.80072173790163
15018,19.17810482639659,-99.61112131739246
15019,19.202830962694247,-99.46084263869187
15020,19.629286748705052,-99.10437287849977
15021,18.93020497896858,-99.78309899434167
15022,19.228532076398995,-98.85761103472682
15023,19.776255673620113,-99.20664425450589
15024,19.67991274619706,-99.17438158245142
15025,19.253857601433097,-98.88063102953387
15026,19.84075308919242,-99.58371439507144
15027,19.205156937416877,-99.55729163326293
15028,19.568429826584595,-98.88535468933625
15029,19.416522183160335,-98.90135906803359
15030,19.552573398317325,-98.89549659070558
15031,19.416907050078425,-98.94529903278364
15032,19.301155047812276,-100.14766041875119
15033,19.59907823947751,-99.04918626636834
15034,18.959070537694934,-98.75811783999262
15035,19.844861844405926,-99.22359029532494
15036,19.932737594124184,-99.02957184179354
15037,19.392800296431176,-99.30604969271357
15038,19.564954278898472,-99.40272094709968
15039,19.315246040612873,-98.87220591601312
15040,18.846564450832318,-99.68565628328597
15041,19.266831442956118,-100.27773276012317
15042,19.59920873163089,-99.80487556353582
15043,19.17918814934706,-99.41439686205098
15044,19.70308358368475,-99.08132758301144
15045,19.990186726904184,-99.57393275654195
15046,19.51006226982611,-99.37870165122123
15047,19.582899112486512,-99.65215144822969
15048,19.726913095922225,-99.83859105417802
15049,19.0722610033029,-99.52496361466227
15050,19.096570026782096,-98.87199704951188
15051,19.33352610391676,-99.48638872405455
15052,18.919237793221562,-99.48641885530918
15053,19.710118766098873,-99.1367664035864
15054,19.25736285973259,-99.5944347670119
15055,19.211328948012454,-99.58401740525667
15056,19.742148114209144,-99.64858799412848
15057,19.477452615463065,-99.23954338158184
15058,19.40876389038002,-99.01819657760807
15059,19.721048262440906,-99.07263260457012
15060,19.628219430130546,-99.3288393633843
15061,19.786363377170975,-98.71061677923582
15062,19.266561689953427,-99.45491809386782
15063,18.997379182532462,-99.41350784839965
15064,19.794476370802013,-100.08300597677247
15065,19.68714846606559,-98.76711396000441
15066,19.11907458879643,-100.30277986726205
15067,19.431372568300286,-99.54788085460645
15068,19.029445958933902,-98.79809525967407
15069,19.563356150873588,-98.85830555395684
15070,19.36011816006541,-98.9568457568045
15071,20.224862157719464,-99.82956824730253
15072,19.139952465427697,-99.57928339284149
15073,19.168185699959334,-99.56640100362851
15074,19.651324859675373,-99.97372049196707
15075,19.709891047423927,-98.83659644484429
15076,19.264167,-99.529722
15077,18.992639592322572,-100.03337260496949
15078,19.177623975422428,-100.25696657685612
15079,20.034430514052588,-99.50861326173373
15080,18.780297635596728,-99.97820214866428
15081,19.68849011782539,-98.9901716680431
15082,18.892411722288227,-100.16311467775981
15083,19.20466157243766,-98.87458422137459
15084,19.80638530757416,-98.88775601111821
15085,19.910799676448907,-100.01467227821485
15086,19.07401519156214,-100.00121253463513
15087,19.46221334618728,-99.59700905986016
15088,18.96264165461437,-99.5797483043308
15089,19.150830956078707,-98.85800760971537
15090,19.091980804590975,-99.60058931233642
15091,19.74668067941648,-99.18112119098755
15092,19.684197367431295,-98.87220147394402
15093,19.565453107870198,-98.80591670595634
15094,19.0210472275274,-98.82507241091352
15095,19.719108916202355,-99.2460440494226
15096,19.906886116902513,-99.13571450725262
15097,18.935818128540784,-99.93412391474615
15098,19.13240882564013,-99.50301266730536
15099,19.494230546770712,-98.86964342996463
15100,19.595805986515124,-98.9353140033391
15101,19.174337916603363,-99.45457175821487
15102,19.876827862538775,-99.72662650903229
15103,19.204768748116557,-98.7798652293431
15104,19.53880204617923,-99.1932661976772
15105,18.564076877278136,-100.24899747454126
15106,19.313597174173704,-99.63999632009842
15107,18.797436619209652,-99.66212759384426
15108,19.673353326476896,-99.12743252566248
15109,19.632285157270314,-99.13800145438488
15110,19.18973599171329,-100.13543069994323
15111,19.382719694320524,-100.12600691008434
15112,19.728131438283096,-99.4707930657512
15113,18.95963786827525,-99.66228856304879
15114,19.461103294587456,-99.98583413139866
15115,19.416768523804297,-99.50337175509566
15116,19.068262692773438,-100.258334484375
15117,18.72430672683142,-99.79350106362165
15118,19.278833378967086,-99.75968364311915
15119,18.839724286948684,-99.57448843368323
15120,19.808113301609428,-99.07011200782433
15121,19.658339478294234,-99.21250408201017
15122,19.278909934150033,-98.94381212481017
15123,18.949737630397355,-100.33045496246815
15124,19.62412515429974,-100.12762296318358
15125,19.68810269113499,-99.0599575810611
16001,19.489247538801486,-101.33342271009369
16002,18.812028567554965,-102.7677738832112
16003,19.85428349189002,-101.0297421698326
16004,20.141450877121475,-101.71060678143789
16005,19.619595149636044,-100.30090593513316
16006,19.08057786961479,-102.36552641756998
16007,19.664051953980803,-100.40164168351214
16008,18.421943171438773,-103.37552352272367
16009,19.19042296195159,-101.69735146355868
16010,18.369902480609355,-102.2256347589985
16011,20.264882656375608,-102.56890379714358
16012,19.16828859645971,-102.61190300944223
16013,18.991740765106382,-101.06484854744681
16014,18.713817910609958,-103.65693753260108
16015,18.769695230339853,-103.15604396379175
16016,19.798632587728488,-101.61715054869576
16017,19.932631275830655,-100.19656617287819
16018,19.891879454363757,-101.21442571230291
16019,19.801367708000395,-102.69477626220772
16020,19.974961616242943,-101.12149745752181
16021,19.697649593666966,-102.21840281842337
16022,19.702620154288436,-101.04451014881639
16023,20.026722445328986,-102.44993050172646
16024,19.697661852495735,-101.97387917594351
16025,19.848473366550845,-102.08288494433356
16026,18.724300341228428,-103.38664394399841
16027,19.89593421852971,-101.34101408136958
16028,20.144802792276966,-102.07632902472893
16029,18.69648623101673,-101.63787767117117
16030,20.171366822132388,-102.20943843624728
16031,20.143155841123807,-100.2840866316147
16032,19.58169711542371,-101.70133432308475
16033,19.157273727648896,-102.03498476656283
16034,19.67269090034678,-100.58923435791205
16035,18.89009317056052,-101.88031003616574
16036,19.984295817089908,-101.26597995710365
16037,19.88440981802075,-101.50696708618072
16038,18.614845123970856,-100.96032772061606
16039,19.526341307283598,-101.45326631403584
16040,19.795418934678825,-100.95568590180122
16041,19.710981702437206,-100.47851730751054
16042,20.14614737192909,-102.40174486592687
16043,19.95504959719174,-102.30484148390192
16044,19.921329298651248,-101.74461097078998
16045,19.9910480909543,-102.7202996848649
16046,19.298805547253043,-100.44223236158268
16047,19.448451211155177,-100.48992569913149
16048,19.572246077964923,-101.41744927053307
16049,19.37078542292246,-101.22183740876326
16050,19.893474384425286,-100.43539870208102
16051,20.000954018465706,-102.99898122258661
16052,17.994191970780843,-102.24125007293823
16053,19.69773418066524,-101.2006748697579
16054,19.996721453093812,-101.42502209693114
16055,19.012056013109227,-102.09877845626244
16056,19.62090277630166,-101.9148002191575
16057,19.06666321852959,-101.1998230919307
16058,19.411357414759753,-102.1374031099451
16059,19.184643763044676,-101.8641222728075
16060,20.254818494876936,-101.9521695857188
16061,19.575395011041707,-100.3211405343945
16062,20.130499978953868,-102.54030121601976
16063,19.998408676115798,-101.75008841844257
16064,19.051763585404824,-102.21760787912905
16065,19.650039645367016,-102.0570142635612
16066,19.51190625853035,-101.60572843488507
16067,20.13062482483064,-101.89636903992569
16068,19.527315687491505,-102.42295398389727
16069,20.336290109950056,-102.02437304096085
16070,19.91260414017909,-102.0051604307157
16071,20.120638638638003,-101.520400838436
16072,19.79267406521894,-100.86929642403032
16073,19.66733273634721,-101.54370835716657
16074,20.12387855525071,-102.85689332459792
16075,19.617115160446474,-102.44318154916476
16076,20.055561168681805,-102.7181397494169
16077,18.4822561217974,-100.71711970065881
16078,20.023285693158797,-101.03077039831699
16079,19.394860002727526,-101.65129959917373
16080,19.76814202135893,-100.33763102110765
16081,19.228538991597553,-100.40114376243999
16082,19.232703055416913,-101.46634664347074
16083,19.31934738624591,-102.36117317073534
16084,19.898699461210978,-102.443962919836
16085,19.874125277143907,-102.22689035075452
16086,20.274688027063515,-102.32676349151451
16087,19.327664102397634,-101.90754682721602
16088,19.782707291446442,-101.16251214826109
16089,19.156719010551573,-102.84509983316093
16090,19.522439522820555,-101.83757209753108
16091,19.75700425603962,-102.50072240085657
16092,19.021551425364592,-100.77194256898525
16093,19.78229129004057,-100.19954891124632
16094,19.98554292976172,-102.05918922488709
16095,19.669440596638655,-102.51172344925662
16096,18.59629036999202,-102.37837777605746
16097,19.03107468592512,-101.4886057851872
16098,19.566148965394785,-100.46951657226847
16099,19.214103844331525,-100.60857462775527
16100,19.599004765556003,-101.58073274561757
16101,19.448241023412095,-100.90917065066117
16102,19.429242440199832,-102.0685330475925
16103,20.131716721820506,-102.66581495457251
16104,20.00032728540017,-102.58813604510615
16105,20.27160427104361,-102.46328445229483
16106,20.332894590231383,-102.2727426929906
16107,19.81620411390479,-101.79079843296047
16108,19.992907848725302,-102.28456984659267
16109,20.168443071714375,-102.00148254416744
16110,19.86440918181448,-100.792401796798
16111,19.42985962531179,-101.91165649989155
16112,19.443071962625854,-100.34857274344395
16113,20.276317774793306,-101.56909530323466
17001,18.595417544748628,-99.3762815129513
17002,18.929220189398734,-98.90529845862342
17003,18.522211820574892,-98.75407729858314
17004,18.74291736944324,-98.9556918675822
17005,18.72856782726238,-99.4532723806678
17006,18.817555087420985,-98.95673017275118
17007,18.92187662101331,-99.23518847714071
17008,18.837648245170087,-99.18989805439197
17009,19.035961132441447,-99.24519506933152
17010,18.702655659267297,-98.78309102588875
17011,18.88125089143112,-99.1725721883659
17012,18.60004495490588,-99.20341248760303
17013,18.665330176108522,-98.79756414324132
17014,18.71556439838639,-99.36959475174444
17015,18.780931810428633,-99.35485795297014
17016,18.900167782574854,-98.76735607929014
17017,18.601939261541332,-99.3072128899811
17018,18.846014896400042,-99.23137924655988
17019,18.598431507791148,-98.85997634657295
17020,18.961352421911887,-99.11690369078921
17021,18.723657429880845,-99.3997943022129
17022,18.896127264024184,-98.7311908462882
17023,19.01531446891094,-98.97967698718753
17024,18.700780029244225,-99.14278560650803
17025,18.599942780955477,-99.14162776650811
17026,18.956099636413978,-98.98208299064177
17027,18.991553061409682,-98.9291292376594
17028,18.778129176843677,-99.23474760638327
17029,18.890027118165335,-99.04716180641964
17030,18.860097602218104,-98.87830476578131
17031,18.65116672564926,-99.20029343033946
17032,18.80174385142171,-98.75745204795757
17033,18.758932972516877,-98.77429482648263
17034,18.73386932294693,-99.32557886664904
17035,18.686784259682405,-99.24564159107564
17036,18.868924460652593,-98.69910063915547
18001,22.478870215446285,-105.35846374420095
18002,21.068969153220078,-104.5365963867967
18003,20.83844951982796,-104.43157200498925
18004,21.1582402653376,-105.09159732599389
18005,22.733068493668856,-105.25112275781375
18006,21.039630692223998,-104.36363573975724
18007,21.11515262512889,-104.3950090932151
18008,21.43295051949707,-104.89907991210968
18009,22.16714816655974,-104.65048093689853
18010,22.05862128496701,-105.2418828502051
18011,21.957802880928764,-105.09103546967441
18012,21.561377074802486,-105.22566703669283
18013,21.16880206222509,-104.75172433441139
18014,21.333939345643593,-104.61856180534639
18015,21.805312164119545,-105.25687978954406
18016,22.38025068709764,-105.47494340611587
18017,21.51426207034137,-104.8900704589517
18018,21.9471060622758,-105.30058841354456
18019,21.63943407765047,-104.15996522991442
18020,20.762407924389816,-105.27366017142066
19001,25.945445438104773,-100.40432803737069
19002,26.309159577511828,-99.62353114166436
19003,26.0506649445946,-99.20270306283783
19004,25.29086140106347,-100.00627973187014
19005,27.258060809604846,-100.1188373188853
19006,25.782950598257177,-100.189753301242
19007,24.195412527460253,-99.88560700203652
19008,26.53636782310947,-100.50234865520889
19009,25.57985102781059,-100.00900474079839
19010,25.864906849602985,-100.34002907360565
19011,26.089715442048163,-99.61705432707066
19012,25.94375115526886,-100.1749184893141
19013,25.63288393097659,-99.18280395849267
19014,23.752778710660753,-100.25010903979789
19015,25.934810288423805,-99.14033769849576
19016,25.848670203964378,-99.89611910341857
19017,24.85704988432312,-100.32359931138375
19018,25.795352777224913,-100.53426311410948
19019,25.665151231895905,-100.40245384813889
19020,25.801993399143104,-99.12493863084833
19021,25.8088155789909,-100.32712015820205
19022,25.271527273707928,-99.63303530784461
19023,26.226911955670097,-99.47569579845364
19024,23.95130702406085,-99.77314207031975
19025,25.892573623452385,-100.15972199552719
19026,25.677402501210448,-100.25844180288455
19027,25.91175704442344,-99.41829925614365
19028,25.963133138869978,-100.01288788835942
19029,24.88707204077343,-99.67139554056324
19030,24.66268527240356,-99.87293329792286
19031,25.63960409675025,-100.11495177238852
19032,27.023068993871664,-100.49506893619322
19033,24.858847666725254,-99.56641549584035
19034,25.872906987164754,-100.02914758409965
19035,26.061984580263157,-99.55396332368423
19036,23.43425827527944,-100.1742853327268
19037,26.025671542537914,-100.58125700335195
19038,25.19305426193034,-99.8375299900084
19039,25.66469080182536,-100.3108893987001
19040,26.500525609962413,-99.55740060244361
19041,25.771276713472083,-100.08340937047734
19042,25.6879713626943,-99.63160115597641
19043,25.08778500121114,-100.13156624303593
19044,26.49748716613702,-100.17743326634032
19045,25.918354416528903,-100.26900197360746
19046,25.755253,-100.289586
19047,25.975709263794172,-100.4469343813391
19048,25.67449349707895,-100.46203254477213
19049,25.42360607216428,-100.1573524775697
19050,26.56419425526025,-99.88422054595792
19051,26.480227467133624,-100.41976102828664
20001,17.435752,-96.608174
20002,18.47842708949365,-96.53290233777348
20003,17.03427567596229,-95.93123504477612
20004,17.930840667311415,-97.67440103965184
20005,16.592708111955083,-95.006546860502
20006,17.45123936548569,-97.21749353192526
20007,16.759102371714643,-96.7213542849395
20008,16.253046872282606,-95.7456401875
20009,17.69312877229021,-96.14795527331003
20010,16.794089044107864,-95.07265815286294
20011,17.530333120824448,-98.28220786993602
20012,15.905620369146002,-96.51715630143075
20013,16.89711483601181,-96.76672422302391
20014,16.566703898126093,-95.09938729296303
20015,16.5303400070724,-96.64360304820399
20016,17.217591689836752,-98.22807469773566
20017,16.571557258911305,-96.81853049571706
20018,17.940934305194805,-97.41832162467534
20019,17.86306819018405,-96.85627737712018
20020,17.054716013653383,-97.98568994406519
20021,18.597154532222532,-96.67208467646657
20022,18.13870354233129,-97.77974996932515
20023,17.001662088675094,-96.7795386607376
20024,17.962087291700676,-96.83728037061225
20025,16.28695718597078,-94.19604506090475
20026,17.010102170694033,-97.5682597467726
20027,17.98903758850365,-96.74888575501825
20028,16.574413915949414,-96.73641793619358
20029,18.186960757718598,-96.87735408955929
20030,16.48485187751868,-95.04212053056374
20031,17.044289620426827,-96.04558654296008
20032,17.926220445060018,-98.13005354385965
20033,17.175301595635865,-96.80368644016363
20034,17.758355138652206,-98.17950268319133
20035,17.317658163142,-96.49444216465257
20036,16.80234813926682,-95.40519229195012
20037,16.919687115030328,-97.9874994709054
20038,17.176865101449277,-96.1472433768116
20039,17.80905375478824,-97.77835417083286
20040,18.08464106224649,-96.79423858673945
20041,18.134905378055674,-96.82431334961981
20042,17.427080320642474,-96.37464237810826
20043,16.4347318209833,-94.96857053618757
20044,18.081243262780642,-95.88451341600253
20045,17.231418649199416,-96.82098802121023
20046,17.288366353436658,-97.23466140801885
20047,17.807069072289153,-97.47076679518072
20048,16.895080400835074,-96.92229603549062
20049,16.709455,-96.712365
20050,17.23432810971703,-97.56552953256808
20051,16.906621,-96.558739
20052,16.388063967763376,-95.62120526603522
20053,16.504174590943975,-95.20316724712202
20054,17.3892678627451,-97.2294616617647
20055,17.847956594990674,-98.13654068265389
20056,16.549443854482757,-98.24196742896551
20057,17.02981455693727,-95.04214073004327
20058,18.03715175111042,-96.90765898597365
20059,16.366513203571934,-96.61792183940437
20060,17.14848892511013,-96.10527464917901
20061,16.42797465194895,-96.63663537012764
20062,17.296875,-96.433293
20063,17.177939060535508,-96.82436530942955
20064,16.61251887422269,-95.95447757069105
20065,17.50775827606178,-98.03556668243242
20066,16.54185727062523,-94.60009586699964
20067,17.062766290949078,-96.72634407727621
20068,16.78755366104617,-96.67600965894374
20069,16.62583094957433,-96.79613448788473
20070,16.423742322971712,-97.97684918324526
20071,15.919832403244843,-96.41869966519174
20072,16.688425742662538,-96.6680249894737
20073,17.024636602042342,-97.89836628109045
20074,16.315654,-96.284964
20075,16.3993290202855,-94.4584259744553
20076,16.64947966472133,-97.84167300350163
20077,17.208154063470325,-96.81396630456621
20078,17.008284,-96.618645
20079,16.177237015662183,-95.1928494949983
20080,16.509745428571428,-96.78938441541354
20081,17.602038318278428,-98.012334185441
20082,16.426015146037827,-97.81374974287766
20083,17.010048405104367,-96.70955776828627
20084,17.1890732001918,-96.76441457300407
20085,15.969345812177306,-96.6253174573756
20086,17.203045065194534,-97.51985677287067
20087,17.081844394180372,-96.66955302457978
20088,16.855920461958377,-97.74996753019448
20089,17.694884506482282,-97.71272398141745
20090,16.333070179548727,-97.92113505856938
20091,17.102379458154676,-96.66674907622678
20092,17.068184055462183,-96.83301731708684
20093,17.58088104206501,-97.51884746080306
20094,17.239679523632503,-97.07660399628251
20095,16.206744932984062,-96.52358040798951
20096,17.47396570209974,-97.29175687795276
20097,17.28238473971831,-96.22217188676055
20098,17.95840317488263,-96.6183785807512
20099,17.665815268929503,-98.39166978851176
20100,17.29308652020202,-96.15308558585858
20101,16.600149,-96.857736
20102,17.19097551599626,-96.8486615923293
20103,16.804222814631736,-96.68532321107266
20104,16.823535348640707,-97.03917094232183
20105,17.515303058900017,-97.74118897789623
20106,17.740693294117648,-97.49721498823529
20107,17.030999043321163,-96.69906981134947
20108,16.914359854187524,-97.15201582282283
20109,18.137111141815236,-97.12812636466775
20110,17.15349521156138,-97.57973472169249
20111,16.541294432615384,-98.05346808861538
20112,16.76215989496124,-96.48971510813954
20113,16.060191135194476,-96.79528878481808
20114,17.232682070692192,-96.21684699558175
20115,16.93373536897214,-96.71545479817483
20116,18.0357657785559,-96.67921069645013
20117,15.960209327052487,-96.73473517765814
20118,16.90196497998332,-96.501257618015
20119,17.242475247297296,-97.44795319324324
20120,17.240788,-96.24305
20121,17.57101263993453,-97.31366017675943
20122,16.430991963470323,-95.97160719634704
20123,16.840971695560256,-96.9036965944327
20124,16.337832402880974,-95.1374124388173
20125,16.372491919754662,-95.99693124175822
20126,16.315043077720212,-96.40225999740933
20127,17.288934600636434,-97.58180408750995
20128,17.33596954017857,-96.16504129836309
20129,17.727488326027395,-97.36613100547945
20130,16.336895920185075,-94.72781574705995
20131,16.79484466920252,-96.35630005613851
20132,16.745492065703974,-96.67655236389892
20133,17.07548352141058,-97.69593265088162
20134,18.07866948553209,-96.52299236057354
20135,17.10335240875559,-96.85954931890194
20136,17.880736580346912,-96.50886525306822
20137,16.865176555587475,-97.36717552628554
20138,17.170367596026495,-96.25886582339955
20139,17.912606102308736,-96.73736975735628
20140,17.42841861349693,-97.31271444785277
20141,16.317627811859772,-94.5285698909629
20142,18.198880828605198,-96.94467799054372
20143,16.33604177278638,-94.48924306679277
20144,17.362034242980563,-97.26974863822893
20145,17.011905838122605,-96.59846461800765
20146,16.37511073727305,-96.37953464542541
20147,17.37968012631579,-97.34237879210527
20148,16.094010200457667,-96.2068399034325
20149,16.511370340236688,-96.966922795858
20150,17.303212815503205,-96.90760284784959
20151,17.855627200626962,-97.50365647021944
20152,17.478679604116223,-98.28854306658596
20153,16.085073404742435,-97.07485908810303
20154,16.289314649978607,-96.44690883868206
20155,16.56652164026095,-96.97054362534949
20156,17.366287478708976,-96.14754206807703
20157,17.100807,-96.762562
20158,16.51324601113586,-97.37462367216035
20159,16.195278423655914,-96.97904614318996
20160,17.811963917597765,-97.84748209916201
20161,17.385144528731477,-97.06614521575716
20162,16.71366122502425,-96.59423306644035
20163,18.160721544823236,-96.92469393118685
20164,17.658775561373094,-98.10515182662967
20165,17.942577980404167,-97.96920045560319
20166,17.94447230889868,-96.14858683806168
20167,16.29309819350348,-96.49704594199535
20168,16.365375845338985,-98.2514109036017
20169,18.25054703026748,-96.6446400185359
20170,16.40476148355795,-96.33629391832885
20171,18.161682186352426,-96.67957752425322
20172,17.348106131578948,-97.50873485885168
20173,17.426692783469946,-96.53938831762297
20174,16.98857450207923,-96.71325950076603
20175,17.53807424089636,-96.82889282773108
20176,17.719289474447265,-97.2872366205147
20177,17.78475340871489,-96.95591517208544
20178,17.215463419937322,-96.78532803432324
20179,17.423504,-96.82257000000001
20180,16.504598642826735,-98.34408362452108
20181,17.983203769565215,-97.65943458043479
20182,17.872712220827523,-96.58789255183636
20183,17.59979296623903,-98.33175653882512
20184,18.071283528537954,-96.11478131101043
20185,16.619118821867318,-98.16112987413443
20186,17.851635870722433,-98.28064063498098
20187,18.04610893010457,-96.75631103137039
20188,16.469071305549782,-97.9331575210975
20189,17.31633983728379,-95.94309059961563
20190,17.38159869102886,-95.44811685140706
20191,17.290014132013205,-96.49667295709571
20192,16.828518618766406,-96.67201563517061
20193,17.273731054765292,-96.79920448755331
20194,16.882558334545454,-96.16046971709093
20195,17.28115149243856,-97.37467287712664
20196,17.405912941605838,-96.53747282481753
20197,16.956686979666163,-96.54551960880121
20198,17.037261014258203,-95.08531493566916
20199,17.773793843253962,-98.2875539325397
20200,16.90396279415706,-95.90569210184938
20201,17.340075662957073,-96.27603681505035
20202,16.179803437704557,-97.12458948483525
20203,16.567019970953186,-96.54693910998307
20204,16.505430835680755,-95.91810718466353
20205,17.543956586310046,-95.82230528142412
20206,18.054652669547323,-97.03639318930041
20207,17.190278550809705,-95.36722991693307
20208,17.3103993042796,-97.85804412624823
20209,16.277539,-96.299477
20210,17.4123095722663,-97.7359035927906
20211,16.086965779334502,-96.22041714594278
20212,17.50231207268652,-96.04826193723983
20213,16.309146139660854,-97.31762755110691
20214,17.605102622004893,-96.58376201711492
20215,17.448550385050964,-97.29382500679502
20216,17.305155488334673,-96.20717325422366
20217,17.1118129772593,-97.16808387212049
20218,17.095189425182486,-97.41440389781022
20219,16.93430819640853,-96.6085520261878
20220,17.73415613994817,-96.77889173602368
20221,17.58405436929186,-97.41669724156188
20222,17.43012612736179,-96.28773246466059
20223,17.402424,-96.16924399999999
20224,17.519501349453982,-97.27195385179408
20225,16.408839580612415,-97.88418145982068
20226,16.892989254491017,-96.24415818562873
20227,17.138525069530655,-96.79989502074487
20228,18.206453,-96.913057
20229,16.53469916844628,-97.1900296701896
20230,17.65627119379015,-98.10748661884368
20231,16.94343487249374,-95.70932166948624
20232,18.059506942152105,-96.3944286504405
20233,16.89489787804878,-96.46788174796747
20234,18.11773366916875,-96.91279760050043
20235,16.46529437917638,-96.51074367391865
20236,16.0787211012931,-96.40383183261496
20237,17.724865741856675,-97.8677431262215
20238,16.657803142857144,-96.71932603174604
20239,17.40433713452028,-97.60210744510385
20240,17.217633891509433,-97.86030253047896
20241,16.610864,-96.849371
20242,17.3632803307558,-98.25047853196972
20243,16.85944947450783,-96.6954229636547
20244,18.10940009222194,-97.03368749657969
20245,17.813696144252443,-98.07380681141998
20246,17.161189923327896,-96.207496182708
20247,17.306691252002466,-96.4460905366605
20248,16.2089859590632,-95.02872110445944
20249,18.141682745435574,-96.86775498826292
20250,17.42106977582066,-97.26597247477984
20251,17.652047520197858,-98.4140415713108
20252,17.149743955230125,-97.50453762175732
20253,15.974270169238189,-96.33106139778207
20254,16.13837857679286,-96.48070677500769
20255,17.00568852917505,-97.35106172233397
20256,17.81036515948276,-97.43086159051725
20257,17.256135386,-96.151630208
20258,17.306626733997156,-97.48908664438122
20259,17.669444925046555,-98.32824808845439
20260,17.417975733121885,-96.68316768010874
20261,17.891832521645334,-98.02146004113332
20262,17.157242203268645,-96.45285367517874
20263,16.183889837519377,-96.687889275969
20264,17.623480175136113,-97.19749590880218
20265,16.675333590929302,-94.62556592974654
20266,15.93097267488997,-96.09134400521195
20267,17.321682680161945,-96.56919323481782
20268,16.583150141991343,-96.73798010735932
20269,17.05055494364896,-97.61492237436491
20270,17.741560403628117,-97.14200420559337
20271,16.76214616386293,-96.93368275732087
20272,16.260072535539617,-97.38062554841864
20273,16.940670763247194,-96.9915746494388
20274,16.986787964098728,-97.2324957434555
20275,16.9771702545156,-95.7617745915435
20276,17.923653575714283,-96.79824549
20277,16.535790268673445,-97.03228279969578
20278,18.246363339423972,-96.3988594622174
20279,16.08543553533265,-96.46324497414683
20280,17.3647012,-96.24814209826302
20281,17.394729093548385,-97.26716634516127
20282,16.26247126331361,-95.58467646153848
20283,17.798576269523807,-97.33289437238096
20284,16.781662097615264,-96.5812295809221
20285,16.431323859587177,-98.08435265209124
20286,17.44630103402889,-98.01068246227928
20287,17.75230333855799,-97.44225090282131
20288,17.370928867346937,-96.33692803571428
20289,16.425528306491373,-96.73511947576007
20290,17.78300357115568,-98.1469248147087
20291,16.174731599676285,-96.78625553142702
20292,16.987609232984294,-96.89175884293194
20293,17.14401392201273,-96.77446483200046
20294,17.277990054932577,-96.88436451795602
20295,16.826272286198307,-96.7813878079721
20296,17.518101397089392,-96.55187952598753
20297,17.029696326338644,-97.49686438965269
20298,16.924132725915577,-96.34923051139874
20299,17.145339,-96.229362
20300,16.659907606443845,-98.08903641930142
20301,16.734905361076347,-96.72523290362953
20302,16.49755564216973,-97.98099783814524
20303,17.16867,-96.260639
20304,17.52275734986226,-97.12461381129476
20305,16.489546978610854,-95.16012027874886
20306,16.008960168271336,-96.47528014135666
20307,15.966801859631145,-95.7459478482582
20308,16.243496263444108,-95.15314874622356
20309,18.15351761174206,-96.54477976025025
20310,17.05529207822467,-96.80254313946149
20311,17.687494063524593,-97.0348201762295
20312,16.462787417139772,-98.02777298287825
20313,17.768574121253405,-97.08035228065395
20314,16.339108534122957,-97.08889956739989
20315,16.744488738307936,-96.71222074776668
20316,16.415227,-96.247538
20317,17.44527723659306,-97.63171953312303
20318,15.89607055951228,-97.08024506786985
20319,16.271211305015356,-96.28232345342887
20320,17.105466801120446,-97.54800505322129
20321,17.8176403285528,-97.55294551238592
20322,18.184936,-96.913153
20323,16.965792319113344,-95.83854568506901
20324,15.764823472290002,-96.45153817883289
20325,16.745900696319787,-96.028460888008
20326,17.828929228610946,-96.64892216261609
20327,16.317174173427734,-94.20320902927669
20328,16.637985566782007,-96.53754326435985
20329,16.99774158454936,-97.27655618111586
20330,17.996834700579377,-96.64315079930476
20331,17.340342042596347,-97.3771650182556
20332,17.45240826259947,-97.34938481167107
20333,16.666414035326085,-96.25470403683573
20334,16.057925489267372,-97.52725968971674
20335,17.411568047126437,-96.36465172528735
20336,17.612498833430745,-96.54784876212739
20337,17.027033287790186,-96.114419894028
20338,17.203959427413906,-96.79781663567087
20339,17.505638687770826,-97.493849254935
20340,18.091332649291786,-97.72242449178471
20341,17.561004,-97.48259000000002
20342,16.97813709704027,-96.75459730082483
20343,16.9908037205,-96.59482996500002
20344,16.108697103643436,-96.87340390166254
20345,16.537626239876133,-98.14511855597902
20346,17.51791347831715,-97.6830181106796
20347,16.18889029720114,-96.43324792623339
20348,17.347301798327713,-98.06236344527642
20349,16.95044385623294,-96.61625683166517
20350,17.051477783358013,-96.68231637477052
20351,16.425564614727858,-96.70777154571326
20352,17.833873621496764,-98.00254843517091
20353,16.340638,-96.717609
20354,18.216765,-96.90037505991735
20355,17.979906237337193,-96.79668627062229
20356,16.994827,-96.471674
20357,16.65465,-95.911568
20358,16.748326785022922,-96.85031161691289
20359,17.3977641609375,-96.6108422609375
20360,16.838656494229806,-96.7269853625188
20361,16.3222,-96.265858
20362,16.305316225333332,-96.64352715
20363,17.214045839008147,-96.58245543967432
20364,16.225917942928834,-97.27974568688272
20365,17.175570666358595,-96.50133579297596
20366,16.0706033974117,-96.74784201375032
20367,16.334324612080245,-97.83611413279546
20368,16.779565740088106,-96.61581727557513
20369,16.880338637408087,-96.74071037545957
20370,17.335644058035715,-97.55806832886906
20371,17.06574778392484,-97.53440413987474
20372,17.011965385135138,-97.66443418543544
20373,18.059609017114916,-97.59424874816627
20374,18.160858644026682,-96.87739543541541
20375,17.0587,-96.684017
20376,17.581373,-98.223989
20377,16.76240532925119,-97.67366364401234
20378,16.779838810275624,-96.88349232164839
20379,17.155360693199384,-97.71377490146833
20380,16.959489,-96.584911
20381,17.822659944614337,-98.15059875705064
20382,16.918348340318524,-97.4785836211232
20383,17.38737564772727,-97.55843025
20384,16.32984089460529,-96.67779324369923
20385,17.025592944272507,-96.73771458176425
20386,16.50770661571571,-97.48875042160518
20387,16.78335885388601,-96.79560090466322
20388,16.92488117497349,-96.84662422481442
20389,16.808663545054944,-96.75632132967033
20390,17.06471912715432,-96.69224241728219
20391,16.181852992621018,-96.61763412308147
20392,16.950009442635086,-97.72410984914879
20393,16.741754532902604,-96.67998362096198
20394,17.073822842067734,-95.86861385525847
20395,17.62851741605839,-97.08126063077857
20396,18.106030618755746,-96.81750794330372
20397,17.247037399612196,-97.69019029702098
20398,16.687431949048495,-96.84753808287292
20399,17.10315290784267,-96.78050262021456
20400,17.89918948868253,-97.6933009065583
20401,15.848022434265605,-96.99538626123356
20402,16.45041534105653,-98.28629377386467
20403,16.968564655437667,-96.70643710132626
20404,17.545780617875646,-97.2726484572539
20405,17.588330114035088,-97.63821954989035
20406,18.27714052095392,-96.77043525519797
20407,16.966375170336566,-94.48257081985169
20408,17.350295609037328,-97.604073956778
20409,17.045133234505858,-96.63472351580123
20410,16.228026462925268,-95.87843855946498
20411,17.000558619256015,-96.6036465536105
20412,16.755676601736972,-95.34665728504964
20413,15.7881796564487,-96.21436502731773
20414,16.244350490223812,-97.93051313129212
20415,16.633810476278118,-98.00743599141103
20416,17.851769073434127,-97.1907047300216
20417,17.849171183715434,-96.15586884599568
20418,16.44896910743731,-95.45481594186147
20419,17.365559293132325,-96.52801820938024
20420,16.70134500533491,-97.0215873301719
20421,16.375310578566868,-95.25704268020414
20422,17.648997253682488,-97.33041696399344
20423,17.41790740966387,-97.50708856302522
20424,16.106785694255876,-96.34186185221932
20425,17.80215290441533,-96.77944728335758
20426,17.04302170791367,-97.01643286317855
20427,16.875741868583038,-95.0487315966055
20428,16.276115237326156,-96.05248992911619
20429,16.577560209317586,-97.0200622828084
20430,17.142334410658307,-97.39487428526647
20431,17.958276103542236,-97.01856050735698
20432,17.381099,-96.162478
20433,16.160814966346152,-97.1812976741864
20434,18.17305377653214,-96.96608864250125
20435,16.98621436657382,-95.9919528671309
20436,17.712880532222222,-97.06670458888888
20437,17.09894160478445,-96.06204262260155
20438,17.930931509719223,-96.73976782343412
20439,15.767827624120722,-96.67610123433018
20440,16.603228,-95.62545399999999
20441,16.361993525293926,-95.01990014162443
20442,17.240471,-96.262781
20443,17.234221981693363,-96.42951390389017
20444,16.880238291581108,-97.48154552977415
20445,17.109152397653958,-97.50041350146627
20446,17.029106886213718,-97.79857162302112
20447,16.777900161271475,-97.9795442866659
20448,16.65357063279352,-97.33789635465587
20449,16.545846448109966,-96.35791459553263
20450,16.63019049417434,-97.52813439262083
20451,17.660361203505357,-97.14287254917235
20452,16.804622329943502,-96.7205866540113
20453,15.941125018839106,-95.7590703823829
20454,17.08453507015092,-95.92113450782563
20455,17.93670692386831,-97.9718218686557
20456,17.7327439646918,-97.73889009934172
20457,17.530498599642538,-96.19134799285075
20458,17.588184167088606,-96.50165168776373
20459,18.192799082942734,-97.7042617768494
20460,17.3960799941031,-95.8666248424957
20461,17.4447065272045,-98.09518663039398
20462,17.821150057371728,-97.71674654319115
20463,17.48667277033493,-97.0498615263158
20464,17.866905330434783,-97.43864870434786
20465,16.933035796116503,-95.6212380776699
20466,16.548041640793446,-97.6838030415409
20467,16.25404770920284,-97.79032166652755
20468,17.632693430778954,-95.9632002792723
20469,17.246653935540845,-97.99808582478293
20470,16.77543245823068,-95.50064284972005
20471,17.417816854503464,-96.24861930484988
20472,16.59572084177778,-95.21294549155556
20473,17.222008092664094,-96.30325803629344
20474,16.486858261676822,-98.28295531853786
20475,16.827327488376657,-96.42540926640508
20476,17.98224874352941,-97.68855465411765
20477,16.432060173005222,-97.2465410976883
20478,17.51461341837368,-96.90677041216635
20479,17.420397983240225,-97.37263117318435
20480,17.345951215069494,-97.66944944989027
20481,17.01158310397074,-97.75354270741902
20482,16.32058459421769,-98.06655729421769
20483,17.24466216010643,-96.86904709771537
20484,17.720555548466535,-98.21893921535708
20485,16.326978413112666,-98.4565424156588
20486,17.663036069987648,-97.46750020625772
20487,17.29684930327456,-96.99386587657432
20488,17.78466315625,-97.3993495859375
20489,16.34401805624366,-97.6945956986802
20490,18.21449947804224,-96.97521012504191
20491,16.704482916733866,-97.27918939919353
20492,17.25303420007171,-97.34761032484762
20493,17.465150041366904,-97.31465814028776
20494,17.012450496543053,-97.00404043117535
20495,16.01894524358558,-96.22514451347841
20496,17.273305401475238,-96.42171263909377
20497,16.225517851179244,-97.26931911698112
20498,17.46256532793574,-95.51600956993497
20499,17.470155614035086,-97.56967732714139
20500,16.859936849887976,-97.55685854007965
20501,17.611540372627374,-98.2168563046953
20502,17.18006485915493,-95.92048472339594
20503,17.220565,-96.242138
20504,17.283767954088052,-96.620380518239
20505,16.587035972182502,-94.75520699844014
20506,17.06803311581569,-96.20008536612704
20507,16.325225605878636,-98.37478736946905
20508,16.59241208461067,-95.1639614340895
20509,15.832326825118399,-96.64331633178391
20510,16.909106333766236,-97.53110771818181
20511,17.177812735649102,-97.07779319782162
20512,16.15399828003613,-96.3130971237579
20513,16.850438615673287,-95.16844612604855
20514,17.33539602012712,-96.07727447987288
20515,16.311183908974296,-95.25934353788313
20516,16.580764002833394,-97.265328934643
20517,16.936342087502066,-96.05741408205382
20518,17.407260146551724,-97.34693571551723
20519,17.05899944811321,-96.62398804333726
20520,17.684578102872777,-97.99375897332422
20521,17.598655303999998,-97.357851952
20522,17.155261194054503,-96.26805192733279
20523,17.52471336116152,-97.34829724984876
20524,17.616886,-97.683022
20525,16.46051770305781,-94.35216382513136
20526,16.09596979664454,-97.17505780696904
20527,17.797330533653845,-96.86633231610577
20528,17.437534671722645,-97.93882082773563
20529,17.777788214334013,-98.0056311494253
20530,16.865375795113263,-96.63893625069993
20531,17.173526,-96.871533
20532,17.122801191036,-97.7716661922606
20533,16.267822217629845,-96.58239364118509
20534,16.38464971481271,-96.84295077270147
20535,16.66972593203584,-97.02955317825148
20536,17.451773404395606,-97.44228264615387
20537,17.538246983076007,-98.14266501796318
20538,16.354724626740946,-96.53570104735374
20539,17.168466874114863,-96.82076155908734
20540,17.67691361812652,-97.57350517725061
20541,17.385847386290838,-96.29921076040998
20542,16.566964,-96.753581
20543,16.302658050062774,-97.52382644444442
20544,17.340066181208055,-96.62635093480345
20545,18.131864538750495,-97.070573452155
20546,17.0286035584375,-96.52781902671876
20547,17.73849737106299,-97.5406989507874
20548,17.910634843907353,-97.35922506847939
20549,17.605547749977777,-97.85271708950316
20550,17.01229056081548,-96.55788092519005
20551,16.95967298524607,-96.4746462099878
20552,17.847458653846157,-97.43472420432691
20553,17.07359071998345,-96.64774846346711
20554,17.2475540845983,-96.02523171936319
20555,16.92341653563084,-96.77385753621496
20556,17.770021996784564,-97.50410103536979
20557,16.472852172597488,-94.82906214127424
20558,17.766353069615665,-96.97217101305294
20559,17.79424701091969,-96.30930029648482
20560,17.013845529120967,-96.4179387155878
20561,16.72513010317997,-96.47247966880919
20562,17.380075156676558,-97.36377563738871
20563,16.4609389576,-96.78835091200001
20564,17.038920447127396,-97.29716303830142
20565,16.936678044900326,-96.72383115814036
20566,16.75699055805125,-97.44449476526415
20567,17.766311489405535,-98.38601108299
20568,17.88427652650177,-97.81805020906948
20569,17.265175442578915,-97.14687198186706
20570,16.852899873431433,-96.8293747139117
21001,19.085489124128102,-97.95715133027282
21002,20.108962505943378,-97.21875821331315
21003,18.19975704925616,-98.06569263570414
21004,18.996359255480513,-97.77972601485499
21005,18.764706547820428,-98.71121177163305
21006,20.023825199272625,-97.86245513682836
21007,18.576712934152486,-98.2650447731569
21008,20.059411451666374,-98.14207948194036
21009,18.224007778928414,-98.21399267897344
21010,18.409833849430907,-97.1599944393235
21011,18.01651835925926,-98.54229801746031
21012,19.10168080048514,-97.52735381579745
21013,18.367503060772012,-97.29961950375412
21014,20.05458060630575,-97.80188643310517
21015,19.045701542681766,-98.05621286433949
21016,19.780269801990052,-97.93762278153676
21017,19.829552877956992,-97.44461876502015
21018,18.3786574628866,-97.68857749664947
21019,18.90855288347271,-98.43594676552935
21020,18.82218304091674,-97.9132660872718
21021,18.54482571033575,-98.55434513890717
21022,18.82961468750485,-98.6093012251301
21023,18.91422878750138,-97.30442015694918
21024,18.172728826437936,-98.38944895963674
21025,20.09122265269026,-97.41245409003879
21026,19.105393509351302,-98.47190519918912
21027,18.182747875119848,-97.50656282214766
21028,20.03272871392405,-97.75420610343578
21029,20.066155001572742,-97.60662958584534
21030,20.062313446451615,-97.73243019612904
21031,18.61007355720339,-98.17109924823443
21032,18.2235513961039,-98.79150668903318
21033,18.792053637774902,-98.70904555109959
21034,19.134330776793714,-98.29705231367109
21035,18.270412278249953,-97.12918363902838
21036,18.274088417452198,-96.98506479854565
21037,18.412849223267752,-97.82903915397777
21038,18.92174281047547,-97.82635395074824
21039,19.91797702425411,-97.79617240044652
21040,18.9477989991119,-98.036975290893
21041,19.113626653770606,-98.25960496649155
21042,18.468778435107655,-98.18256189264355
21043,20.040357980293006,-97.49830075480183
21044,19.5908180599872,-97.60458030656892
21045,18.983724625868824,-97.44636126983023
21046,18.625912423972686,-97.40778730325569
21047,18.327970942359677,-98.63339672994275
21048,19.199303212909655,-98.48576326558181
21049,20.087722536539125,-97.95771357388257
21050,19.200055526005563,-97.07236155770157
21051,18.50506361337899,-98.61756820489107
21052,18.645566,-98.07562
21053,19.82734789281748,-98.08557784336823
21054,19.80622521993702,-97.39444908493377
21055,17.97245409923514,-97.88335294332222
21056,18.123543781273405,-98.48063297003746
21057,20.25260487834005,-98.23553222943723
21058,19.26135816843306,-97.19969011715224
21059,18.21931317027972,-98.26131947692306
21060,19.138433968355223,-98.4523827500938
21061,18.506398026056388,-96.92778006831182
21062,18.624048562903226,-98.37855357479839
21063,18.8606655844999,-97.3723354986813
21064,20.706348067959002,-97.81359523668671
21065,19.00502443931857,-97.68009454694722
21066,18.067729578947368,-98.13906191186912
21067,19.309934952176217,-97.34677040493632
21068,20.113244192324096,-97.73624001904761
21069,18.77817887720616,-98.5019681379169
21070,18.690546502770534,-98.05103392878097
21071,20.177140010228413,-98.04080432088747
21072,20.106642719875985,-97.62578032218062
21073,18.396279636605044,-98.71819973751403
21074,19.172848817640453,-98.4104261583194
21075,19.887427721437838,-97.43588583423644
21076,19.991558388520808,-97.30105871658506
21077,20.038483245734355,-97.679094495818
21078,19.958856611257364,-97.69393332856964
21079,18.784275934208253,-97.87989210568122
21080,20.012525079286796,-97.62790814264035
21081,18.004703213865753,-98.68515003160215
21082,18.471745500792572,-97.8401536939538
21083,19.606368358517997,-97.84577403870028
21084,20.02832318890964,-97.64489919422498
21085,18.584555275491,-98.46698605616946
21086,20.44114997093454,-97.85740667838618
21087,18.303281288943783,-98.87733655842501
21088,20.078178714924036,-97.51842848681859
21089,20.21231084056899,-97.79034889146526
21090,19.11805036613859,-98.35150512610834
21091,20.21408791574347,-98.00179800233764
21092,18.521775556978717,-97.76792532360143
21093,19.28194348279906,-97.29826158040134
21094,19.46915799030452,-97.68442140308541
21095,18.758553963190185,-98.10071320245399
21096,19.123715530128003,-97.68836036340929
21097,18.906179492699366,-97.89305426319731
21098,18.703589948384202,-97.87954495990424
21099,18.752081162808675,-97.40973169066834
21100,20.24148132682822,-98.10397746751019
21101,19.958376323715058,-97.59388067508266
21102,19.051567519636386,-98.42882007854556
21103,18.628221740407675,-97.37922486480814
21104,19.19227302827113,-97.82891082537702
21105,19.553321694346288,-97.65912992579504
21106,18.967190108350508,-98.3111706596806
21107,20.117129440535596,-97.66478472446772
21108,19.359947243201287,-97.60495361977264
21109,20.28744011068984,-98.1397385475405
21110,18.84752486497337,-97.54697405634393
21111,20.54384495181047,-97.88620174046416
21112,18.06151590317765,-97.92161410972487
21113,18.115806094716493,-98.28585895253437
21114,19.042040917505208,-98.1936944776181
21115,18.93100828273225,-97.65513963879991
21116,19.24880591962299,-97.11442772313127
21117,19.23707220176758,-97.81236316409678
21118,18.958108136427192,-97.82132298188961
21119,19.03622859842035,-98.28611307772636
21120,18.486011364430997,-97.28896538275342
21121,18.792168041568626,-98.31724866431374
21122,19.24083747440181,-98.49310821255078
21123,20.10662415580662,-97.78407301944299
21124,18.32277430413534,-97.35234754780703
21125,19.016953345768318,-98.3396798655575
21126,19.032740416187593,-98.38326743010589
21127,18.205021687810262,-97.92372967595145
21128,19.248378477112336,-97.74997243419797
21129,18.278510655784448,-97.280524019032
21130,19.060257173443983,-97.54534396763485
21131,18.74605000102145,-98.02425944535239
21132,19.27149069949996,-98.43407675720695
21133,18.64928750935252,-98.34649258273382
21134,19.336531247096346,-98.50045254493526
21135,17.999033009380863,-97.77401056285179
21136,19.168612139831527,-98.30945121877255
21137,19.22717493353014,-97.51822758223028
21138,19.075138603204206,-98.4909823505976
21139,18.132702112933085,-98.09629260089923
21140,19.063086998071604,-98.30831477628433
21141,18.09751808076484,-98.0770143127854
21142,19.12530304991377,-97.62785463547327
21143,19.27610677500931,-98.49568775063723
21144,18.91991840803709,-97.77159098757578
21145,18.380855260203695,-96.83093479124858
21146,18.614263,-98.079899
21147,18.40444457359375,-98.02468928125
21148,18.97513025030419,-98.3787858544238
21149,18.535820886840977,-97.43384940555241
21150,18.757826089335293,-98.16467880107787
21151,18.88879493854569,-97.86004236625911
21152,19.120416606688273,-97.73149203771048
21153,18.89363094870278,-97.95562910174934
21154,18.87102550453905,-97.7366862416578
21155,18.06947543232205,-98.3043339862894
21156,18.46398347361365,-97.39607248093405
21157,18.34063036644401,-98.27971983960708
21158,20.187467949005157,-97.41276958717762
21159,18.733644998962927,-98.26497554420533
21160,18.474840782033986,-98.7926378856218
21161,18.533068944105235,-97.53385411358535
21162,20.001979297427262,-97.78995523707623
21163,19.077548567832537,-97.9668652053524
21164,18.978202460385592,-97.89039952125967
21165,18.74537267704918,-98.63133678688524
21166,18.724049327590063,-98.4452681289998
21167,19.9545345166041,-97.84438037684089
21168,18.63728218075647,-98.64815973005973
21169,18.52457718637176,-97.93123700129578
21170,19.453660019909552,-97.46214198393722
21171,18.809836740414507,-97.87454353471503
21172,19.826459497509337,-97.79895459871071
21173,19.857394518396156,-97.45348553131103
21174,19.8299122013029,-97.3607479396709
21175,18.968162087185164,-98.45301515907835
21176,18.60002487591693,-98.54258087395392
21177,18.663910830751828,-97.64224787070586
21178,20.377256106684126,-97.99484636556926
21179,19.13093906383516,-97.40628290770249
21180,19.339911963576956,-98.56127791727931
21181,19.16974795870881,-98.34417660282449
21182,18.864947373982236,-97.88730963897115
21183,20.162568139613242,-97.92478109097569
21184,20.13894990295031,-97.82978426506212
21185,18.689474521018127,-98.5410771134786
21186,19.83265224389236,-97.49946989505641
21187,20.40065295845937,-98.04934867876588
21188,18.8839892182119,-98.6170604312012
21189,18.852061606468524,-97.82988897396596
21190,18.235082238255032,-97.84754173993288
21191,18.01276872213247,-98.4232560598748
21192,20.08783817084666,-97.54469175778489
21193,18.8438979403698,-98.05065961232667
21194,20.478263084060405,-97.69189033469988
21195,18.51266140770936,-97.16439703302402
21196,18.2347786219126,-97.97391903863203
21197,20.29855354819322,-97.93513884062408
21198,18.0645942154195,-98.58604984958427
21199,19.776805310487624,-97.33533267636795
21200,19.842642981839145,-97.64855290804269
21201,18.65855333895297,-98.35481747737354
21202,19.944859474587965,-97.63851603518589
21203,18.70374747483315,-97.77937643743049
21204,19.882218059179046,-97.46141252530848
21205,18.768465705915748,-97.67346428530337
21206,18.60516040490405,-98.01665694541578
21207,19.858487930597033,-97.58486542112986
21208,19.951715283416224,-97.96958444728749
21209,18.294529246045492,-97.49166181145364
21210,20.001902104243708,-97.68081892850853
21211,19.765693796158203,-97.5600540384776
21212,19.71376875504406,-97.64316653353879
21213,20.269911641106326,-97.85035294981782
21214,18.333305424178096,-97.24542930769648
21215,19.978670046654926,-97.72672359507041
21216,20.028361799514954,-97.57190125101049
21217,18.36334414530208,-97.0006276884072
22001,20.14831983687086,-100.09266434200549
22002,21.16850440992167,-99.58342371710908
22003,21.420250806073884,-99.6180534411876
22004,20.742204933958316,-99.72351597089492
22005,20.697882743273013,-100.08936268216455
22006,20.541800333033944,-100.4401209765585
22007,20.668317429814103,-99.8867851853667
22008,20.43083586930387,-100.32200192678634
22009,21.24432970928795,-99.44119758666085
22010,21.240586386093028,-99.17805438879188
22011,20.64140547782652,-100.28838367277025
22012,20.491060066699383,-100.15484833750017
22013,21.08636727091654,-99.805737798641
22014,20.621044742566156,-100.40201196681832
22015,20.952649647562424,-99.52462351902496
22016,20.387437518865486,-100.00229796605053
22017,20.531366702014125,-99.93071847563554
22018,20.883291349684278,-99.94046061403448
23001,20.502670740915647,-86.95574783169153
23002,19.693729368844483,-88.18923790513088
23003,21.246717724876298,-86.7981531366642
23004,18.48084982936903,-88.37026085089803
23005,21.15952791444412,-86.82573820131941
23006,19.795459053166354,-88.73413568514238
23007,21.05232912586983,-87.45433146043116
23008,20.620464419988146,-87.08863763582885
23009,20.254602696013436,-87.51225041708105
23010,18.871076931920758,-88.46735537783269
23011,20.888658890506147,-86.9695360366808
24001,22.410155181231644,-101.19623453409568
24002,22.080033243902438,-99.56932748767717
24003,21.646231117182033,-99.07507422223821
24004,22.300946605712895,-100.6230446352539
24005,21.997591603284214,-99.63790317693436
24006,23.649329748325947,-100.97309869475636
24007,23.838400012091107,-100.71160859502307
24008,22.43447158695455,-100.27217330124674
24009,22.1696011773399,-100.83597724571429
24010,22.444379852259292,-99.67337657562722
24011,21.956017985340168,-100.048572952848
24012,21.607427035832522,-98.94807137336903
24013,21.991933579604634,-99.0322372394081
24014,21.51777506978961,-98.9125020832009
24015,23.14642274876153,-101.10473802599647
24016,22.20542230439973,-98.44585194192165
24017,22.85372255221042,-100.3506789342418
24018,21.520355603627618,-98.97978413385776
24019,21.608970999094364,-99.62143477866326
24020,23.635496406699037,-100.64136749337231
24021,22.270086465470747,-101.0932875198334
24022,22.70221440762738,-101.08681123991873
24023,21.852144966850826,-99.60744816600584
24024,21.931349021507128,-100.00721737076903
24025,22.648241679134106,-101.72492826514666
24026,21.622975132558146,-98.86955421723046
24027,21.636463782739547,-99.83378833851084
24028,22.155218747742577,-100.9765437751925
24029,21.355991577508256,-98.64634698884618
24030,22.148233059067362,-100.47160653347149
24031,21.548114491030656,-99.44103456800387
24032,21.776633160149164,-100.7115987455811
24033,23.27404812857274,-101.95095472980424
24034,21.756349480595038,-98.5912499641653
24035,22.19036517802035,-100.93498885143451
24036,21.913667847617425,-99.35803852617425
24037,21.23824604562622,-98.80211949734571
24038,21.400135598532565,-98.73888646680972
24039,21.563684993312496,-98.80827087882533
24040,22.03497632132831,-98.74451212488971
24041,21.691879886938505,-98.86011673506324
24042,21.607151003175307,-98.66403618298627
24043,21.6755631212908,-100.55969719028191
24044,24.016472409663862,-100.92933407681198
24045,22.9321334952873,-101.10051672100818
24046,21.962260775196334,-101.31587090935865
24047,23.28319649642438,-100.72911702156047
24048,23.67463332705705,-100.71806689549993
24049,22.928064770490952,-102.03289944240204
24050,21.834443831764087,-100.94635207031484
24051,22.496146169135642,-100.66146420475333
24052,22.31392383529981,-100.203526648646
24053,21.425736477596402,-98.87258802900372
24054,21.383304017209642,-98.98891051654927
24055,22.028885529907086,-100.73025174408392
24056,22.645542882329245,-100.84854047591921
24057,21.329604069225212,-98.82703218975895
24058,22.51384348225806,-99.342105218074
25001,25.833021906342154,-109.034209302067
25002,25.23561010366812,-108.09966223493247
25003,25.590255564396774,-107.44223024383317
25004,23.318116880782846,-106.05215179307052
25005,24.434283105710243,-106.7392158885677
25006,24.777256176581574,-107.38548207091377
25007,26.673539479001516,-108.32338806456403
25008,23.964002728862024,-106.89806771813016
25009,22.757315676373196,-105.75371224257451
25010,26.147979422676936,-108.78761606865669
25011,25.58785818869557,-108.49314778456439
25012,23.20687356521289,-106.40749912634934
25013,25.297147584915855,-107.80969063481146
25014,22.978880061751134,-105.91395114782672
25015,25.45517235880908,-108.08432697148903
25016,23.843743951315453,-106.56589605971902
25017,25.831752122752672,-108.30230191291375
25018,24.723972703357422,-107.65656537889372
26001,29.813619523570324,-110.22162783964453
26002,31.32484653725205,-109.5440400816876
26003,27.041987632390445,-108.90854436027305
26004,30.721598852157943,-111.84394081848794
26005,28.882061923198744,-109.10082012351542
26006,30.346901137931034,-110.17278380281219
26007,30.843099337920492,-111.58248524770642
26008,29.813010985928702,-109.1372778761726
26009,28.94165851108518,-109.38288014702451
26010,30.335922710628395,-108.88830663692782
26011,30.646160678388743,-109.97271580434784
26012,27.48760183379525,-110.1121824516693
26013,30.003313654275093,-110.21602032395114
26014,29.675098749999997,-110.15430078827156
26015,30.500116373688464,-108.9493904067797
26016,30.16941621559725,-111.11996120276409
26017,30.731550459427545,-112.28152470711844
26018,27.49385539681083,-109.93749678237171
26019,30.98408642367956,-110.30205903062927
26020,29.686820575339762,-110.9571098662596
26021,28.731564868588176,-110.2748985974597
26022,30.35310969519231,-110.69548939903845
26023,30.023553389951747,-109.78087664165697
26024,29.615031578608246,-109.46855457474226
26025,27.982795479287425,-110.78073198028575
26026,26.98446543725045,-109.63980630618407
26027,30.744097101827684,-109.58820895778938
26028,29.859612474187387,-109.310536248566
26029,27.89855704900615,-110.79693369678714
26030,29.060745901991865,-110.99572528628931
26031,30.167935785197106,-108.99099178358809
26032,29.90689067610063,-109.30675787421384
26033,26.761596443057783,-109.57595244822676
26034,29.91143761197111,-110.21719186996903
26035,30.785488498587576,-110.86023138473008
26036,30.634307141467072,-110.96990163212575
26037,28.99863392465192,-110.14156307371007
26038,29.79778390610944,-109.67959115610942
26039,31.323201469156956,-109.95043668437289
26040,29.7158790485782,-108.8854442008294
26041,30.374077019774017,-109.6779907175141
26042,27.082164362345658,-109.45316800129181
26043,31.32372908469242,-110.94539605964016
26044,28.458140191542288,-109.52437424626866
26045,30.035974493879106,-110.89466805355778
26046,30.743288204081633,-111.73110425231914
26047,30.37397877129571,-112.23361133291061
26048,31.307361968592637,-113.5394307598636
26049,27.51268278289873,-109.30170837841116
26050,29.72169464394905,-110.57360879554142
26051,27.905641141055952,-109.34114824093778
26052,28.981242834704833,-109.15785893595705
26053,29.8589378131579,-110.24347901842101
26054,28.59624793650794,-109.7414156208113
26055,32.44141722737382,-114.78774734756253
26056,29.386570602830353,-110.88325200055137
26057,29.271363317073174,-109.73665693120702
26058,30.526533746131356,-111.12424437084196
26059,31.18282159442725,-110.58672794478848
26060,31.26922041551882,-111.46002162442609
26061,28.76952104248146,-109.6343295576534
26062,28.395021419742484,-109.88922584721031
26063,29.53089438812043,-109.53326397965824
26064,30.430731442408376,-111.50624963874344
26065,30.75531189578163,-111.43296499627793
26066,29.390287998968716,-110.3795494911195
26067,30.188413694574688,-109.32630508439385
26068,29.064983367218282,-110.00763805752561
26069,28.3856640852998,-108.92501281489363
26070,31.85497790580654,-112.83712990761657
26071,27.11493565322507,-109.85693858711811
26072,27.39259764085769,-110.28917722621344
27001,17.78929931406865,-91.32138325559626
27002,18.074198949975965,-93.48341883613597
27003,18.431661049252003,-92.76099922302811
27004,17.985091063439206,-92.92409495800356
27005,18.263227988832192,-93.27963833625279
27006,18.08889448873505,-93.2257142233918
27007,17.74328667155253,-91.75017450855279
27008,17.868321421618617,-93.56556639377145
27009,17.783280905220288,-92.77055032892581
27010,18.184476601698627,-93.09067703262465
27011,18.026063856740024,-92.10247772761159
27012,17.79802833585703,-92.52252919892832
27013,18.101531214449114,-92.96191018413177
27014,18.379194989595923,-93.19915422841439
27015,17.51039710997437,-92.7569191084533
27016,17.575049995814545,-92.95688403673333
27017,17.455656909344178,-91.38277121171706
28001,24.043179073429368,-98.33303325080034
28002,22.950350772579444,-98.04854920672133
28003,22.36961684381752,-97.90615256457008
28004,22.567836467510826,-99.10040824525159
28005,24.95198793869391,-98.78413531341626
28006,23.342493695141275,-99.85477467097967
28007,26.286908832802354,-98.84715572731562
28008,23.589089755350308,-98.72535254764587
28009,22.246277999999997,-97.837
28010,24.665778247142086,-98.47157077299946
28011,22.951569258476074,-99.08469267501476
28012,22.738219701994627,-98.45039620794998
28013,23.95703820936332,-99.1254159535768
28014,26.621951058924203,-99.26623963520784
28015,26.224730272567374,-98.60448025403606
28016,24.145523976927084,-99.33346910298965
28017,23.46224608731538,-99.39088415992303
28018,24.2130358557869,-98.48092112354563
28019,23.26153088922116,-98.93825309808615
28020,24.56578821411875,-99.56709982421691
28021,22.711329895860896,-98.94250832012122
28022,25.874240157987273,-97.51198675919059
28023,25.22530880988843,-98.41066563312187
28024,26.4297405100825,-99.152769743813
28025,26.385472477624948,-99.03547066439317
28026,23.56457531109325,-99.78259836361201
28027,27.48593367616795,-99.51087191091432
28028,22.520825064099252,-99.21987024476608
28029,22.835455542381734,-99.34444136472167
28030,24.063325747530115,-98.9951945978943
28031,23.25802312967709,-99.5502082168119
28032,26.08970438690136,-98.27908994831186
28033,25.969927196294456,-98.07310710333303
28034,24.441312276310708,-99.0137222174417
28035,24.91408821340354,-98.06689395498321
28036,24.637505186582807,-98.79215234381552
28037,23.75182782239019,-98.08865215705823
28038,22.216121607244034,-97.85845283646144
28039,22.985115594172886,-99.76324881922376
28040,25.689079916234697,-97.8159667846745
28041,23.734922216950157,-99.15114928953619
28042,24.518207404415726,-99.41192384275716
28043,22.983913511851295,-98.9523713525148
29001,19.352276572981502,-98.17387548023144
29002,19.340895543977055,-98.19525213702995
29003,19.54254543232295,-98.1907408754016
29004,19.40832491962751,-97.79751404317942
29005,19.41531225846439,-98.13321237193809
29006,19.58571752530224,-98.58061283357745
29007,19.32524570759559,-97.66258670909511
29008,19.312874521993233,-97.76254732057826
29009,19.351284748651384,-98.09765631928525
29010,19.308145882450127,-98.18297566839163
29011,19.492639760572267,-98.22484876057227
29012,19.449503431019888,-98.43732732955988
29013,19.324788317321424,-97.92056585421162
29014,19.48542995777237,-98.34137341708806
29015,19.33182560294683,-98.37439611080079
29016,19.251152341849632,-97.89551638230208
29017,19.179731431555325,-98.19066438727776
29018,19.329838794158807,-98.15891426588577
29019,19.278619781049418,-98.3908542219579
29020,19.52619486820084,-98.46917410332404
29021,19.49313031927036,-98.53458814672781
29022,19.220384584524552,-98.19566239900558
29023,19.237081399256,-98.33542097760403
29024,19.33554059884417,-98.28230823916414
29025,19.125013827784617,-98.16116459534811
29026,19.35138991200365,-98.13548306747906
29027,19.147718705655727,-98.20242334635537
29028,19.243023471044307,-98.19053301645572
29029,19.245955943182672,-98.2298314180346
29030,19.470739960569553,-97.93143569898847
29031,19.456133313362358,-98.11082237437796
29032,19.239358625469546,-98.28928329056491
29033,19.30767224387461,-98.23275156780967
29034,19.618419740834085,-98.1662361130372
29035,19.3903169288776,-98.03181313049691
29036,19.327929142096625,-98.24615244776187
29037,19.205751007402572,-97.907030197801
29038,19.378839565784357,-98.09834897597251
29039,19.406846078660895,-98.04707508072887
29040,19.42027819442351,-98.2184765184627
29041,19.174150780767263,-98.20387125270705
29042,19.175033,-98.233722
29043,19.410468331981914,-98.16896367909972
29044,19.21604733170763,-98.24037016872977
29045,19.584425235752768,-98.42684602254039
29046,19.564260959638556,-97.92762373132531
29047,19.536385348206725,-97.98457629144312
29048,19.277354,-98.194961
29049,19.27852128515625,-98.28482808033287
29050,19.260089180209306,-98.16348918795204
29051,19.241830083740233,-98.26265891015625
29052,19.33580349410304,-98.0647896516139
29053,19.237926148745288,-98.25032233883759
29054,19.22521463099631,-98.24888185345283
29055,19.485303725185904,-98.25597580310377
29056,19.29983095272819,-98.33419110535579
29057,19.237191625565856,-98.30868161478767
29058,19.199906568938193,-98.21441936291599
29059,19.211840713475176,-98.21373555770471
29060,19.268064,-98.21355800000002
30001,19.582143446964228,-97.02617889289762
30002,19.697448795072464,-96.84218562405796
30003,17.980674731132012,-94.94576329693976
30004,19.528632655943124,-96.56137387574007
30005,18.51937959647794,-95.78054570289717
30006,18.72981905277034,-97.2678684274354
30007,19.012394146816938,-96.57050674733476
30008,19.103229220605247,-97.11637008163069
30009,19.678335504883464,-96.63512957014915
30010,19.75351791403882,-97.21285978171676
30011,18.897839009554254,-95.89552034615384
30012,18.43694073154362,-95.70732263087248
30013,21.339457306421668,-97.69060337850779
30014,18.855498232402162,-96.89256079453222
30015,18.58771132296166,-95.40904968626413
30016,19.34842780113755,-96.35411673019749
30017,19.34136399534884,-96.67686542748415
30018,18.78955802620968,-97.32162005796371
30019,18.562550279884643,-97.10574639913482
30020,18.682920978379315,-97.11730532508862
30021,18.90441310989619,-96.79495880445883
30022,18.926949268910167,-97.07193700070941
30023,19.911166079823424,-97.11649853740077
30024,19.28567685796382,-96.91225267322002
30025,19.390688738502163,-97.18132947359351
30026,19.590657792834055,-96.93891639943813
30027,20.82896932785974,-98.1885250636459
30028,19.139193575757783,-96.11559871859913
30029,19.13280058373972,-97.1376730914186
30030,18.800063495793705,-97.18018978301707
30031,18.806296612638224,-96.6078205498157
30032,18.42412209251411,-95.09411661301145
30033,20.70150510489168,-97.2946673766472
30034,21.189853830040313,-97.74712974981038
30035,21.339136424107142,-97.88620720187501
30036,19.658285229961052,-96.94468847377954
30037,20.269107684698984,-97.71502774905363
30038,19.449400801151235,-96.94106936179857
30039,18.140636595851156,-94.46291030662852
30040,20.472839887047346,-97.47379760817452
30041,18.774658196610172,-96.92296784618644
30042,19.919864033384957,-96.7200108277405
30043,19.142305730362423,-96.7503067501629
30044,18.89832788775151,-96.94242688775641
30045,18.31329203817323,-95.89330992564156
30046,19.328670170957587,-96.97337938544176
30047,19.052609080516163,-97.08437210439209
30048,18.006565062841407,-94.59682846109891
30049,18.854127762841237,-96.37566429135236
30050,20.20632373658477,-97.5596736716783
30051,20.29149227915379,-97.64687222461149
30052,18.764641268152655,-96.81908033459979
30053,18.80673204091862,-96.72129823228695
30054,18.24918331103592,-95.81975552125627
30055,21.194818959183674,-98.37601422493029
30056,21.225973062715678,-98.44492056234056
30057,19.750725002510762,-96.78222667733144
30058,20.979736035846795,-98.07228360317491
30059,18.037233985473563,-94.68497332753765
30060,21.36820949892499,-97.69629348307637
30061,17.75379456595635,-94.02877747720171
30062,19.004611398787468,-97.03717804984845
30063,21.314486148977167,-97.9511562227987
30064,20.21803515740972,-97.59095694919053
30065,19.45774408551061,-96.78313534452404
30066,20.267017831903118,-97.50666328433448
30067,20.20272615798951,-97.69874693602036
30068,18.914166453178165,-96.9909442143868
30069,20.442317541937093,-97.10542334635548
30070,17.619116458152877,-94.6652791146059
30071,19.141025374847846,-96.96077011630622
30072,20.51075718383931,-98.4730567021228
30073,18.18782747542395,-95.13694280913201
30074,18.822344257843536,-97.1411545515824
30075,18.699410416792333,-95.9892597743531
30076,20.780267330822017,-98.42003267492167
30077,18.046386715430394,-95.54093813082143
30078,21.233320416271408,-98.01615098191175
30079,19.360925929076775,-97.081906038606
30080,19.047425566992054,-96.94549100984797
30081,18.881501426645666,-97.12875665280781
30082,18.01838017997362,-94.38842743752747
30083,20.73104406434458,-98.01650971448194
30084,18.435785169980644,-95.85596041984869
30085,18.850814698338283,-97.0385374729668
30086,19.77981648024336,-97.29366794357989
30087,19.527166307707432,-96.91824367774866
30088,19.313580233971198,-96.74524882166108
30089,17.94676322757663,-94.71969452520057
30090,19.0277021541431,-96.25082082332345
30091,17.421112407557494,-94.94676257204213
30092,19.427574366020327,-97.0109411677299
30093,19.6089511852743,-96.92662541614534
30094,17.98825765813737,-95.36827805651093
30095,19.815012207384495,-96.68277202027116
30096,19.73148581630013,-96.8492619767141
30097,18.627790705167012,-95.52141577834028
30098,18.761403394736842,-97.04376619812462
30099,18.82570091765603,-97.27181555293541
30100,19.108533258548167,-96.34351733105657
30101,18.90886575048426,-97.14630205459851
30102,20.084055387442444,-97.04655494654031
30103,20.208086475930408,-97.66175645268004
30104,18.227493580343122,-94.81914064414072
30105,19.072335999947523,-96.15683454481237
30106,19.713488870622168,-96.8735004408735
30107,19.70311351866938,-97.14444227257299
30108,17.929780983192174,-94.518710786143
30109,19.94834962370837,-96.87245119540317
30110,18.591038494074446,-96.98514705950592
30111,17.969886873379377,-94.29091844680723
30112,19.643293688981018,-96.86356203779184
30113,18.803645773022048,-96.96120031128406
30114,20.13993551677852,-96.80089997295983
30115,18.818319610743647,-97.18059975907131
30116,17.92536022168237,-94.89600912486097
30117,18.726114135120394,-96.74519751988421
30118,18.850924024799493,-97.09960705964866
30119,18.17647713335679,-96.03511310133709
30120,17.999503,-94.666589
30121,21.693510318817715,-97.84789694802605
30122,18.231443997844824,-94.68151504901635
30123,22.109319436531866,-98.16210455534741
30124,20.4327339376613,-97.30885282545545
30125,18.964065052225518,-96.71678950460722
30126,19.259130907766117,-96.41457815863035
30127,18.964324221362713,-97.15552026276005
30128,19.54383511818288,-97.250105451499
30129,21.28361859533374,-98.38761678115885
30130,17.7758890087653,-95.69364002279481
30131,20.534001831042033,-97.4421790403937
30132,19.63121591648211,-97.10176626817265
30133,22.2026551490726,-97.84883114667653
30134,19.335091985349997,-96.49176804420333
30135,18.816056606063118,-97.08302861467739
30136,19.592347172686907,-96.9846094198968
30137,18.673809739769315,-97.0406224607363
30138,18.838864503361325,-97.13953342740258
30139,18.582932947838803,-95.51506822115697
30140,18.778999727099237,-97.08631229739186
30141,18.4285884512776,-95.22402647902051
30142,17.792351108983308,-95.13962279772383
30143,18.43337295356993,-95.35624277523033
30144,17.81597268514894,-94.95905639666036
30145,17.973550242205796,-94.87425033201175
30146,19.173748228970776,-96.92310542287167
30147,18.721497719816384,-97.1711850243744
30148,19.057832540832923,-96.42997281888567
30149,18.22206987226944,-94.90400287067389
30150,21.40463831432948,-97.74674825221234
30151,21.26933652801695,-97.50987098584501
30152,21.994193616142063,-97.7708325389665
30153,21.24918253006491,-97.75415931704818
30154,21.417246530374022,-97.7605995973695
30155,21.354647627966187,-98.23220633658876
30156,19.703584893379332,-97.0982826025957
30157,20.74830843405833,-97.6630219156698
30158,20.385497425479688,-97.00054078456002
30159,18.521255389878956,-97.05949635877606
30160,20.93363281040464,-97.69493758487401
30161,21.52952688873662,-98.39110276408279
30162,19.240393945569814,-96.87663813050877
30163,19.817972632991317,-96.92502237430939
30164,19.381145627685246,-96.96125681966922
30165,19.04452489517843,-96.84496785870901
30166,19.65499567256731,-96.77615732033071
30167,21.157715491885654,-97.86768433441976
30168,18.734734152346395,-97.0334042713574
30169,18.107963166550153,-95.70790409712514
30170,20.62105290905709,-98.31854006100056
30171,18.6222430484361,-97.03082630956209
30172,17.82505748773815,-94.79540588827538
30173,18.579750647838342,-96.7636481643116
30174,18.504576390674924,-96.34862450731126
30175,20.623240111081177,-97.51169308214986
30176,18.226037691147102,-95.9513972904371
30177,19.67418979529171,-97.00801535661887
30178,18.570382658283002,-95.64932159062764
30179,19.188052735875377,-96.8397642745873
30180,20.629439764963106,-98.18412329306734
30181,18.76396544307353,-96.14734470362008
30182,19.552519063797387,-96.9690822096635
30183,19.982296191853273,-97.19297615562749
30184,18.607088744664342,-97.11243428534472
30185,18.79969870153015,-97.08988898127812
30186,19.0211658974608,-97.00044898015818
30187,19.704768601174933,-96.91808578524802
30188,19.22656237752145,-96.9107836512868
30189,20.949373595533757,-97.4134684566155
30190,18.238371069757175,-95.89475306887417
30191,19.429386582681083,-96.38730043031971
30192,20.003408596968807,-96.6376038961644
30193,19.18595400027667,-96.17500725762277
30194,19.65384917587779,-97.20476081052549
30195,18.63917209858407,-97.1521180957522
30196,18.826498896263246,-96.79686143954267
30197,19.855245121951224,-96.7737527814634
30198,20.466506506196232,-98.34934230470915
30199,17.954934996644013,-94.64154370568
30200,19.072727596328825,-96.78975867180948
30201,18.65558303415077,-96.94168143798414
30202,20.744804462994367,-98.28720477789838
30203,20.136931339975256,-97.56659066703311
30204,18.135380451073548,-94.14590506056697
30205,21.75552267022799,-98.45554304933034
30206,18.071833861680645,-94.41013840657196
30207,18.27357067892829,-96.15318166190644
30208,18.36300272463027,-95.73968372872181
30209,18.30813403367961,-94.7659191179779
30210,17.282316140587817,-94.42614758801209
30211,20.189697274031047,-96.91056392848937
30212,17.624648789868807,-95.6833938468947
31001,20.675176310004552,-89.64034240245941
31002,20.828636695706397,-89.45403195540113
31003,20.266913671241774,-89.34689821708764
31004,21.105807843115482,-89.39895989118021
31005,21.00692325160698,-89.17949195913683
31006,21.204939749658003,-88.77546175618228
31007,20.9832047487737,-89.22828493079676
31008,21.01344482314953,-88.15187638698458
31009,21.15669403887161,-89.10379512749888
31010,20.44990992252767,-89.08533463798642
31011,20.860444738123515,-90.3989200324228
31012,20.98183071946765,-88.5949077651357
31013,21.072210322545914,-89.5189543751271
31014,20.634503059503178,-88.31060527960717
31015,20.741317088040166,-89.3250219614488
31016,20.175044439525184,-89.01523416361887
31017,20.536337607226354,-88.53631393156216
31018,20.47672637848957,-89.47987578871584
31019,20.73001593233831,-87.88304483173876
31020,21.137344964065257,-89.51500791137565
31021,20.555236467202704,-88.19509224344053
31022,20.304704490751313,-88.51049046471798
31023,20.750217936019435,-89.83085701235066
31024,20.429699092218137,-89.30244713939949
31025,20.387780823412374,-89.46884795324159
31026,21.21449319176214,-89.31050572449534
31027,21.248252615183244,-89.04098743229416
31028,21.39101959170234,-88.88667151629897
31029,21.282654398290607,-88.91995741585083
31030,20.825528288051558,-88.53620494000991
31031,21.116172589958154,-88.89053817119942
31032,21.00141180328741,-88.31508087287882
31033,20.490201051294072,-90.1062364932952
31034,20.808532936830836,-89.22506000336493
31035,20.86418724843945,-89.1832327656055
31036,20.724970802605696,-89.29214436172566
31037,20.72400753215709,-89.16175937848604
31038,21.014886287347846,-89.88041359010299
31039,21.1542115467046,-89.48106926671409
31040,20.928939810697717,-89.0378883120053
31041,20.934359704889708,-89.55774406099796
31042,20.78232276277569,-88.99851597400036
31043,20.61231042402104,-88.41763001431913
31044,20.914474570278472,-89.94722123822093
31045,20.646714566506112,-89.90870282215634
31046,20.47894105424955,-89.36484280801689
31047,20.38872356537631,-89.38466638395084
31048,20.604235158527487,-90.05092805903324
31049,20.469014514414642,-89.21499114189021
31050,20.970213888052108,-89.6246810566753
31051,21.109059750504763,-89.45609086155177
31052,21.10291938912034,-89.28134978633585
31053,20.484126153846155,-89.7106561636001
31054,21.04117675613802,-89.33134573191772
31055,20.554555696068753,-89.86944509102439
31056,20.263914312955265,-89.43149384585215
31057,21.327872809517952,-88.26550345376289
31058,20.118154315749177,-88.91356980855217
31059,21.271206389100822,-89.66908025660005
31060,20.867003639593914,-88.63195803248732
31061,21.596449642839712,-88.09960752793364
31062,20.499660881338944,-89.59533773822409
31063,20.866095598661026,-89.9103119099718
31064,20.771261500875656,-89.21472873555165
31065,21.557411686736483,-88.23468232766143
31066,20.317601182290442,-89.66018234970484
31067,20.84097741761392,-89.37037082138973
31068,21.25021207485308,-89.18335527497682
31069,20.61081015873367,-88.99004401129069
31070,21.160294153827866,-88.31902874869233
31071,20.853745963599597,-88.95007898078866
31072,21.086799093432997,-89.14838125787509
31073,20.2182848918506,-88.94260976366724
31074,20.875021086922267,-89.25618891517861
31075,20.400286100772973,-89.28426440752935
31076,20.708529250957532,-89.47590533261167
31077,21.014123704972373,-88.94443313038674
31078,21.01067487906854,-89.10616905054248
31079,20.17825591266395,-89.28207351195854
31080,20.533627353837826,-89.33277827789306
31081,20.572215084273,-88.29392854154302
31082,21.203290632009022,-89.2711566999155
31083,21.342655908574383,-89.26431035485537
31084,21.15259695842113,-88.93693176092147
31085,20.84675903912632,-88.1223397613354
31086,21.047980813023255,-89.03854877395348
31087,20.964088048554288,-89.9393992589562
31088,21.048648652849742,-89.07368469689118
31089,20.391807873108952,-89.52799719753116
31090,20.821253444753207,-89.52948665793302
31091,20.700679045714736,-88.52665176060533
31092,20.43695834677928,-88.32705862208498
31093,20.995097891023917,-89.38565042667459
31094,20.272622280759403,-89.09627304235121
31095,20.966605603166748,-89.46784307570509
31096,21.1588452474213,-88.02993356319031
31097,20.89335159139497,-88.75423867183324
31098,20.039008024174834,-89.0449292314982
31099,20.733876035087718,-88.31928482882883
31100,21.034666399852185,-89.74876439270757
31101,20.87810169744736,-89.75159316985868
31102,20.686976028834952,-88.18287530312804
31103,20.833443520472898,-89.18360079238752
31104,20.509523194553946,-88.78975791109225
31105,21.063257869996992,-89.42017514685527
31106,21.25275068882979,-89.11684010017731
32001,21.47639028963222,-103.08701897352569
32002,21.46019084217933,-102.6740031735022
32003,21.79796073177083,-103.4551945598958
32004,21.50701089168877,-103.57378008974358
32005,22.96383218284793,-102.70137048090706
32006,23.593586673639667,-102.7485314617896
32007,24.577342634572766,-101.36419930829847
32008,22.4524141831361,-102.35030535887576
32009,23.46389548279735,-103.8865436976008
32010,23.202642356118716,-102.9029074841818
32011,21.21497282033798,-103.46637576489775
32012,22.516019881325082,-102.49831672127169
32013,23.00519538466129,-102.75804073052818
32014,24.078677868731198,-103.00672125602838
32015,22.005490630299256,-103.0647260785536
32016,22.665317008099056,-102.09607033210361
32017,22.752393784168458,-102.50282744150233
32018,21.765885573258085,-102.92324557955286
32019,21.64316776486985,-102.97495130332534
32020,22.662262671003592,-102.99226526159657
32021,23.238161531208203,-103.79458235867142
32022,24.291363830493044,-103.37927904460177
32023,21.405727548597522,-103.12045592180367
32024,22.275855947079716,-101.97842631655479
32025,22.435929246900507,-102.24296695471726
32026,24.519168606761568,-101.8806983537033
32027,24.86096186168292,-101.86743285193212
32028,21.206579483030783,-103.3555284542226
32029,24.21882115443464,-103.47454305514924
32030,21.929622204609792,-103.30245739870603
32031,22.352215494925574,-103.51881436050971
32032,22.849248389815163,-102.61086311052432
32033,21.224391319353433,-103.17108882983835
32034,21.383868764946477,-102.83998421595479
32035,22.377202197440138,-101.91239963990446
32036,22.573629155448142,-102.23182678878297
32037,22.958564279130485,-102.51950490164027
32038,22.253387221869918,-101.55382237468639
32039,23.815517487719944,-103.05812229555688
32040,23.59955810341997,-103.22493907241221
32041,24.44975961159306,-100.91956079022081
32042,23.711565626823617,-103.61933716046272
32043,22.608564089519653,-103.13421426419212
32044,21.90820763709581,-102.91461606298833
32045,21.65020763286755,-103.33050508539353
32046,22.457556188015893,-103.11903868205441
32047,21.407986404687215,-103.48808440874697
32048,21.782633276143134,-103.29159156051027
32049,22.759334987962166,-103.65610303728045
32050,22.85747306010876,-102.47446999048358
32051,23.345963933188173,-102.29114502031287
32052,22.128292633309506,-101.91900690518737
32053,22.524198770351912,-101.94566514182146
32054,22.383197920229673,-101.74012603547628
32055,22.378762868452604,-102.86483133592074
32056,22.773371429647053,-102.58013714887659
32057,22.74253697755331,-102.35366620724152
32058,21.517988793803415,-103.3942110997151
