rama,ubicuidad,pci_raw,pci,anio,especificacion
1125,268.0,-0.001975435082502108,-0.43183933694243065,2003,base
1141,313.0,-0.002644800431321597,-0.7914244860720112,2003,base
2111,15.0,0.007490046478542402,4.653046823827988,2003,base
2122,68.0,0.0012389724699377218,1.2949504067241933,2003,base
2123,442.0,-0.0019905070024926626,-0.4399360192804558,2003,base
2131,52.0,0.004324684715314815,2.9526046308064124,2003,base
2211,45.0,0.008628062285511703,5.264392457991119,2003,base
2212,13.0,0.012704372606643942,7.454199052114753,2003,base
2213,1639.0,-0.005029716194526913,-2.0726086583422405,2003,base
2361,118.0,0.00742026656877252,4.615560839073766,2003,base
2362,137.0,0.006015220925502693,3.860765945582354,2003,base
2371,159.0,0.004971255407475628,3.2999444194188654,2003,base
2372,157.0,0.005546119692700753,3.6087633030024127,2003,base
2373,199.0,0.0042981052503967675,2.938326059510189,2003,base
2379,54.0,0.010237091835609412,6.128768141235241,2003,base
2381,98.0,0.008461091174783159,5.174695057524327,2003,base
2382,150.0,0.005868547128148239,3.7819723250459463,2003,base
2383,133.0,0.007573187124659603,4.69771023774015,2003,base
2389,97.0,0.008024722619483506,4.9402765111959,2003,base
3111,187.0,0.002409618493403407,1.9238250947675049,2003,base
3112,238.0,0.0033762713159446052,2.443114000240477,2003,base
3113,258.0,2.976224098045649e-05,0.6453589074398901,2003,base
3114,196.0,0.0017773700071886678,1.5841792397745114,2003,base
3115,868.0,-0.002622686392517793,-0.7795447555852936,2003,base
3116,491.0,-0.002398832916475937,-0.6592899713965873,2003,base
3117,57.0,0.004792015572495895,3.203656222091624,2003,base
3118,1353.0,-0.00427780609838909,-1.6686802139902912,2003,base
3119,352.0,-1.412427185892252e-05,0.6217829361232436,2003,base
3121,654.0,-0.0019233415317368092,-0.4038545193033556,2003,base
3122,29.0,0.0063486976559369345,4.039910683289383,2003,base
3131,104.0,-0.004388767877232969,-1.728289227010802,2003,base
3132,109.0,0.0041233934795943655,2.8444703523549375,2003,base
3133,65.0,0.00577098738307652,3.7295629262885592,2003,base
3141,104.0,-0.004532461261915379,-1.8054817605817215,2003,base
3149,179.0,-0.0057941204243893525,-2.4832489902254684,2003,base
3151,163.0,-0.001819621088693585,-0.3481355744173367,2003,base
3152,670.0,-0.0035225999316697443,-1.2629811102612338,2003,base
3159,93.0,-0.0017683783218827578,-0.32060780056710614,2003,base
3161,71.0,0.0002009386755265291,0.73731542095269,2003,base
3162,193.0,-0.0028601899674915677,-0.9071324154131767,2003,base
3169,262.0,-0.0013263672444762307,-0.08315807379761533,2003,base
3211,187.0,-0.0012596800571511712,-0.04733350916844074,2003,base
3212,61.0,0.0066830657307249365,4.219534253958021,2003,base
3219,742.0,-0.0032700219287605126,-1.127295420819517,2003,base
3221,62.0,0.008489987787114895,5.190218407624497,2003,base
3222,237.0,0.0023976859802342034,1.917414911546927,2003,base
3231,137.0,0.005955122788247717,3.828481039162634,2003,base
3241,118.0,0.008184153641781685,5.025923352685497,2003,base
3251,127.0,0.0059619764970398285,3.8321628728614483,2003,base
3252,58.0,0.008765195388013255,5.33806078755223,2003,base
3253,75.0,0.007487060048646826,4.651442504391286,2003,base
3254,83.0,0.006903835882022507,4.338132666495664,2003,base
3255,88.0,0.008444802555110001,5.165944760329205,2003,base
3256,121.0,0.006940496650999741,4.357826945715723,2003,base
3259,150.0,0.001787054065004598,1.5893815457798375,2003,base
3261,155.0,0.004794910808110696,3.2052115516768045,2003,base
3262,102.0,0.0064387101785118835,4.088265690626896,2003,base
3271,259.0,-0.0019763573063819695,-0.43233475848158825,2003,base
3272,160.0,0.005195107700787027,3.4201985682410885,2003,base
3273,703.0,-0.0018105437127431448,-0.3432591797987612,2003,base
3274,148.0,0.0026745086360040566,2.0661249039793153,2003,base
3279,292.0,-0.0002769106788666439,0.48061326022091244,2003,base
3311,16.0,0.009696164054848634,5.838180053494757,2003,base
3312,83.0,0.009002979074710846,5.465798924270139,2003,base
3313,45.0,0.010705224191763937,6.380250300264065,2003,base
3314,32.0,0.00943449554856709,5.69761091734257,2003,base
3315,159.0,0.005009944174565592,3.3207281455382702,2003,base
3321,107.0,0.007338816395442799,4.571805552405503,2003,base
3322,135.0,0.0035779184170015204,2.5514394506585147,2003,base
3323,1277.0,-0.003143270160502699,-1.059203976331381,2003,base
3324,109.0,0.00676694633155805,4.26459517384706,2003,base
3325,64.0,0.008802352997463835,5.358021971021243,2003,base
3326,88.0,0.007694530988818395,4.762896539311409,2003,base
3327,223.0,0.0033746165937377495,2.44222507831978,2003,base
3328,70.0,0.009002309282343206,5.46543910972517,2003,base
3329,162.0,0.004671741147515018,3.139044426575919,2003,base
3331,145.0,0.004389858196614894,2.9876160278467796,2003,base
3332,83.0,0.0080031958548627,4.928712266228482,2003,base
3333,43.0,0.01002009398000489,6.012196217687114,2003,base
3334,76.0,0.008918291094810755,5.420304277832937,2003,base
3335,88.0,0.008552097139549505,5.223583745099657,2003,base
3336,30.0,0.011069205909007207,6.575782411847357,2003,base
3339,112.0,0.0073038191498666786,4.553004923135093,2003,base
3341,32.0,0.011946898178785045,7.0472814314404,2003,base
3342,47.0,0.010963444644990853,6.518967131581469,2003,base
3343,31.0,0.011354644114349402,6.729120704330335,2003,base
3344,56.0,0.007805555701642922,4.8225393606622395,2003,base
3345,49.0,0.010733230239176139,6.39529523611712,2003,base
3346,21.0,0.013651846069118736,7.963184745654435,2003,base
3351,67.0,0.01007345526351653,6.040862065303993,2003,base
3352,60.0,0.009947262654548237,5.973071002926859,2003,base
3353,75.0,0.008763288936860288,5.3370366360580475,2003,base
3359,80.0,0.008769705243964655,5.340483496208567,2003,base
3361,25.0,0.010583785791155789,6.3150132134179175,2003,base
3362,158.0,0.004177921766413302,2.8737631177813947,2003,base
3363,169.0,0.004692546253367629,3.150220994206529,2003,base
3364,10.0,0.011331428189543722,6.716649037253223,2003,base
3366,30.0,0.007656807196584442,4.742631200688633,2003,base
3369,45.0,0.010698742037270935,6.376768066691386,2003,base
3371,753.0,-0.0036825492016748286,-1.3489063560322936,2003,base
3372,176.0,0.004013119226122608,2.7852306801046067,2003,base
3379,89.0,0.007694016850268844,4.7626203424820694,2003,base
3391,189.0,0.004049349402347274,2.804693643557546,2003,base
3399,238.0,-0.002771788475255311,-0.8596428585887702,2003,base
4311,318.0,-0.00010234416134593053,0.5743909368610653,2003,base
4312,655.0,-0.0013864503077314027,-0.1154348824177152,2003,base
4321,127.0,0.0019447017050007523,1.6740703487450934,2003,base
4331,144.0,0.005574830791976516,3.6241869949114083,2003,base
4332,70.0,0.005661734926463429,3.6708721664915718,2003,base
4333,85.0,0.006205237997649295,3.9628437082653285,2003,base
4334,106.0,0.006651411241597514,4.202529363857899,2003,base
4335,173.0,0.004244333321724626,2.9094396120347445,2003,base
4341,1189.0,-0.0031823563696744624,-1.0802012095743716,2003,base
4342,728.0,-0.0020883670643922878,-0.4925067491726843,2003,base
4343,225.0,0.004102018090375794,2.832987426724834,2003,base
4351,318.0,0.001592699012837367,1.4849734067255884,2003,base
4352,114.0,0.006266193517853478,3.9955892034744074,2003,base
4353,89.0,0.007783478034550376,4.810679169172035,2003,base
4354,93.0,0.009124236918610924,5.5309390154906355,2003,base
4361,103.0,0.007726906207675078,4.780288607665731,2003,base
4373,65.0,0.010084757039354552,6.046933414466766,2003,base
4611,1561.0,-0.004349016828096747,-1.7069348396692485,2003,base
4612,1260.0,-0.0038643909649696603,-1.4465923173502453,2003,base
4621,486.0,-0.0011348055584993256,0.019749460243402375,2003,base
4622,191.0,0.004720724725126066,3.1653585569551406,2003,base
4631,849.0,-0.0029578601872314488,-0.9596011615062093,2003,base
4632,727.0,-0.0022961877737479467,-0.6041486811873371,2003,base
4633,917.0,-0.0033745444646118205,-1.1834452524589645,2003,base
4641,1030.0,-0.0036898007450883222,-1.352801907728179,2003,base
4651,266.0,-0.00010926400365430627,0.5706735760314395,2003,base
4652,583.0,-0.001855256838848448,-0.36727921033512084,2003,base
4653,567.0,-0.0026483155579864605,-0.7933128230590146,2003,base
4659,576.0,-0.00198644270765653,-0.43775266744227825,2003,base
4661,765.0,-0.0021398641060814162,-0.5201711202790996,2003,base
4662,222.0,0.004003136624206608,2.7798679952793512,2003,base
4663,372.0,-0.0004705115674469117,0.3766102601933019,2003,base
4664,188.0,0.0011461974835714408,1.2451113952383885,2003,base
4671,504.0,-0.0017075026774747784,-0.28790521488440185,2003,base
4681,163.0,0.005592157320432604,3.6334948599357455,2003,base
4682,457.0,-4.906605065955925e-05,0.6030121037772924,2003,base
4683,217.0,0.003981893311086881,2.7684560213407012,2003,base
4684,946.0,-0.0025237029313587666,-0.7263705321137571,2003,base
4691,177.0,0.0033454110806249446,2.426535785758408,2003,base
4812,58.0,0.009651536839139881,5.814206174290865,2003,base
4831,15.0,0.00941378628527931,5.6864858366361455,2003,base
4832,100.0,-0.0018665412174123618,-0.3733412136280846,2003,base
4841,503.0,-0.0006614560716371452,0.27403427812937975,2003,base
4842,493.0,-0.0010698363824501033,0.05465110386700395,2003,base
4851,320.0,-0.0007236238208858115,0.2406375697039179,2003,base
4852,299.0,0.00017813020624007087,0.7250626402489188,2003,base
4854,120.0,0.0031331498295129575,2.312508380888787,2003,base
4855,52.0,0.006851783496071594,4.310169962723022,2003,base
4859,211.0,-0.003356363143956785,-1.1736781904043725,2003,base
4871,199.0,0.0032196327003987954,2.3589672483510533,2003,base
4872,90.0,0.0006498243077631081,0.9784581799774706,2003,base
4881,66.0,0.007565963303711535,4.693829578638991,2003,base
4882,23.0,0.009093277234687912,5.514307376909262,2003,base
4883,49.0,0.006416880259747244,4.076538590309687,2003,base
4884,403.0,0.0011041211257134035,1.222507844812757,2003,base
4885,59.0,0.007005942417228217,4.392984615067252,2003,base
4889,123.0,0.004779085405115288,3.196710095922969,2003,base
4911,32.0,0.010716234958110657,6.386165318222194,2003,base
4921,269.0,0.003867775220056908,2.707151427588176,2003,base
4922,122.0,0.007436329771538823,4.6241900416048,2003,base
4931,159.0,0.004740109368096272,3.175772047503402,2003,base
5121,184.0,0.00405118000004959,2.8056770463419065,2003,base
5122,86.0,0.006198038115887158,3.958975909369375,2003,base
5131,200.0,0.003968618716291568,2.7613248676926583,2003,base
5132,25.0,0.012018570660689391,7.085784111836859,2003,base
5161,290.0,0.002588842185091866,2.020104619868419,2003,base
5162,92.0,0.005503561126600428,3.5859007088079027,2003,base
5173,487.0,0.00045594525790788296,0.874305750847033,2003,base
5179,50.0,0.010723233249556425,6.38992482217264,2003,base
5182,81.0,0.006776239934690371,4.26958772638086,2003,base
5192,182.0,0.0008920740380889096,1.108595489235311,2003,base
5221,11.0,0.013832167542494065,8.060054002494946,2003,base
5223,560.0,-0.0019802982988425854,-0.4344518718997961,2003,base
5224,160.0,0.005192206011349265,3.4186397716421224,2003,base
5225,45.0,0.009279566250620274,5.614382416188455,2003,base
5231,416.0,-0.0003603826356377459,0.4357718651941003,2003,base
5239,12.0,0.01174270182589633,6.937586515002462,2003,base
5241,71.0,0.004674702610789121,3.1406353338658444,2003,base
5242,133.0,0.0070812502397399075,4.433440211754843,2003,base
5311,454.0,0.00011037860743867666,0.6886662704611293,2003,base
5312,138.0,0.006156434254744222,3.9366261856499847,2003,base
5313,112.0,0.007239750436837273,4.518587011048892,2003,base
5321,112.0,0.007126287903404636,4.4576345848784165,2003,base
5322,800.0,-0.001985423609647,-0.43720520481909236,2003,base
5323,201.0,0.002649691280144107,2.0527929431545724,2003,base
5324,472.0,-0.0004534266035356722,0.38578835599215283,2003,base
5331,10.0,0.01360415086870092,7.937562735514154,2003,base
5411,280.0,0.002701577669283032,2.0806664729230624,2003,base
5412,333.0,0.002327884077950155,1.8799171123456322,2003,base
5413,242.0,0.002877182748854364,2.1750020683298663,2003,base
5414,196.0,0.0035489898263327572,2.5358989216961456,2003,base
5415,147.0,0.0031858397719991974,2.3408135820169274,2003,base
5416,148.0,0.00350349668063948,2.5114598622089144,2003,base
5417,83.0,0.007266989040560673,4.533219673763259,2003,base
5418,216.0,0.002741881037358967,2.1023175677184067,2003,base
5419,590.0,-0.0015891652277261936,-0.22433396849331566,2003,base
5511,51.0,0.010299893781535022,6.1625055420898205,2003,base
5611,141.0,0.005543358108439244,3.607279771340279,2003,base
5612,90.0,0.008479324570977283,5.18449009472063,2003,base
5613,140.0,0.005739554634432704,3.7126771558665124,2003,base
5614,797.0,-0.0033907379556840714,-1.1921444462735433,2003,base
5615,241.0,0.0013597232032254256,1.3598180765450794,2003,base
5616,140.0,0.0076125717117301725,4.718867760519234,2003,base
5617,173.0,0.00630180847005254,4.014721666665591,2003,base
5619,129.0,0.005502926647768244,3.5855598648041123,2003,base
5621,125.0,0.0073425270067567295,4.573798904354532,2003,base
6111,198.0,0.003442331193486621,2.478601572101376,2003,base
6112,86.0,0.008280567847996276,5.077717364402758,2003,base
6113,158.0,0.005185841074302118,3.4152205076462567,2003,base
6114,505.0,-0.00017436196157696656,0.5357027503845272,2003,base
6115,230.0,0.004153504104595291,2.8606458738402343,2003,base
6116,222.0,0.004311111992993746,2.9453133221234586,2003,base
6117,128.0,0.006364992390812666,4.048664265590365,2003,base
6211,469.0,-0.0009170071814107188,0.13675142642481491,2003,base
6212,445.0,-0.000529392456196335,0.3449792634600764,2003,base
6213,246.0,0.003174284081672895,2.334605829200611,2003,base
6214,138.0,0.006132623418411432,3.923834930248541,2003,base
6215,616.0,-0.0007356907492541036,0.23415517821995355,2003,base
6216,34.0,0.008425593053978886,5.155625356522122,2003,base
6219,113.0,0.005326573083847705,3.490822181274872,2003,base
6221,364.0,0.0016142853175676718,1.4965696368251786,2003,base
6222,27.0,0.010286896239900242,6.155523222262087,2003,base
6223,200.0,0.004124193587851535,2.844900173001437,2003,base
6231,29.0,0.011031237713631476,6.555385779095989,2003,base
6232,72.0,0.008414877012431108,5.149868665643467,2003,base
6233,121.0,0.004398212536251379,2.992104005106676,2003,base
6239,108.0,0.0077214767927989425,4.777371909092427,2003,base
6241,688.0,-0.002350395693390196,-0.6332693443691702,2003,base
6242,82.0,0.007290454739615434,4.545825520344528,2003,base
6243,58.0,0.009641205717530646,5.808656263601456,2003,base
6244,208.0,0.004685991816115555,3.1466999301106595,2003,base
7111,468.0,-0.0019552936768634276,-0.42101931113285246,2003,base
7112,116.0,0.005605246413152577,3.640526361291445,2003,base
7113,179.0,0.003466636456202742,2.4916584348951014,2003,base
7114,25.0,0.009553166571202526,5.761361360126889,2003,base
7115,140.0,0.005071898056851393,3.3540099639655105,2003,base
7121,97.0,0.0051936139246317355,3.4193961070403196,2003,base
7131,909.0,-0.0026806245547706057,-0.8106693167098191,2003,base
7132,141.0,0.005835724491263546,3.7643399023341586,2003,base
7139,745.0,-0.0021198515804869383,-0.5094203292304722,2003,base
7211,721.0,-0.0021668017770956134,-0.5346421210052753,2003,base
7212,31.0,0.005134978131562804,3.3878967764696406,2003,base
7213,353.0,-0.0008278027432050738,0.18467232832355893,2003,base
7223,249.0,0.003511494053095448,2.5157560755881936,2003,base
7224,1005.0,-0.0034966504831041765,-1.2490409857108122,2003,base
7225,809.0,-0.0027377359483717967,-0.8413497351409509,2003,base
8111,602.0,-0.0001330187125123608,0.5579124724841497,2003,base
8112,582.0,-0.0008230840560971366,0.18720722172728216,2003,base
8113,390.0,0.0009803367583964989,1.1560104973476382,2003,base
8114,541.0,-0.0005964490300302938,0.3089562632484157,2003,base
8121,419.0,0.0006577499285298724,0.9827158481259454,2003,base
8122,175.0,0.003491197710357646,2.504852817086645,2003,base
8123,1076.0,-0.003445055286943329,-1.2213238857166333,2003,base
8124,170.0,0.00436586767463661,2.974728244757213,2003,base
8129,447.0,-0.0004716917388103076,0.37597626846299553,2003,base
8131,731.0,-0.0021623663438581297,-0.532259392462533,2003,base
8132,571.0,-0.0015064476238726028,-0.1798978142021018,2003,base
1125,366.0,-0.002748553871558004,-0.9782746642139164,2008,base
1141,330.0,-0.0025295594321837964,-0.8523182819786945,2008,base
1151,111.0,0.004391634639613825,3.1284611776397044,2008,base
1152,42.0,0.0008636161965069256,1.0992934927307976,2008,base
1153,12.0,0.0015657998544333182,1.5031599720342883,2008,base
2111,15.0,0.00605067112741745,4.0826691228145195,2008,base
2122,75.0,0.0013662772595655329,1.3884029750276785,2008,base
2123,396.0,-0.0017525882946229873,-0.40543719281497353,2008,base
2131,53.0,0.005116590863392328,3.5454254781351016,2008,base
2211,49.0,0.009315339525896365,5.96036894864165,2008,base
2213,1699.0,-0.004657185999327727,-2.0760395139459953,2008,base
2361,162.0,0.005784307564362147,3.9294680147973415,2008,base
2362,166.0,0.005275788035540659,3.6369889896250793,2008,base
2371,180.0,0.003992227312702888,2.898738897568573,2008,base
2372,201.0,0.004514556009805013,3.1991603749933977,2008,base
2373,230.0,0.0032782623498918296,2.4880963076682874,2008,base
2379,71.0,0.009372486688204448,5.99323759060308,2008,base
2381,125.0,0.0072661566782228635,4.781765241766785,2008,base
2382,203.0,0.0049254435018306324,3.4354855627431,2008,base
2383,158.0,0.006884649982269554,4.562338651036413,2008,base
2389,113.0,0.007625943729087238,4.988699607002059,2008,base
3111,191.0,0.002881475886833619,2.2598814381513406,2008,base
3112,275.0,0.0016884514783056922,1.57370402266126,2008,base
3113,365.0,-0.0011049969335085138,-0.03296990439500558,2008,base
3114,295.0,0.0007239606412072617,1.0189694965833944,2008,base
3115,899.0,-0.0025547698474954,-0.8668182515503924,2008,base
3116,649.0,-0.0022534107020390735,-0.6934891577905468,2008,base
3117,51.0,0.004675179288336794,3.291544122838487,2008,base
3118,1443.0,-0.0039369395241495905,-1.6617840625731366,2008,base
3119,397.0,-0.0020094570325433444,-0.5531772771304938,2008,base
3121,738.0,-0.0021767320845636614,-0.649386845057857,2008,base
3122,23.0,0.00869074210740368,5.601126808011921,2008,base
3131,121.0,-0.005011561037023462,-2.2798611170432026,2008,base
3132,171.0,0.0013594665940092473,1.3844857669171207,2008,base
3133,140.0,0.002349606570199901,1.9539725980157727,2008,base
3141,182.0,-0.0009032558332790391,0.08306308350035131,2008,base
3149,302.0,-0.005766691992929108,-2.7141806531533152,2008,base
3151,215.0,-0.00033987320175101263,0.407097055706254,2008,base
3152,709.0,-0.003607452985476827,-1.4722772763505334,2008,base
3159,212.0,-0.002971496904967809,-1.1065021115093319,2008,base
3161,63.0,0.0006305912205590407,0.9652673365200842,2008,base
3162,147.0,-0.002570865099368026,-0.8760755628448426,2008,base
3169,303.0,-0.0019588038590728487,-0.5240437041625758,2008,base
3211,160.0,-0.0006684957757660723,0.2180871855833218,2008,base
3212,44.0,0.005869060641503308,3.9782144168087727,2008,base
3219,793.0,-0.0030307752270938696,-1.1405965068798658,2008,base
3221,50.0,0.0057401686254661514,3.9040811553184978,2008,base
3222,363.0,0.0009605341415192602,1.1550366146215152,2008,base
3231,141.0,0.0060796474226126294,4.099335067958122,2008,base
3241,82.0,0.009103727387139753,5.838658554939389,2008,base
3251,119.0,0.0062779914328340465,4.213414192692547,2008,base
3252,51.0,0.009568971339243507,6.106247290211666,2008,base
3253,100.0,0.006363172155305445,4.262406558294792,2008,base
3254,114.0,0.005129758236754171,3.5529987969688466,2008,base
3255,92.0,0.008362823749969306,5.4125219736198815,2008,base
3256,183.0,0.004720134214641524,3.3174003039231543,2008,base
3259,198.0,0.002051737299725541,1.7826507334277628,2008,base
3261,190.0,0.003675777672544047,2.7167303865399597,2008,base
3262,107.0,0.005819248022698768,3.949564295498794,2008,base
3271,280.0,-0.0019065947072052065,-0.49401519792465903,2008,base
3272,148.0,0.005506838039105774,3.769879224864196,2008,base
3273,776.0,-0.0018605501935679677,-0.4675323320761028,2008,base
3274,150.0,0.0018763583043161424,1.6817801184252108,2008,base
3279,350.0,-0.0001483382113928364,0.5172599188634787,2008,base
3311,20.0,0.009599774805953637,6.123964147489861,2008,base
3312,89.0,0.008315908146506961,5.385538093575322,2008,base
3313,61.0,0.009811974688705679,6.246012586795271,2008,base
3314,52.0,0.009666263082471814,6.162205405099943,2008,base
3315,109.0,0.007526485917542931,4.931495660806205,2008,base
3321,99.0,0.007252965531741188,4.77417824963532,2008,base
3322,160.0,0.0037536480645861646,2.7615181578317394,2008,base
3323,1314.0,-0.0027297728427832573,-0.9674726071119985,2008,base
3324,114.0,0.007582614363686841,4.963778380116218,2008,base
3325,89.0,0.0065801216729378656,4.387186787631859,2008,base
3326,137.0,0.005576732094004028,3.8100793428210307,2008,base
3327,293.0,0.0028405665748544983,2.2363521241132926,2008,base
3328,109.0,0.007552470055547612,4.946440643098553,2008,base
3329,150.0,0.005972667963544239,4.0378049867549635,2008,base
3331,128.0,0.005338301529469734,3.6729441196214854,2008,base
3332,124.0,0.006081356044862996,4.100317795546448,2008,base
3333,62.0,0.009902671403075537,6.298177518723648,2008,base
3334,77.0,0.009973731862962559,6.339048503726359,2008,base
3335,63.0,0.00908858381229927,5.829948608209846,2008,base
3336,25.0,0.011084235523243901,6.977763458807925,2008,base
3339,101.0,0.0077977819805044955,5.087533735119622,2008,base
3341,26.0,0.011708713494151602,7.33693689821531,2008,base
3342,42.0,0.01067286340710185,6.7411595356683005,2008,base
3343,28.0,0.01220910529546128,7.62474119668626,2008,base
3344,52.0,0.007886205020254508,5.138390945124492,2008,base
3345,60.0,0.010076642899630941,6.398238599638687,2008,base
3346,20.0,0.012052308750556007,7.534558424924172,2008,base
3351,95.0,0.00759213044885724,4.969251631695258,2008,base
3352,85.0,0.008069544068816872,5.243839847595952,2008,base
3353,81.0,0.009424643064685866,6.023235742660595,2008,base
3359,76.0,0.008854812209474861,5.695493023651475,2008,base
3361,26.0,0.009848288088782225,6.2668985257870204,2008,base
3362,191.0,0.0034915869270542243,2.6107916238508144,2008,base
3363,175.0,0.004391171392684775,3.1281947375080206,2008,base
3364,18.0,0.01072416872916041,6.770668197049728,2008,base
3365,12.0,0.010855872871944332,6.846418875458998,2008,base
3366,26.0,0.007363991381329201,4.838035644319219,2008,base
3369,58.0,0.008890230490676202,5.715864127949185,2008,base
3371,822.0,-0.0037817856930164994,-1.572546110617356,2008,base
3372,151.0,0.005424044840291877,3.7222600623590676,2008,base
3379,140.0,0.005957907878408376,4.029315607159253,2008,base
3391,222.0,0.003317306999323496,2.5105531463081565,2008,base
3399,296.0,-0.0028220677897851485,-1.0205567751674496,2008,base
4311,397.0,-0.00010031644017557518,0.5448800200328882,2008,base
4312,602.0,-5.122599000179215e-05,0.5731147803485255,2008,base
4321,250.0,0.0001619168174478477,0.6957055502444712,2008,base
4331,257.0,0.002503293907953585,2.0423670847165916,2008,base
4332,132.0,0.005597218910940101,3.821862497462569,2008,base
4333,141.0,0.004525957582128379,3.205718079407026,2008,base
4334,281.0,0.002260522638955255,1.902735271045596,2008,base
4335,114.0,0.007358788159676794,4.835042970271522,2008,base
4341,1318.0,-0.0031081534169860037,-1.185101184215847,2008,base
4342,779.0,-0.002464352686626596,-0.8148141070270957,2008,base
4343,314.0,0.002566659980314736,2.0788125819350287,2008,base
4351,399.0,0.000747811817713798,1.0326876892160555,2008,base
4352,141.0,0.006682535578453329,4.446090954633402,2008,base
4353,106.0,0.007830111623137433,5.1061283845392085,2008,base
4354,132.0,0.007125021444285067,4.700590196758678,2008,base
4361,175.0,0.006301332460087766,4.226838968951402,2008,base
4373,48.0,0.012011309171643544,7.510977193146149,2008,base
4611,1661.0,-0.003988033411809892,-1.6911711157897142,2008,base
4612,1308.0,-0.0036200276787789407,-1.4795097105647432,2008,base
4621,458.0,-0.0006964401119224074,0.20201477983514454,2008,base
4622,212.0,0.0060441588886096,4.078923557206403,2008,base
4631,918.0,-0.0030052570541974537,-1.125919528101454,2008,base
4632,816.0,-0.0022840234777144245,-0.7110963376133042,2008,base
4633,1030.0,-0.0032833673469755235,-1.2858768605378579,2008,base
4641,965.0,-0.00339640963823405,-1.350894027581877,2008,base
4651,272.0,-0.0007649376455479734,0.1626178821231934,2008,base
4652,673.0,-0.0024631447688836035,-0.8141193635926057,2008,base
4653,684.0,-0.002687276958057023,-0.9430307632218203,2008,base
4659,691.0,-0.0017145405593422575,-0.3835537372263356,2008,base
4661,840.0,-0.0024869057632757206,-0.8277856872695664,2008,base
4662,396.0,0.0006884086755728148,0.9985215026276479,2008,base
4663,494.0,-0.0016041523711098173,-0.32006309850970516,2008,base
4664,373.0,-7.573822512475442e-05,0.5590163746291377,2008,base
4671,595.0,-0.0016796376524594978,-0.363479054540292,2008,base
4681,228.0,0.004524526149278877,3.2048947794928764,2008,base
4682,488.0,7.431111992310701e-05,0.6453184410788626,2008,base
4683,342.0,0.0022354989463628364,1.888342696521265,2008,base
4684,1020.0,-0.002453748298959224,-0.8087149096674788,2008,base
4691,209.0,0.005155503849817508,3.5678065897564277,2008,base
4811,12.0,0.00991874205993802,6.307420684003672,2008,base
4812,50.0,0.009273400213484669,5.936247221716047,2008,base
4831,16.0,0.009472933254703863,6.051010227024213,2008,base
4832,94.0,-0.0008597593966837654,0.10808040270407193,2008,base
4841,247.0,0.0036627173593841763,2.7092186442273367,2008,base
4842,306.0,0.001956894287794032,1.7281010256939882,2008,base
4851,322.0,0.002156998796050473,1.8431927147841902,2008,base
4852,281.0,0.0003652980378948993,0.8126818662427112,2008,base
4853,15.0,0.011750556253591274,7.3610030919361185,2008,base
4854,113.0,0.006327949522002566,4.242147982431834,2008,base
4855,71.0,0.007376281001235525,4.845104116317275,2008,base
4859,159.0,-0.0024679260524297663,-0.8168693566044666,2008,base
4862,17.0,0.011270344743644073,7.0848056475009775,2008,base
4869,10.0,0.007275826748855776,4.787327059301337,2008,base
4871,157.0,0.003996099702819769,2.9009661333427754,2008,base
4872,93.0,0.0007993396612431965,1.062324335579735,2008,base
4881,66.0,0.007943073457347757,5.171099276076206,2008,base
4882,24.0,0.010894756126253721,6.868782886418993,2008,base
4883,51.0,0.007098799566724926,4.685508476682459,2008,base
4884,420.0,0.0012001451305459195,1.292850768295209,2008,base
4885,66.0,0.008416217849231758,5.443232011715026,2008,base
4889,103.0,0.006275351634348966,4.211895891734947,2008,base
4911,32.0,0.010445599806023475,6.610447079738462,2008,base
4921,261.0,0.003678337487817455,2.7182026845213616,2008,base
4922,80.0,0.007994352261739545,5.2005926856120555,2008,base
4931,150.0,0.005628614242741226,3.8399197706245913,2008,base
5121,134.0,0.006139917135987551,4.133999669839119,2008,base
5122,68.0,0.007867134600361253,5.127422442434081,2008,base
5131,166.0,0.005834360410586511,3.9582563048060386,2008,base
5132,28.0,0.012279488854857143,7.6652228570228145,2008,base
5161,319.0,0.0022465670825778735,1.8947086225224752,2008,base
5162,89.0,0.006415199374766825,4.292330424671671,2008,base
5173,691.0,-0.0006765123845751069,0.21347636968193903,2008,base
5174,32.0,0.010308066031090338,6.531343442334546,2008,base
5179,448.0,3.8353475269839e-06,0.6047837437065692,2008,base
5182,35.0,0.011862218852391164,7.425226717960633,2008,base
5192,106.0,0.0063163657936768005,4.235485509554081,2008,base
5221,11.0,0.0132745345211119,8.237531234525145,2008,base
5223,845.0,-0.0027309479696133484,-0.9681484905938292,2008,base
5224,448.0,0.0007524314099412364,1.0353446841883152,2008,base
5225,33.0,0.01005183596278956,6.383970693897305,2008,base
5231,383.0,-4.43010801297342e-05,0.5770976969800248,2008,base
5239,52.0,0.009859304839277048,6.273234896885215,2008,base
5241,15.0,0.012656307692157424,7.881953188806827,2008,base
5242,154.0,0.00661117655012221,4.405048245630868,2008,base
5311,646.0,-0.000694387976270957,0.2031950818704439,2008,base
5312,162.0,0.005304085514131702,3.6532645080350057,2008,base
5313,144.0,0.004830109175440009,3.3806532716159445,2008,base
5321,116.0,0.006712885476500619,4.463546938311199,2008,base
5322,688.0,-0.001158423828702602,-0.06369880532937461,2008,base
5323,300.0,0.0015185267181934883,1.47597045418764,2008,base
5324,397.0,0.0009482343989221112,1.1479623204778449,2008,base
5331,29.0,0.011903790488284783,7.449136972831592,2008,base
5411,305.0,0.0022493108449135285,1.8962867191102237,2008,base
5412,294.0,0.003290492563372464,2.495130611591196,2008,base
5413,221.0,0.0033095012875117282,2.5060636294811975,2008,base
5414,198.0,0.004109342488901996,2.9660986165688974,2008,base
5415,161.0,0.004200087750805536,3.0182914709948787,2008,base
5416,208.0,0.0022652013239612408,1.9054262536963706,2008,base
5417,93.0,0.007198951905560922,4.743111885738076,2008,base
5418,275.0,0.0017749754226384594,1.623468952930812,2008,base
5419,598.0,-0.0014506041319474303,-0.2317486154627867,2008,base
5511,30.0,0.012214223289537899,7.6276848514203,2008,base
5611,162.0,0.004939400861925561,3.443513248688621,2008,base
5612,107.0,0.0075983721965660386,4.972841622210414,2008,base
5613,131.0,0.006681754367352863,4.44564163489607,2008,base
5614,982.0,-0.003034105808333893,-1.142512116997331,2008,base
5615,267.0,0.0013469613058238604,1.377293251604215,2008,base
5616,149.0,0.006791047879751992,4.508502662157368,2008,base
5617,198.0,0.005252118327606213,3.6233751700755668,2008,base
5619,229.0,0.002905526531992853,2.2737143567557427,2008,base
5621,143.0,0.006745485278386673,4.482296971959935,2008,base
6111,287.0,0.0019745855498016726,1.738276294828791,2008,base
6112,94.0,0.008493496102152623,5.48767920951231,2008,base
6113,214.0,0.004351882634751678,3.105597497934681,2008,base
6114,484.0,0.0005159638431560709,0.8993384946552074,2008,base
6115,220.0,0.004116503407573159,2.9702172755260734,2008,base
6116,233.0,0.003934170965911546,2.8653473309674884,2008,base
6117,109.0,0.007086726392029238,4.678564494857586,2008,base
6211,413.0,-0.0005966953879474252,0.2593837459825984,2008,base
6212,409.0,0.0002207667017108972,0.7295535261927054,2008,base
6213,254.0,0.0030923539893761057,2.3811696451249103,2008,base
6214,143.0,0.00584752363978228,3.965827240089921,2008,base
6215,765.0,-0.0011405592873433977,-0.053423873206317814,2008,base
6216,76.0,0.006855919452692313,4.545814059929934,2008,base
6219,278.0,0.002591219106492818,2.092937957415288,2008,base
6221,349.0,0.001909305751452411,1.7007301029865969,2008,base
6222,23.0,0.009345405375603293,5.977661559672021,2008,base
6223,283.0,0.002899514310675599,2.270256380158334,2008,base
6231,42.0,0.009232255764448352,5.912582666741569,2008,base
6232,87.0,0.006932682376890401,4.589964862340338,2008,base
6233,227.0,0.0031540429742623662,2.416650552230316,2008,base
6239,240.0,0.0022156278550596684,1.8769136813427745,2008,base
6241,817.0,-0.0021110502086397354,-0.6116093951214967,2008,base
6242,184.0,0.004026682305444349,2.918555958896963,2008,base
6243,68.0,0.00747445525893788,4.901569816378669,2008,base
6244,329.0,0.0018235073195531062,1.6513824569259348,2008,base
7111,393.0,-0.0007961109825645106,0.14468829101566322,2008,base
7112,27.0,0.008906067963666144,5.724973175682368,2008,base
7113,301.0,0.001530432358083911,1.482818077045454,2008,base
7114,33.0,0.008321878837146574,5.388972183475323,2008,base
7115,171.0,0.004052805764083888,2.933581072553321,2008,base
7121,150.0,0.0036740912927233577,2.715760451860817,2008,base
7131,1007.0,-0.002812553072810175,-1.0150843105168206,2008,base
7132,193.0,0.003987826348745822,2.896207648373553,2008,base
7139,806.0,-0.0015787762911839386,-0.3054678456260743,2008,base
7211,797.0,-0.0022755719721292045,-0.7062353873946728,2008,base
7212,66.0,0.0035659897795318946,2.6535850123626328,2008,base
7213,449.0,-0.0014490371265479121,-0.23084733992524165,2008,base
7223,204.0,0.005120329892163778,3.5475760100776976,2008,base
7224,1085.0,-0.0033233050597279283,-1.3088473516033714,2008,base
7225,929.0,-0.002615656274152364,-0.901837560948641,2008,base
8111,654.0,-8.983029427403447e-05,0.5509112097065759,2008,base
8112,522.0,-0.00023309053174963367,0.46851395212255326,2008,base
8113,488.0,0.0003432188965378074,0.7999828736283494,2008,base
8114,607.0,-0.0004943824519539794,0.3182298395657217,2008,base
8121,433.0,0.001153872591998546,1.2662367521178033,2008,base
8122,228.0,0.0021877130393864407,1.8608582545337187,2008,base
8123,1437.0,-0.0036419750339358125,-1.492132905304713,2008,base
8124,235.0,0.0029449737328391392,2.2964027260225732,2008,base
8129,423.0,0.0005640402156944647,0.9269900002059098,2008,base
8131,855.0,-0.0022978420173973262,-0.7190441799019296,2008,base
8132,561.0,-0.000917167676230394,0.07506157709962025,2008,base
1125,384.0,-0.002467560593936549,-0.843695617746623,2013,base
1141,316.0,-0.0023193587649964842,-0.7575076039679006,2013,base
1151,171.0,0.0008881559721416193,1.107849432021952,2013,base
1152,87.0,0.0032443065102451853,2.478088493814774,2013,base
1153,14.0,0.00362689847801385,2.700588054215002,2013,base
2111,24.0,0.007373559236184453,4.87948997033103,2013,base
2122,115.0,4.380446944604868e-05,0.6168097500633611,2013,base
2123,383.0,-0.0016326351688251961,-0.3581377500849152,2013,base
2131,27.0,0.004272382591400916,3.0759747417912386,2013,base
2213,1747.0,-0.0047046048510440905,-2.1446674251402476,2013,base
2361,182.0,0.0056022008266332305,3.8493416644609386,2013,base
2362,185.0,0.0048864405220272935,3.4330852698074854,2013,base
2371,192.0,0.004471150705705948,3.1915700019645863,2013,base
2372,256.0,0.0038097651053219765,2.8069356715610425,2013,base
2373,200.0,0.0034846066517002154,2.6178370519188103,2013,base
2379,90.0,0.007855684454731966,5.159873925619783,2013,base
2381,176.0,0.005683795345591291,3.8967936397470844,2013,base
2382,212.0,0.004514169434572627,3.2165879037193883,2013,base
2383,184.0,0.006010557625736222,4.086824978124748,2013,base
2389,144.0,0.006576743985276829,4.41609539338491,2013,base
3111,194.0,0.0034083928140463053,2.5735142568708422,2013,base
3112,314.0,0.0012681883276797882,1.3288604285106016,2013,base
3113,397.0,-0.0012114488856988246,-0.11319334262969123,2013,base
3114,366.0,-0.0002918559461517221,0.4216036265531573,2013,base
3115,970.0,-0.0026790516888593337,-0.9666900337646183,2013,base
3116,795.0,-0.002594583447724496,-0.9175668212991496,2013,base
3117,47.0,0.005173426971786485,3.599984641178638,2013,base
3118,1507.0,-0.004059728625833655,-1.7696342600199626,2013,base
3119,467.0,-0.0024701550240861002,-0.8452044303103863,2013,base
3121,807.0,-0.002616375166668102,-0.9302399778047492,2013,base
3122,22.0,0.00936948249750756,6.0402358449164115,2013,base
3131,155.0,-0.007555449493810334,-3.8025999831190216,2013,base
3132,121.0,0.0019086921229309187,1.7013507703993904,2013,base
3133,101.0,0.002838519539671035,2.242099685436336,2013,base
3141,178.0,-0.0006243805198737526,0.2282211781266361,2013,base
3149,276.0,-0.005503239287037673,-2.609119964396118,2013,base
3151,257.0,-0.0016120578620970021,-0.34617084516543667,2013,base
3152,705.0,-0.003511887002608963,-1.4510323796737832,2013,base
3159,242.0,-0.00044451281130728203,0.3328247491833985,2013,base
3161,57.0,0.0004737089934430778,0.8668243234514924,2013,base
3162,184.0,-0.002439770618774342,-0.8275341251434563,2013,base
3169,325.0,-0.0021905245400445097,-0.6825829823573101,2013,base
3211,148.0,-0.0010133999293511788,0.001983685215597155,2013,base
3212,39.0,0.006038554635203851,4.103106873260704,2013,base
3219,879.0,-0.0030851224327909134,-1.2028438729136952,2013,base
3221,52.0,0.006922561374433278,4.61720838986211,2013,base
3222,428.0,0.000710362847040929,1.004452352339909,2013,base
3231,161.0,0.005363954400408295,3.7107874616345318,2013,base
3241,91.0,0.008291123572801533,5.413107188504496,2013,base
3251,124.0,0.005741531558199015,3.930370617327963,2013,base
3252,69.0,0.009406486743302632,6.061755973711493,2013,base
3253,121.0,0.005516803978409759,3.799678412772455,2013,base
3254,123.0,0.00536588444341977,3.71190989429853,2013,base
3255,108.0,0.007124449595266348,4.734618174096011,2013,base
3256,210.0,0.0039370843042156245,2.8809792170896165,2013,base
3259,220.0,0.0013579254538415599,1.3810478051537172,2013,base
3261,178.0,0.0036326233080364654,2.703917377020253,2013,base
3262,107.0,0.004949273442822698,3.469626280684361,2013,base
3271,284.0,-0.0016811741549868679,-0.3863660036633461,2013,base
3272,194.0,0.004760477244853625,3.359830271901571,2013,base
3273,839.0,-0.0020755316722339935,-0.6157079178173457,2013,base
3274,163.0,0.0016021825548371376,1.5230975661905493,2013,base
3279,388.0,-7.160453702920497e-05,0.5496926766006544,2013,base
3311,27.0,0.008745253576724172,5.6772102924631165,2013,base
3312,94.0,0.008139995812846551,5.325217575059745,2013,base
3313,54.0,0.009898781921904548,6.348054354372504,2013,base
3314,50.0,0.009695829897923294,6.230025906515832,2013,base
3315,100.0,0.007068311610192425,4.701970659111444,2013,base
3321,97.0,0.007684502166782973,5.06032143360305,2013,base
3322,163.0,0.002876940394922875,2.2644436553152443,2013,base
3323,1430.0,-0.0029572476831832436,-1.1284772422185119,2013,base
3324,109.0,0.007735271494070234,5.0898467607266475,2013,base
3325,81.0,0.006606563341966672,4.433437089797416,2013,base
3326,129.0,0.005924424731541428,4.036733672742381,2013,base
3327,261.0,0.0031666888867521613,2.4329493153651347,2013,base
3328,104.0,0.008118089860211107,5.312477984994745,2013,base
3329,165.0,0.005835312411542433,3.9849096573516305,2013,base
3331,132.0,0.0046955612661823435,3.3220778412858705,2013,base
3332,110.0,0.006678346305642938,4.475183073005961,2013,base
3333,80.0,0.007428976770206125,4.911718500977398,2013,base
3334,80.0,0.009591989314248067,6.16963654613749,2013,base
3335,63.0,0.009499022212056707,6.115570749905802,2013,base
3336,29.0,0.011400361274482214,7.221310392138057,2013,base
3339,109.0,0.007952226970956102,5.216019033801434,2013,base
3341,24.0,0.013259409080430896,8.302455200271346,2013,base
3342,46.0,0.010924040190415898,6.944301879826065,2013,base
3343,30.0,0.010834093472186166,6.891992613161952,2013,base
3344,73.0,0.008783818622774296,5.699638117707361,2013,base
3345,51.0,0.011399325636851785,7.220708108407825,2013,base
3346,16.0,0.013324251417383838,8.34016480392951,2013,base
3351,98.0,0.006974642806394545,4.647496782438619,2013,base
3352,94.0,0.008940644894942897,5.790841748615313,2013,base
3353,85.0,0.00885058591692002,5.738467196329103,2013,base
3359,80.0,0.00842653951104466,5.491859460555587,2013,base
3361,31.0,0.010690810784239177,6.808665366991315,2013,base
3362,207.0,0.003645222327158271,2.7112444420196176,2013,base
3363,179.0,0.004139014293261533,2.998413291977211,2013,base
3364,22.0,0.010232096570277035,6.5418962773233735,2013,base
3365,20.0,0.010004079955155709,6.4092913067477255,2013,base
3366,33.0,0.006373665001646662,4.297993111082008,2013,base
3369,50.0,0.010047962601104778,6.434811626711083,2013,base
3371,936.0,-0.003920917719431145,-1.6889076158265575,2013,base
3372,161.0,0.005251955584304236,3.645653612918798,2013,base
3379,200.0,0.0038105083587082773,2.8073679167874186,2013,base
3391,199.0,0.003919965598522075,2.8710236905435425,2013,base
3399,344.0,-0.0031518308582847206,-1.2416387159782996,2013,base
4311,323.0,1.3655825630264001e-05,0.5992765539672759,2013,base
4312,620.0,-0.0004171670509722398,0.34872790493662076,2013,base
4321,157.0,-9.198183922046157e-05,0.5378420859932774,2013,base
4331,201.0,0.003423958108079724,2.582566383866958,2013,base
4332,176.0,0.003336066325553182,2.5314521822568175,2013,base
4333,126.0,0.004831923147646992,3.401380234533127,2013,base
4334,234.0,0.002639836499751703,2.126553900983898,2013,base
4335,118.0,0.006615893919329025,4.438863365141124,2013,base
4341,1375.0,-0.0029936692707184524,-1.1496585212268637,2013,base
4342,514.0,-0.0008244716051695876,0.11185653310291431,2013,base
4343,417.0,0.0012089860123828363,1.2944308266423985,2013,base
4351,424.0,0.0008011266023754881,1.0572367737693313,2013,base
4352,156.0,0.005984477839620626,4.071658060272566,2013,base
4353,146.0,0.005658753776359978,3.882230505611796,2013,base
4354,121.0,0.007808784006915665,5.132598577727455,2013,base
4361,166.0,0.006592897501584237,4.425489605966732,2013,base
4373,74.0,0.009604566898990625,6.176951145794239,2013,base
4611,1685.0,-0.003928853364213627,-1.6935226564555916,2013,base
4612,1361.0,-0.0035267911236907174,-1.4596999960071382,2013,base
4621,527.0,-0.0008996746863085704,0.06812155196425174,2013,base
4622,313.0,0.0043589547253960045,3.1263214907550427,2013,base
4631,988.0,-0.002943511720791606,-1.1204889783465912,2013,base
4632,875.0,-0.002259085928492968,-0.7224554315338572,2013,base
4633,1038.0,-0.0030583732968130295,-1.187287689047954,2013,base
4641,889.0,-0.0030166944041711027,-1.1630489802614583,2013,base
4651,302.0,0.00017375527355950843,0.692383727628891,2013,base
4652,677.0,-0.0020779745633449117,-0.6171286015851074,2013,base
4653,768.0,-0.0030168569911957453,-1.1631435341061738,2013,base
4659,800.0,-0.0024287706276805107,-0.8211369882744883,2013,base
4661,790.0,-0.0019117432554886496,-0.5204553934712944,2013,base
4662,477.0,-0.00033565661174114324,0.39613098295396826,2013,base
4663,542.0,-0.0020241756996038003,-0.5858414221854946,2013,base
4664,475.0,-0.0005190698950775163,0.2894654532202625,2013,base
4671,681.0,-0.002120964388702847,-0.6421296942625335,2013,base
4681,207.0,0.00518575506282595,3.607154145684581,2013,base
4682,539.0,-2.3539767400880153e-05,0.577645145585855,2013,base
4683,430.0,0.000724716952389022,1.0128001024208002,2013,base
4684,1037.0,-0.0023999773517777694,-0.8043920177300045,2013,base
4691,264.0,0.0031568267987279186,2.4272139355483033,2013,base
4811,13.0,0.011998518450522537,7.569173703266656,2013,base
4812,14.0,0.010411912352935496,6.646469650433815,2013,base
4831,17.0,0.008652474613959195,5.623253910289201,2013,base
4832,72.0,-0.0008203756811871275,0.11423855196976408,2013,base
4841,229.0,0.0037938825474369054,2.797699037117121,2013,base
4842,340.0,0.002149792230611174,1.8415645555558546,2013,base
4851,342.0,0.0018718087156085784,1.6799009162293064,2013,base
4852,365.0,-0.0006539976251560189,0.21099710271265337,2013,base
4853,15.0,0.012706875384252025,7.981124605635216,2013,base
4854,99.0,0.006817426901960142,4.556066557626032,2013,base
4855,164.0,0.0039351177341799045,2.8798355418290096,2013,base
4859,160.0,-0.0024829727658289493,-0.852658695280298,2013,base
4862,17.0,0.009142679849131892,5.908336866860222,2013,base
4871,99.0,0.0053880211083673375,3.724783657039255,2013,base
4872,68.0,0.0015532510140659561,1.4946410191940458,2013,base
4881,73.0,0.00837699101821017,5.463044119923988,2013,base
4882,17.0,0.011456775916951913,7.254118799546217,2013,base
4883,53.0,0.007111403908896533,4.727031346020837,2013,base
4884,466.0,0.0012519590374864811,1.319422148991357,2013,base
4885,62.0,0.008589774272401795,5.586790001977616,2013,base
4889,59.0,0.007947080248340161,5.21302591419616,2013,base
4911,32.0,0.01019213259068518,6.5186548905716055,2013,base
4921,102.0,0.007184873413097508,4.769758150984562,2013,base
4922,44.0,0.009155142043500457,5.915584360279385,2013,base
4931,216.0,0.002937997466313515,2.2999519061104023,2013,base
5121,163.0,0.00684884032096276,4.574335294315708,2013,base
5122,56.0,0.008120415697586916,5.313830595183343,2013,base
5131,210.0,0.0048374281071559295,3.4045816898012635,2013,base
5132,26.0,0.011912587451801048,7.519199811886258,2013,base
5161,352.0,0.0011902816142470745,1.2835531273874203,2013,base
5162,77.0,0.007343922454743575,4.862254452082356,2013,base
5173,407.0,-0.00012178164784174697,0.5205117579236195,2013,base
5174,14.0,0.01133100471137026,7.1809755024819015,2013,base
5179,633.0,-0.0002132613087561239,0.4673109956135283,2013,base
5182,102.0,0.007526874458892021,4.968651721044321,2013,base
5192,132.0,0.005979650085772414,4.068850439623308,2013,base
5221,13.0,0.012937912855480358,8.115486380358535,2013,base
5223,890.0,-0.002375898191012027,-0.7903885802913397,2013,base
5224,517.0,0.0004981773977172626,0.8810541287096965,2013,base
5225,10.0,0.012432597347740146,7.8216159183325304,2013,base
5231,325.0,0.00028368804351237934,0.7563160499166474,2013,base
5239,25.0,0.012319234323734263,7.755688703095747,2013,base
5241,60.0,0.005818508760058896,3.9751373532177747,2013,base
5242,153.0,0.006829043074106722,4.562822039742453,2013,base
5311,658.0,-0.0001435091719591829,0.5078759344563638,2013,base
5312,163.0,0.0059126711173814565,4.029898260072952,2013,base
5313,135.0,0.005769364852729318,3.946557302672144,2013,base
5321,126.0,0.005759266245041608,3.9406843728658174,2013,base
5322,722.0,-0.0009305960498895579,0.05013897422256387,2013,base
5323,89.0,0.008117081050089096,5.311891303026527,2013,base
5324,553.0,-0.00012475631529747745,0.5187818151726074,2013,base
5331,30.0,0.011327924440497164,7.179184145179827,2013,base
5411,342.0,0.0021123722384624876,1.8198026459898466,2013,base
5412,283.0,0.0036124537112010202,2.6921875792006342,2013,base
5413,228.0,0.004131448113854442,2.9940131170289357,2013,base
5414,207.0,0.004790577232668458,3.3773351716931477,2013,base
5415,105.0,0.005806576443928849,3.968198014922264,2013,base
5416,195.0,0.0030909495453661706,2.3889024675923785,2013,base
5417,86.0,0.00785300093325917,5.158313301251468,2013,base
5418,310.0,0.0006323839011144856,0.9591030438055547,2013,base
5419,590.0,-0.0009447263918923272,0.04192135558760581,2013,base
5511,48.0,0.010704565483876542,6.816664527665282,2013,base
5611,171.0,0.004221828314315032,3.0465744789117997,2013,base
5612,124.0,0.007508448979242562,4.957936229169052,2013,base
5613,131.0,0.007083018953089033,4.710523837444579,2013,base
5614,1156.0,-0.0033951342196010792,-1.3831338217237514,2013,base
5615,225.0,0.0022997417595611645,1.9287689589001706,2013,base
5616,148.0,0.007596324214508534,5.00904080758134,2013,base
5617,188.0,0.00565477895658544,3.879918915910468,2013,base
5619,275.0,0.003027082080677283,2.3517598090571448,2013,base
5621,166.0,0.007342996182133152,4.861715770494679,2013,base
6111,248.0,0.003397794767719229,2.56735087434447,2013,base
6112,99.0,0.007524204662653441,4.967099078700816,2013,base
6113,252.0,0.003618317178091781,2.6955975274366737,2013,base
6114,398.0,0.0006884786785444285,0.9917254310232018,2013,base
6115,347.0,0.002907705406025499,2.2823353049647763,2013,base
6116,218.0,0.004898330479850204,3.4399999742750254,2013,base
6117,74.0,0.009261130745190006,5.977222976664491,2013,base
6211,370.0,0.00010003601126827535,0.6495116737577906,2013,base
6212,413.0,0.0005722152282121167,0.9241114485854037,2013,base
6213,283.0,0.002553552151951955,2.0763745164902,2013,base
6214,134.0,0.006452202311431616,4.34366714079069,2013,base
6215,799.0,-0.001131933493314507,-0.06695050080071713,2013,base
6216,91.0,0.006644039418735378,4.455231615843515,2013,base
6219,290.0,0.0026050228623299117,2.106307738819393,2013,base
6221,296.0,0.0035170518028133555,2.6367058010509346,2013,base
6222,18.0,0.010446313024976618,6.666475649125482,2013,base
6223,219.0,0.004609991406788902,3.2723139735037265,2013,base
6231,36.0,0.010128059409229517,6.481392595729208,2013,base
6232,87.0,0.007445585926323786,4.921377694703684,2013,base
6233,246.0,0.003033225228828116,2.3553324082703626,2013,base
6239,231.0,0.0034849120586164543,2.6180146638666058,2013,base
6241,855.0,-0.002248888869876028,-0.7165252467657955,2013,base
6242,281.0,0.0023802116549796874,1.975566899956005,2013,base
6243,103.0,0.007398922433394805,4.894240149908923,2013,base
6244,384.0,0.0012173126439361211,1.2992732488997858,2013,base
7111,491.0,-0.001321883147261899,-0.17741731155986262,2013,base
7112,60.0,0.008485919139073426,5.526392180126737,2013,base
7113,349.0,0.001409191903932667,1.4108622382038347,2013,base
7114,47.0,0.008094397220562311,5.298699332146064,2013,base
7115,264.0,0.00234003046670109,1.9521991936748515,2013,base
7121,182.0,0.0024233780559425938,2.0006706816540936,2013,base
7131,995.0,-0.0026164875315022435,-0.9303053245143176,2013,base
7132,194.0,0.004128170129711233,2.9921067779201547,2013,base
7139,678.0,-0.0006281527207866449,0.22602742311982066,2013,base
7211,863.0,-0.0022520268841809926,-0.7183501852438725,2013,base
7212,72.0,0.002859304146884242,2.254187147687573,2013,base
7213,551.0,-0.0020541462995636362,-0.6032710753872751,2013,base
7223,221.0,0.004661631701885521,3.3023458192451494,2013,base
7224,1090.0,-0.0029530728569313893,-1.1260493370766387,2013,base
7225,961.0,-0.002209850213729024,-0.693821989606523,2013,base
8111,716.0,-0.0002548458834238064,0.44312713823421085,2013,base
8112,567.0,-0.0002891110518700259,0.423199942792059,2013,base
8113,551.0,0.00020326260241480216,0.7095439616431544,2013,base
8114,628.0,-0.00034812170567425754,0.3888818032687782,2013,base
8121,515.0,0.0006994735379688292,0.9981195835268702,2013,base
8122,248.0,0.0024374730458634137,2.0088677409899662,2013,base
8123,814.0,-0.0012345549586888535,-0.12663087272955365,2013,base
8124,254.0,0.0027401642993183086,2.184900372368759,2013,base
8129,370.0,0.0015610473001056674,1.4991750145800624,2013,base
8131,990.0,-0.00236996691366447,-0.78693919631671,2013,base
8132,709.0,-0.0023304393879967663,-0.7639516329967958,2013,base
1125,519.0,-0.0022724195430979823,-0.7691919941289183,2018,base
1141,319.0,-0.002214941859298774,-0.7352435580240372,2018,base
1151,208.0,0.0007977112323495036,1.04414026936329,2018,base
1152,72.0,0.0030933255202109703,2.400014581299123,2018,base
1153,20.0,0.004385057293975968,3.162958922262802,2018,base
2111,10.0,0.008770067282686336,5.752907256664012,2018,base
2121,11.0,0.00757433462730077,5.0466635292430455,2018,base
2122,117.0,-0.0003519069336933161,0.36513345706281336,2018,base
2123,397.0,-0.0013146031413486794,-0.20347036504265464,2018,base
2131,65.0,0.004656071328048075,3.3230297882246917,2018,base
2211,48.0,0.006771989792057289,4.572769131053677,2018,base
2213,1813.0,-0.004576842308291948,-2.1302689170632787,2018,base
2361,217.0,0.0041521342051717616,3.0253859709023287,2018,base
2362,209.0,0.004055386178042299,2.968243024280616,2018,base
2371,220.0,0.004214143259152402,3.0620108010597136,2018,base
2372,242.0,0.003636472610146895,2.7208172486901114,2018,base
2373,207.0,0.0040973969352127914,2.9930561241004066,2018,base
2379,93.0,0.00785788054886711,5.214136189323114,2018,base
2381,234.0,0.003827008622424286,2.8333548321646727,2018,base
2382,213.0,0.004142036897397216,3.019422129196164,2018,base
2383,222.0,0.0052541068691590136,3.676251595609566,2018,base
2389,154.0,0.006668556284019957,4.511677493280385,2018,base
3111,253.0,0.002331295921389048,1.9499318459542718,2018,base
3112,334.0,0.0014073342007076557,1.4042060378739496,2018,base
3113,464.0,-0.0018512565096026176,-0.5204376013405263,2018,base
3114,469.0,-0.0009680438627487788,0.001220303551483143,2018,base
3115,1058.0,-0.0026945920514974994,-1.0185426199597345,2018,base
3116,846.0,-0.0027627148939697727,-1.0587784786806926,2018,base
3117,54.0,0.006314105166995397,4.302325614372945,2018,base
3118,1477.0,-0.004015497437284633,-1.798717970216374,2018,base
3119,595.0,-0.001744486354215491,-0.45737521680306853,2018,base
3121,906.0,-0.00278138711295696,-1.069806978636211,2018,base
3122,20.0,0.008319726939256398,5.486919670459433,2018,base
3131,188.0,-0.0077584483379017685,-4.009442569648788,2018,base
3132,206.0,-0.0012037190453474639,-0.13797813572292325,2018,base
3133,166.0,0.0010721530340726873,1.206235701093896,2018,base
3141,238.0,-0.001607990080190307,-0.37675549222463794,2018,base
3149,324.0,-0.005658572222758196,-2.7691784286623125,2018,base
3151,340.0,-0.0019469198640914228,-0.5769399003682147,2018,base
3152,743.0,-0.003679929351049775,-1.6005191044760991,2018,base
3159,296.0,-0.0005094256679438962,0.2720970935289507,2018,base
3161,67.0,0.00036064357580659827,0.7859920206709639,2018,base
3162,180.0,-0.002711762920454372,-1.0286843673148307,2018,base
3169,335.0,-0.001950352310580653,-0.5789672296309966,2018,base
3211,190.0,-0.0009405979177149117,0.017430889116748175,2018,base
3212,72.0,0.006415322359275948,4.36210821446615,2018,base
3219,1006.0,-0.003338635163668981,-1.398938192591411,2018,base
3221,69.0,0.007267086914148501,4.865191718465863,2018,base
3222,506.0,-0.0001780378169225716,0.4678269584558709,2018,base
3231,196.0,0.00397725475363031,2.9220957285980034,2018,base
3241,110.0,0.007927403373684815,5.25519892915793,2018,base
3251,147.0,0.005345907384169133,3.730472359429891,2018,base
3252,81.0,0.008632780632472394,5.671820706810634,2018,base
3253,147.0,0.004669687940089468,3.3310722605947864,2018,base
3254,138.0,0.005301823606925593,3.7044348576362864,2018,base
3255,122.0,0.007477639826376508,4.9895520199776575,2018,base
3256,269.0,0.00338260514313974,2.57087377649127,2018,base
3259,232.0,0.0012168126860270263,1.2916770172137682,2018,base
3261,209.0,0.0030674294685409127,2.384719419814176,2018,base
3262,127.0,0.0056647041691885135,3.918765477233309,2018,base
3271,292.0,-0.0018256732481789417,-0.5053271852905307,2018,base
3272,166.0,0.0051592446884308595,3.6202224993002994,2018,base
3273,823.0,-0.001961665586541369,-0.5856492669140392,2018,base
3274,163.0,0.000316402281501403,0.7598614835017217,2018,base
3279,395.0,-3.502585675894509e-05,0.5522950871440269,2018,base
3311,22.0,0.008680715121003286,5.700132580455299,2018,base
3312,128.0,0.0065645627797482195,4.450255101114673,2018,base
3313,57.0,0.010093789934646135,6.534746588040478,2018,base
3314,63.0,0.00872041860144068,5.723582917693642,2018,base
3315,134.0,0.00618368163705566,4.225292676020736,2018,base
3321,109.0,0.006191943891800934,4.230172667849948,2018,base
3322,183.0,0.0031819183993431455,2.4523407972801423,2018,base
3323,1463.0,-0.0031418295234202746,-1.2826975360193127,2018,base
3324,122.0,0.0071292370735157725,4.7837725276171765,2018,base
3325,83.0,0.007881079288641171,5.227838219100179,2018,base
3326,167.0,0.004986355746907861,3.518107925493919,2018,base
3327,270.0,0.003049057823596144,2.3738684499538065,2018,base
3328,116.0,0.007685948867819217,5.112587008795078,2018,base
3329,157.0,0.00584582490390772,4.025742051156574,2018,base
3331,168.0,0.004212477535565817,3.061026963385511,2018,base
3332,120.0,0.0052481963646063235,3.6727606340242738,2018,base
3333,85.0,0.008610095418432679,5.658421984237833,2018,base
3334,104.0,0.008690936350370557,5.706169614816327,2018,base
3335,79.0,0.008630934217245754,5.670730146001615,2018,base
3336,38.0,0.010859151222726543,6.986797141718235,2018,base
3339,118.0,0.007144234678953195,4.79263066552853,2018,base
3341,27.0,0.01177506901353509,7.5277719086766774,2018,base
3342,54.0,0.00991999252254816,6.43209543806698,2018,base
3343,46.0,0.008801774561618434,5.77163474291148,2018,base
3344,70.0,0.008155480579115621,5.389909723395853,2018,base
3345,63.0,0.009838123391732076,6.383740515377659,2018,base
3351,89.0,0.0076846301893757,5.111808148758912,2018,base
3352,90.0,0.008056973235482595,5.331727659677527,2018,base
3353,102.0,0.007679776895322056,5.108941614615784,2018,base
3359,95.0,0.008211323283929888,5.42289248072013,2018,base
3361,37.0,0.010134209552197754,6.558619902223221,2018,base
3362,224.0,0.00299338107114376,2.340983710204028,2018,base
3363,194.0,0.003902016185716602,2.8776570604643994,2018,base
3364,25.0,0.010183393154299076,6.58766954832896,2018,base
3365,27.0,0.009681440149655622,6.291197624280656,2018,base
3366,46.0,0.005825191723334871,4.013555335095349,2018,base
3369,66.0,0.00793512929725609,5.259762144050633,2018,base
3371,882.0,-0.0037670682246425846,-1.651986531256048,2018,base
3372,183.0,0.004670962318963779,3.3318249556744823,2018,base
3379,182.0,0.004412826323606749,3.1793603334854317,2018,base
3391,203.0,0.00384047242829235,2.841307051583208,2018,base
3399,377.0,-0.0034195611827055592,-1.446736078742897,2018,base
4311,433.0,-0.0007174487883034156,0.14923098022950715,2018,base
4312,588.0,4.998907931085666e-05,0.6025080382296787,2018,base
4321,188.0,-0.00011503302569524557,0.5050399076894255,2018,base
4331,175.0,0.004924952823432341,3.481841098327681,2018,base
4332,200.0,0.0039034544884812236,2.8785065750286045,2018,base
4333,146.0,0.0042914411888726085,3.107665804092076,2018,base
4334,233.0,0.002781003181778783,2.21554551000822,2018,base
4335,131.0,0.00657768134082536,4.458003406249429,2018,base
4341,1431.0,-0.0028824433907577393,-1.129494536713562,2018,base
4342,601.0,-0.0013798859015156167,-0.24202876659585132,2018,base
4343,429.0,0.0009456097034873783,1.1314945513307706,2018,base
4351,468.0,0.0006871598225824366,0.9788445367813606,2018,base
4352,174.0,0.005615231297551413,3.8895449778902194,2018,base
4353,141.0,0.005468604421848141,3.8029417470004696,2018,base
4354,146.0,0.007351977992264125,4.915331514483921,2018,base
4361,229.0,0.004640964750725923,3.314107287506394,2018,base
4373,78.0,0.008125202072419397,5.372026122631444,2018,base
4611,1647.0,-0.003854486097228544,-1.7036187451127578,2018,base
4612,1297.0,-0.0033782715794553305,-1.4223489189778473,2018,base
4621,608.0,-0.0010736827225733578,-0.06117389617784902,2018,base
4622,314.0,0.00394392942331839,2.90241256163671,2018,base
4631,980.0,-0.0027737949429265394,-1.0653227635089015,2018,base
4632,917.0,-0.0020955691833564874,-0.664737660882246,2018,base
4633,1098.0,-0.003096009313426195,-1.255634433116101,2018,base
4641,864.0,-0.0026417336699060944,-0.9873225137993685,2018,base
4651,291.0,0.0014806588989574488,1.44751430412453,2018,base
4652,634.0,-0.0013604737005243161,-0.2305632060261098,2018,base
4653,848.0,-0.0030433509570244395,-1.2245324691967119,2018,base
4659,918.0,-0.0025964817309826597,-0.960595052711499,2018,base
4661,790.0,-0.0016835192117706202,-0.4213657779569021,2018,base
4662,566.0,-0.0006675966914875497,0.17867546392443076,2018,base
4663,640.0,-0.0020105303752250784,-0.6145106100781539,2018,base
4664,578.0,-0.0006462266217137676,0.19129741387645868,2018,base
4671,666.0,-0.001449819285542557,-0.2833339978144655,2018,base
4681,207.0,0.004973999452969711,3.510809843394477,2018,base
4682,585.0,-5.3162709827338994e-05,0.5415827940097572,2018,base
4683,627.0,-0.0009112139878771903,0.03478611985448941,2018,base
4684,1129.0,-0.0021636715389223285,-0.7049614192820354,2018,base
4691,143.0,0.0046347759014580174,3.3104519252849762,2018,base
4811,14.0,0.010860084340778588,6.98734827559271,2018,base
4812,40.0,0.009516313576018606,6.1936677907209505,2018,base
4831,22.0,0.0089746503029339,5.873741520189322,2018,base
4832,95.0,-9.393745740728505e-05,0.517499726958097,2018,base
4841,235.0,0.003933198692436417,2.8960745969236927,2018,base
4842,392.0,0.001260061618034015,1.3172214286756618,2018,base
4851,372.0,0.001146057216140553,1.2498862318212491,2018,base
4852,360.0,-0.0008798995418644886,0.05328158451753477,2018,base
4853,38.0,0.009683531829281451,6.292433047273298,2018,base
4854,140.0,0.0060020484819863235,4.11801344777382,2018,base
4855,211.0,0.0035555125649600495,2.672999265441598,2018,base
4859,175.0,-0.0023195874564779983,-0.7970511002678489,2018,base
4862,20.0,0.009306109741666612,6.069513667454105,2018,base
4871,150.0,0.003945191553797742,2.903158022363415,2018,base
4872,82.0,0.0016569574486200612,1.5516427180236096,2018,base
4881,82.0,0.007888212172755923,5.232051163056986,2018,base
4882,18.0,0.009641802577623695,6.267786214973014,2018,base
4883,57.0,0.00716540628084438,4.805135393042459,2018,base
4884,451.0,0.00159802235611842,1.5168334826842627,2018,base
4885,88.0,0.008192574451666152,5.411818730142948,2018,base
4889,93.0,0.006505864876626697,4.415585958555401,2018,base
4911,32.0,0.009959815448789572,6.455616324394598,2018,base
4921,159.0,0.004574035492706713,3.274576403705479,2018,base
4922,104.0,0.006143352352248361,4.2014727156824065,2018,base
4931,238.0,0.0025452741578065098,2.076315270036391,2018,base
5121,216.0,0.005083254041966277,3.575339625886618,2018,base
5122,117.0,0.004654731089860031,3.3222381942096813,2018,base
5131,204.0,0.004970155349410178,3.5085393743107325,2018,base
5132,50.0,0.010033614974479294,6.499205041212073,2018,base
5161,389.0,0.0007891745035700777,1.039098163064688,2018,base
5162,78.0,0.007244404424675761,4.851794605122622,2018,base
5173,186.0,0.0013474911751958382,1.368860543873047,2018,base
5174,55.0,0.006110708808363573,4.182192236885089,2018,base
5179,695.0,-0.0010093996117720768,-0.023205924342311463,2018,base
5182,86.0,0.008314932965365618,5.484088172988377,2018,base
5192,149.0,0.005125743773440607,3.600435625563795,2018,base
5221,12.0,0.01229439462227937,7.834504732283019,2018,base
5223,854.0,-0.001810442032729519,-0.496331068705688,2018,base
5224,405.0,0.001852630352757348,1.667214338946384,2018,base
5231,282.0,0.0011702054529291147,1.2641490694910114,2018,base
5239,29.0,0.00945521118857009,6.157578471196557,2018,base
5241,66.0,0.005470787658921511,3.8042312471923356,2018,base
5242,191.0,0.005601300040987874,3.8813166648816404,2018,base
5311,645.0,0.00019635207065121394,0.6889554092997324,2018,base
5312,166.0,0.005758534991245834,3.974185415141894,2018,base
5313,217.0,0.0030311870742903957,2.3633133274984215,2018,base
5321,138.0,0.0052634251105814255,3.6817552920466685,2018,base
5322,873.0,-0.0015285744244811353,-0.3298496822586633,2018,base
5323,302.0,0.0025791074197188835,2.0962984401005222,2018,base
5324,587.0,-0.00040017436543803535,0.33662493489868817,2018,base
5331,31.0,0.010206701063278287,6.601436057457675,2018,base
5411,389.0,0.002043002974093654,1.7796554177158688,2018,base
5412,370.0,0.0025594152156421545,2.0846674994001537,2018,base
5413,236.0,0.0038058575423242725,2.820862225576124,2018,base
5414,312.0,0.0027166455181806457,2.1775335045461826,2018,base
5415,88.0,0.006864491535928288,4.627404066455126,2018,base
5416,131.0,0.004649586355177474,3.319199524501669,2018,base
5417,109.0,0.007733534816922156,5.140693022222041,2018,base
5418,335.0,-8.192436583815034e-05,0.5245951011033314,2018,base
5419,626.0,-0.0009901564920989487,-0.011840229423846993,2018,base
5511,56.0,0.010040945344235464,6.503534627459178,2018,base
5611,165.0,0.005096848741619302,3.583369155993433,2018,base
5612,103.0,0.00848435908357741,5.584157475862587,2018,base
5613,156.0,0.006112357360403703,4.1831659324117805,2018,base
5614,1229.0,-0.0036241002816597306,-1.567544400735358,2018,base
5615,250.0,0.0023108859853127046,1.9378769863114758,2018,base
5616,148.0,0.007649418395569777,5.091010767007508,2018,base
5617,195.0,0.0058258240984293734,4.0139288391071855,2018,base
5619,312.0,0.002315259449867455,1.9404601154875327,2018,base
5621,137.0,0.007200549601163887,4.825892331831921,2018,base
5622,69.0,0.009235580183612504,6.0278563139067725,2018,base
5629,119.0,0.007717519397764583,5.131233726056539,2018,base
6111,271.0,0.003384623686006652,2.57206600222155,2018,base
6112,115.0,0.0071646434265525685,4.804684823213074,2018,base
6113,281.0,0.0028737861678979452,2.270346557435428,2018,base
6114,334.0,0.001172144884431059,1.26529456913664,2018,base
6115,352.0,0.0026630544032689046,2.145880619111094,2018,base
6116,247.0,0.004451036934007904,3.201928926720046,2018,base
6117,45.0,0.010928040356814371,7.027485600478527,2018,base
6211,386.0,0.0002798473936637282,0.7382708209688748,2018,base
6212,433.0,0.0006851177432609633,0.977638409554517,2018,base
6213,315.0,0.002590311656287774,2.102916074704445,2018,base
6214,202.0,0.004252853273101505,3.084874360415393,2018,base
6215,835.0,-0.001091068754663312,-0.0714427268006194,2018,base
6216,125.0,0.004322393391519593,3.1259473144872625,2018,base
6219,356.0,0.0024618922831995457,2.0270668651721944,2018,base
6221,298.0,0.0034586270018174365,2.615775084987101,2018,base
6222,37.0,0.009993579784733699,6.475558784244359,2018,base
6223,187.0,0.005227880841551298,3.6607615381877037,2018,base
6231,102.0,0.007012834442140148,4.7150208481392735,2018,base
6232,221.0,0.0038631727466581444,2.8547146953270612,2018,base
6233,245.0,0.003090882879610315,2.398571867834047,2018,base
6239,242.0,0.0037600468775662046,2.79380476044071,2018,base
6241,828.0,-0.002016710550291096,-0.6181608489965941,2018,base
6242,259.0,0.0027932638183184397,2.2227870933264655,2018,base
6243,82.0,0.007997264774560498,5.296461644477336,2018,base
6244,388.0,0.0016633547522013439,1.5554212010367976,2018,base
7111,511.0,-0.0014621936912644728,-0.2906427774001891,2018,base
7112,93.0,0.005445846009566935,3.7894997908514343,2018,base
7113,339.0,0.0013560244433950394,1.3739006062255663,2018,base
7114,36.0,0.008327320958763552,5.49140497795579,2018,base
7115,272.0,0.0022478147909475595,1.9006248169400795,2018,base
7121,220.0,0.0017715084350183583,1.6193007478092019,2018,base
7131,964.0,-0.002312089957550396,-0.7926228013792005,2018,base
7132,220.0,0.0029057244387380938,2.2892104760078062,2018,base
7139,677.0,-0.00012747654103964447,0.4976903094163781,2018,base
7211,878.0,-0.0021565353921962865,-0.7007465483068861,2018,base
7212,66.0,0.004245027351551052,3.080252083034741,2018,base
7213,586.0,-0.0020390281073936756,-0.631342419846956,2018,base
7223,315.0,0.0032513763227466543,2.493365203950375,2018,base
7224,1100.0,-0.002667482635975078,-1.0025308011133343,2018,base
7225,984.0,-0.002116104209571977,-0.6768664033664414,2018,base
8111,730.0,-0.0001360534978368186,0.4926244429694911,2018,base
8112,537.0,2.5779763324591068e-05,0.5882091249371092,2018,base
8113,593.0,0.00015797084493200767,0.6662860443770381,2018,base
8114,680.0,-0.00041136874382872844,0.3300131228977401,2018,base
8121,481.0,0.0009198803376813713,1.1162978406537065,2018,base
8122,282.0,0.0025113247847188525,2.05626352043748,2018,base
8123,919.0,-0.0015213304260839485,-0.3255711101159538,2018,base
8124,296.0,0.0025259839883793357,2.0649217858010407,2018,base
8129,320.0,0.00217242771015093,1.8560984316302886,2018,base
8131,966.0,-0.0020632873296422246,-0.6456708096153397,2018,base
8132,1104.0,-0.0034982561354068033,-1.493216214979556,2018,base
1125,471.0,-0.0021498010299399583,-0.7768546100314188,2023,base
1141,301.0,-0.0019222834324621042,-0.6372734255462971,2023,base
1151,268.0,0.00048180131188444797,0.8376234612809542,2023,base
1152,117.0,0.0019170904893865497,1.71816793650081,2023,base
1153,20.0,0.005352635675720284,3.8258618985350985,2023,base
2111,17.0,0.005771542616337405,4.0828597202797114,2023,base
2122,100.0,4.946336607646836e-05,0.5723857687125098,2023,base
2123,380.0,-0.0012032045221493334,-0.19612123708976748,2023,base
2131,53.0,0.005661350061750649,4.015257005319794,2023,base
2211,64.0,0.005750117857370696,4.069715711785281,2023,base
2213,1809.0,-0.004421083130948405,-2.1702775780700705,2023,base
2361,216.0,0.004032808969917819,3.016153212467701,2023,base
2362,222.0,0.004657871376812185,3.399626632100347,2023,base
2371,240.0,0.004191806629684478,3.11369767463948,2023,base
2372,237.0,0.003920216451576423,2.9470781288325343,2023,base
2373,220.0,0.0038593263141120534,2.9097222600779613,2023,base
2379,93.0,0.007409388728085989,5.087672107613711,2023,base
2381,282.0,0.0034027623384514476,2.629621989934476,2023,base
2382,220.0,0.004795900440058634,3.4843069397112187,2023,base
2383,248.0,0.005096274068241959,3.66858502314168,2023,base
2389,163.0,0.006588402904732701,4.584000413909671,2023,base
3111,292.0,0.001708633395771967,1.5902802989571623,2023,base
3112,342.0,0.0014890105672673989,1.4555425253411047,2023,base
3113,558.0,-0.002164843603656165,-0.7860831720428353,2023,base
3114,565.0,-0.0016608276915084366,-0.4768713185563078,2023,base
3115,1120.0,-0.0028133599156800236,-1.1839454736567752,2023,base
3116,908.0,-0.003094893669390013,-1.3566653654410046,2023,base
3117,51.0,0.005825775364552908,4.116131305940422,2023,base
3118,1528.0,-0.003975907307608502,-1.8971638962504862,2023,base
3119,678.0,-0.0018527041542492839,-0.5945868018467363,2023,base
3121,958.0,-0.002674877181107734,-1.0989868404054706,2023,base
3122,18.0,0.007013582501604226,4.844846486512958,2023,base
3131,191.0,-0.00709586985994988,-3.8112491073841968,2023,base
3132,224.0,-0.0007101800530405997,0.10634740771492182,2023,base
3133,190.0,0.0009043615675415009,1.09686257796813,2023,base
3141,256.0,-0.0018653168056309293,-0.6023246157075711,2023,base
3149,340.0,-0.005966075701391141,-3.118124669432315,2023,base
3151,318.0,-0.002071423912601575,-0.7287705453441332,2023,base
3152,731.0,-0.003830482473280182,-1.8079463110873197,2023,base
3159,340.0,-0.0004161511272110644,0.2867330402775605,2023,base
3161,58.0,0.0014869627031815812,1.4542861684793427,2023,base
3162,170.0,-0.0029292415515728893,-1.2550384184544812,2023,base
3169,396.0,-0.002156513892778383,-0.7809729259624081,2023,base
3211,215.0,-0.00051880097579377,0.22375774688827849,2023,base
3212,100.0,0.005765663764907138,4.079253067189379,2023,base
3219,1023.0,-0.003205073076560044,-1.424260014510549,2023,base
3221,71.0,0.007649563690660536,5.235018537654526,2023,base
3222,646.0,-0.0010526733809776833,-0.1037709520148683,2023,base
3231,258.0,0.002552479441006719,2.107976652218,2023,base
3241,128.0,0.007529812833376471,5.161551840185353,2023,base
3251,147.0,0.005781225018900972,4.088799837586972,2023,base
3252,96.0,0.008688193044610163,5.8722137132031635,2023,base
3253,195.0,0.0031714698457275385,2.4877249215107375,2023,base
3254,154.0,0.0039952389179241515,2.9931041278405033,2023,base
3255,122.0,0.006880502061860697,4.763202140681596,2023,base
3256,356.0,0.0020958653227879875,1.8278456198049855,2023,base
3259,260.0,0.00037934992693752637,0.7747699245806802,2023,base
3261,209.0,0.0032714725462166076,2.5490761995688396,2023,base
3262,133.0,0.005382102932529008,3.8439399490001365,2023,base
3271,304.0,-0.0017116672549528332,-0.508061198209314,2023,base
3272,153.0,0.005148448463842188,3.7005938172675235,2023,base
3273,855.0,-0.0019767234406806848,-0.6706721644340391,2023,base
3274,163.0,-6.17046694945081e-05,0.5041845998627402,2023,base
3279,385.0,-0.00015391663792055412,0.4476129064232252,2023,base
3311,31.0,0.008554896153405067,5.790436575219792,2023,base
3312,146.0,0.006309836888230512,4.413101217664148,2023,base
3313,77.0,0.00950544100376976,6.373592241378983,2023,base
3314,60.0,0.008469350284731328,5.737954508735016,2023,base
3315,149.0,0.006305040690164792,4.4101587683131545,2023,base
3321,111.0,0.005917832156203839,4.1726077990160295,2023,base
3322,200.0,0.002716268579237226,2.208460668282897,2023,base
3323,1530.0,-0.002969846326701778,-1.2799492942331951,2023,base
3324,131.0,0.0066221368076271395,4.604696035591286,2023,base
3325,101.0,0.007229264096998938,4.977166328540849,2023,base
3326,186.0,0.004865527638706507,3.527022962416218,2023,base
3327,273.0,0.0029820079076040657,2.371490739929705,2023,base
3328,133.0,0.006661180072042943,4.6286489304606775,2023,base
3329,148.0,0.0071325061301767,4.917805682300134,2023,base
3331,174.0,0.003970092249718874,2.9776767421223997,2023,base
3332,122.0,0.0054841375313587504,3.906537788995814,2023,base
3333,98.0,0.008222851179672813,5.586728241228658,2023,base
3334,102.0,0.008679066263133126,5.866614467328454,2023,base
3335,108.0,0.00837054271548738,5.677336439170053,2023,base
3336,35.0,0.010548375342907987,7.0134285090386355,2023,base
3339,126.0,0.007139444816629747,4.922062540163542,2023,base
3341,28.0,0.011271615944278168,7.457133879199323,2023,base
3342,42.0,0.010436946019372029,6.945067041011799,2023,base
3343,30.0,0.008746955087150884,5.908264003780785,2023,base
3344,76.0,0.008711276925684429,5.886375586827789,2023,base
3345,68.0,0.00982624177755982,6.57040230128531,2023,base
3351,82.0,0.007870930571563909,5.370826280812842,2023,base
3352,86.0,0.00837322265034376,5.6789805690560184,2023,base
3353,104.0,0.007825585909059468,5.343007502078314,2023,base
3359,96.0,0.008255659896456949,5.6068562647351134,2023,base
3361,42.0,0.009753365490907617,6.525692975393357,2023,base
3362,241.0,0.0029166673737671756,2.3314045698534276,2023,base
3363,194.0,0.004188781423613015,3.11184172217054,2023,base
3364,25.0,0.009612773457643418,6.439440295382094,2023,base
3365,35.0,0.009613489318933112,6.439879473572486,2023,base
3366,50.0,0.006077256879592566,4.270414263102736,2023,base
3369,77.0,0.008636640090151053,5.840586170864112,2023,base
3371,877.0,-0.003548580449501523,-1.635000487010533,2023,base
3372,181.0,0.004585949573738824,3.3555028782695584,2023,base
3379,194.0,0.004688277698508963,3.4182807953181396,2023,base
3391,231.0,0.0035327862662755567,2.7093911772777264,2023,base
3399,434.0,-0.0034815633156539657,-1.5938857291766888,2023,base
4311,479.0,-0.0011718152696691517,-0.17686404955853588,2023,base
4312,608.0,0.00034261547350928435,0.7522334765091122,2023,base
4321,186.0,5.5169229184556166e-05,0.5758862941222614,2023,base
4331,204.0,0.004249240403150269,3.148933077169544,2023,base
4332,193.0,0.003724955102176314,2.827286030394596,2023,base
4333,169.0,0.004194826360803661,3.115550268245929,2023,base
4334,283.0,0.0023785818675443092,2.0012911494171264,2023,base
4335,161.0,0.005755772280702496,4.073184679087072,2023,base
4341,1401.0,-0.0027772738653122748,-1.161806818407436,2023,base
4342,683.0,-0.001741958877461409,-0.5266449939094894,2023,base
4343,457.0,0.0008431477535546669,1.0593081348927282,2023,base
4351,511.0,0.0002262370273982146,0.6808357405238674,2023,base
4352,185.0,0.005154302099400946,3.704185000516174,2023,base
4353,154.0,0.005201924817268449,3.7334013575893623,2023,base
4354,141.0,0.007559886158110228,5.180001711027331,2023,base
4361,289.0,0.0032399075207885206,2.529711175999688,2023,base
4373,85.0,0.008230359985014752,5.591334864871465,2023,base
4611,1584.0,-0.0036949976987149385,-1.7248269149476116,2023,base
4612,1308.0,-0.0031700051628240854,-1.402745982229316,2023,base
4621,435.0,0.0014354881970762635,1.4227067539082732,2023,base
4622,352.0,0.0037930530746435247,2.8690638786286593,2023,base
4631,986.0,-0.0026960917267280647,-1.1120018838079384,2023,base
4632,1002.0,-0.002171678489388694,-0.7902763485572792,2023,base
4633,1092.0,-0.002950962444685964,-1.2683641041263019,2023,base
4641,871.0,-0.0024989449597364937,-0.9910530888173693,2023,base
4651,381.0,0.0004932495750250796,0.8446469273652524,2023,base
4652,593.0,-0.0008144953442232535,0.042350371597298216,2023,base
4653,913.0,-0.002871315491087607,-1.2195009997021602,2023,base
4659,1086.0,-0.002729592753647286,-1.132554636960617,2023,base
4661,823.0,-0.0018966011307447004,-0.6215174306968506,2023,base
4662,630.0,-0.0009313286917419215,-0.029326444678879644,2023,base
4663,755.0,-0.0019911604989901748,-0.6795292450364111,2023,base
4664,738.0,-0.001079151080750929,-0.12001492055954671,2023,base
4671,705.0,-0.00151351545453914,-0.3864958190201509,2023,base
4681,209.0,0.004759296381271399,3.461850488258128,2023,base
4682,572.0,0.0002948570427042409,0.7229338600626632,2023,base
4683,932.0,-0.0020256477291915407,-0.700687030168114,2023,base
4684,1195.0,-0.0022249555640206716,-0.8229616320934572,2023,base
4691,227.0,0.0032431365148129694,2.531692151606077,2023,base
4811,14.0,0.011550458310018786,7.6282026146561375,2023,base
4812,36.0,0.00996369276176393,6.654727959592786,2023,base
4831,23.0,0.009505405970568185,6.37357074864248,2023,base
4832,86.0,-0.0005110355834852348,0.22852178566344403,2023,base
4841,252.0,0.00409591106594969,3.0548661094271536,2023,base
4842,379.0,0.0018072010926535136,1.6507512077361455,2023,base
4851,356.0,0.0014402050129359914,1.425600502576497,2023,base
4852,362.0,-0.00012998779994520312,0.46229315790696884,2023,base
4853,85.0,0.006541902783595054,4.5554727656791805,2023,base
4854,153.0,0.0060503585207583215,4.253912221817093,2023,base
4855,204.0,0.003996873874258478,2.994107167360332,2023,base
4859,213.0,-0.0025810314735648225,-1.04141285420443,2023,base
4862,24.0,0.008903467612533689,6.004283845418819,2023,base
4871,119.0,0.004711345745811281,3.4324329549836348,2023,base
4872,84.0,0.0014028541096569457,1.4026858648558438,2023,base
4879,20.0,0.008467029322177081,5.7365306069970465,2023,base
4881,80.0,0.007644397478218155,5.231849085884627,2023,base
4882,28.0,0.010769005655119838,7.148784370093955,2023,base
4883,62.0,0.006556273090183861,4.56428889435369,2023,base
4884,467.0,0.0017437394699175131,1.6118177425051707,2023,base
4885,96.0,0.007513606309350366,5.15160919906648,2023,base
4889,156.0,0.0034486585482637493,2.6577791408537683,2023,base
4911,32.0,0.009757106195875543,6.527987883725813,2023,base
4921,134.0,0.00636581410225283,4.447443026491366,2023,base
4922,426.0,0.0005876908237993332,0.9025862758565156,2023,base
4931,219.0,0.004146024419159489,3.0856104618512594,2023,base
5121,213.0,0.005463517503863863,3.893887480211975,2023,base
5122,109.0,0.00489535215938528,3.5453201929126386,2023,base
5131,196.0,0.004909219268539109,3.553827611866306,2023,base
5132,32.0,0.011131983802543304,7.371470089006374,2023,base
5161,420.0,0.0007456248866574023,0.9994782253525221,2023,base
5162,94.0,0.005750411843563245,4.069896071201137,2023,base
5173,200.0,0.002079254750106094,1.8176550963658455,2023,base
5174,62.0,0.00832065659361183,5.6467314923090255,2023,base
5179,728.0,-0.001581764531571786,-0.42836636933290323,2023,base
5182,64.0,0.009391197043443725,6.303504004339949,2023,base
5192,156.0,0.004703403657147659,3.42756051366374,2023,base
5221,11.0,0.012370767671601796,8.13145930162575,2023,base
5222,14.0,0.011344271644993176,7.501707876454127,2023,base
5223,825.0,-0.0015687891798919613,-0.42040604021261513,2023,base
5224,420.0,0.0013556828975647404,1.3737465048660311,2023,base
5225,10.0,0.013119769344907202,8.590968991866227,2023,base
5231,279.0,0.001175977317981551,1.2634978123039164,2023,base
5239,46.0,0.009339774943649248,6.2719567408421275,2023,base
5241,54.0,0.005120924210972229,3.683707792361117,2023,base
5242,206.0,0.004923806564046344,3.5627768624205736,2023,base
5311,701.0,-0.0001176495506708829,0.4698626271140703,2023,base
5312,204.0,0.004546509456616107,3.331306515767283,2023,base
5313,204.0,0.003285484307767524,2.5576723622203477,2023,base
5321,175.0,0.004818365792446679,3.4980893483291027,2023,base
5322,950.0,-0.001902280319920341,-0.6250015917500551,2023,base
5323,408.0,0.0016409559495369254,1.5487604419740786,2023,base
5324,614.0,-0.0004477474869711634,0.26734879321437705,2023,base
5331,37.0,0.010161378002379167,6.776007106112373,2023,base
5411,430.0,0.0017093688610769692,1.5907315041367085,2023,base
5412,405.0,0.002053212334680899,1.801678173120354,2023,base
5413,289.0,0.0031371068960505295,2.4666433820101,2023,base
5414,368.0,0.0017921787209733582,1.641535039597345,2023,base
5415,125.0,0.005029346760328842,3.6275253731784605,2023,base
5416,147.0,0.00543800950996225,3.878238422547444,2023,base
5417,100.0,0.007615438177541266,5.214082664582932,2023,base
5418,417.0,-0.00024634939681254195,0.390905758868948,2023,base
5419,629.0,-0.0008048512179573738,0.04826700654087256,2023,base
5511,65.0,0.008498522069671834,5.7558512883278015,2023,base
5611,178.0,0.005180115102268494,3.7200211800262926,2023,base
5612,151.0,0.0067528555916379586,4.684891514573789,2023,base
5613,131.0,0.006885761472078852,4.766428768934009,2023,base
5614,1029.0,-0.0030134009665053843,-1.3066699008192504,2023,base
5615,298.0,0.00204784299289143,1.7983841022652303,2023,base
5616,154.0,0.007359216848301099,5.056891849357415,2023,base
5617,199.0,0.005494144187222304,3.9126768344747282,2023,base
5619,419.0,0.0009647838571839508,1.1339314238556097,2023,base
5621,169.0,0.006512254310724074,4.537283539846181,2023,base
5622,71.0,0.009629337559235895,6.449602308983855,2023,base
5629,153.0,0.006721035073887671,4.665369747432471,2023,base
6111,277.0,0.0034658434255517992,2.6683219979939987,2023,base
6112,151.0,0.006724276165017353,4.66735814456711,2023,base
6113,322.0,0.0026147030959141233,2.1461506288740884,2023,base
6114,283.0,0.0023357106110691063,1.9749897959151992,2023,base
6115,356.0,0.002467637172749045,2.055926241924074,2023,base
6116,276.0,0.0044243928023679985,3.2563884108195102,2023,base
6117,37.0,0.011085258637606402,7.342804377257241,2023,base
6211,344.0,0.0005434748353887241,0.8754599344044706,2023,base
6212,438.0,0.0010005537632184834,1.1558761257537016,2023,base
6213,399.0,0.0018607853351996241,1.6836249376244552,2023,base
6214,279.0,0.0034179242314212456,2.638923753856131,2023,base
6215,928.0,-0.0013769100892383856,-0.3026889447076792,2023,base
6216,170.0,0.0026962673994575174,2.196190020228857,2023,base
6219,360.0,0.0026439349112421973,2.164084236882322,2023,base
6221,316.0,0.0032423486918382967,2.531208825194457,2023,base
6222,47.0,0.010084610899560784,6.728910779236277,2023,base
6223,220.0,0.004775666167120749,3.4718932898873183,2023,base
6231,113.0,0.006341634832790838,4.432609136238906,2023,base
6232,330.0,0.002196045056433154,1.8893055070339608,2023,base
6233,255.0,0.0032990266692623344,2.5659805497149675,2023,base
6239,222.0,0.004524657921116799,3.3179006814862273,2023,base
6241,842.0,-0.0017117811878981815,-0.5081310956398419,2023,base
6242,253.0,0.0028335217492588007,2.280395044074817,2023,base
6243,60.0,0.008347108739885142,5.662959783878261,2023,base
6244,404.0,0.0022171730865680993,1.9022674735137628,2023,base
7111,533.0,-0.0016679287361120137,-0.48122778253024484,2023,base
7112,71.0,0.006430774870756801,4.487296211973999,2023,base
7113,372.0,0.0018493772630132032,1.6766261285383695,2023,base
7114,43.0,0.008812755687216914,5.948632422746454,2023,base
7115,273.0,0.0024025983288076106,2.0160251574562142,2023,base
7121,231.0,0.0017533098497340427,1.617689134281333,2023,base
7131,838.0,-0.001797126436519153,-0.5604900824819562,2023,base
7132,230.0,0.002489950441386481,2.069615347736873,2023,base
7139,659.0,0.0003983175635746388,0.7864064978305768,2023,base
7211,879.0,-0.0022499441831056385,-0.8382920552747529,2023,base
7212,63.0,0.0040717392913920455,3.0400368172701295,2023,base
7213,585.0,-0.0017919167625251881,-0.5572939672147416,2023,base
7223,366.0,0.002280368355022859,1.941037531401831,2023,base
7224,1159.0,-0.002457531774899267,-0.9656462567438896,2023,base
7225,1085.0,-0.0020136746721545478,-0.6933416050156966,2023,base
8111,721.0,-0.0002654794498073003,0.3791695437986767,2023,base
8112,553.0,-1.1147807566657523e-05,0.5352010432058844,2023,base
8113,560.0,0.00029506556408649557,0.7230617871410441,2023,base
8114,785.0,-0.0012108013112085536,-0.20078183840994793,2023,base
8121,468.0,0.001791602563532398,1.6411815691891187,2023,base
8122,341.0,0.0019181733781602087,1.7188322846627477,2023,base
8123,1204.0,-0.002188436911986443,-0.8005575773599162,2023,base
8124,336.0,0.0019423589945953164,1.7336700687591795,2023,base
8129,370.0,0.0015844068214409515,1.5140677660284074,2023,base
8131,959.0,-0.0019081493343189333,-0.6286022098587071,2023,base
8132,1164.0,-0.003406120937695458,-1.5476021159856355,2023,base
1125,268.0,-0.001975435082502108,-0.43183933694243065,2003,ramas_comunes
1141,313.0,-0.002644800431321597,-0.7914244860720112,2003,ramas_comunes
2111,15.0,0.007490046478542402,4.653046823827988,2003,ramas_comunes
2122,68.0,0.0012389724699377218,1.2949504067241933,2003,ramas_comunes
2123,442.0,-0.0019905070024926626,-0.4399360192804558,2003,ramas_comunes
2131,52.0,0.004324684715314815,2.9526046308064124,2003,ramas_comunes
2211,45.0,0.008628062285511703,5.264392457991119,2003,ramas_comunes
2212,13.0,0.012704372606643942,7.454199052114753,2003,ramas_comunes
2213,1639.0,-0.005029716194526913,-2.0726086583422405,2003,ramas_comunes
2361,118.0,0.00742026656877252,4.615560839073766,2003,ramas_comunes
2362,137.0,0.006015220925502693,3.860765945582354,2003,ramas_comunes
2371,159.0,0.004971255407475628,3.2999444194188654,2003,ramas_comunes
2372,157.0,0.005546119692700753,3.6087633030024127,2003,ramas_comunes
2373,199.0,0.0042981052503967675,2.938326059510189,2003,ramas_comunes
2379,54.0,0.010237091835609412,6.128768141235241,2003,ramas_comunes
2381,98.0,0.008461091174783159,5.174695057524327,2003,ramas_comunes
2382,150.0,0.005868547128148239,3.7819723250459463,2003,ramas_comunes
2383,133.0,0.007573187124659603,4.69771023774015,2003,ramas_comunes
2389,97.0,0.008024722619483506,4.9402765111959,2003,ramas_comunes
3111,187.0,0.002409618493403407,1.9238250947675049,2003,ramas_comunes
3112,238.0,0.0033762713159446052,2.443114000240477,2003,ramas_comunes
3113,258.0,2.976224098045649e-05,0.6453589074398901,2003,ramas_comunes
3114,196.0,0.0017773700071886678,1.5841792397745114,2003,ramas_comunes
3115,868.0,-0.002622686392517793,-0.7795447555852936,2003,ramas_comunes
3116,491.0,-0.002398832916475937,-0.6592899713965873,2003,ramas_comunes
3117,57.0,0.004792015572495895,3.203656222091624,2003,ramas_comunes
3118,1353.0,-0.00427780609838909,-1.6686802139902912,2003,ramas_comunes
3119,352.0,-1.412427185892252e-05,0.6217829361232436,2003,ramas_comunes
3121,654.0,-0.0019233415317368092,-0.4038545193033556,2003,ramas_comunes
3122,29.0,0.0063486976559369345,4.039910683289383,2003,ramas_comunes
3131,104.0,-0.004388767877232969,-1.728289227010802,2003,ramas_comunes
3132,109.0,0.0041233934795943655,2.8444703523549375,2003,ramas_comunes
3133,65.0,0.00577098738307652,3.7295629262885592,2003,ramas_comunes
3141,104.0,-0.004532461261915379,-1.8054817605817215,2003,ramas_comunes
3149,179.0,-0.0057941204243893525,-2.4832489902254684,2003,ramas_comunes
3151,163.0,-0.001819621088693585,-0.3481355744173367,2003,ramas_comunes
3152,670.0,-0.0035225999316697443,-1.2629811102612338,2003,ramas_comunes
3159,93.0,-0.0017683783218827578,-0.32060780056710614,2003,ramas_comunes
3161,71.0,0.0002009386755265291,0.73731542095269,2003,ramas_comunes
3162,193.0,-0.0028601899674915677,-0.9071324154131767,2003,ramas_comunes
3169,262.0,-0.0013263672444762307,-0.08315807379761533,2003,ramas_comunes
3211,187.0,-0.0012596800571511712,-0.04733350916844074,2003,ramas_comunes
3212,61.0,0.0066830657307249365,4.219534253958021,2003,ramas_comunes
3219,742.0,-0.0032700219287605126,-1.127295420819517,2003,ramas_comunes
3221,62.0,0.008489987787114895,5.190218407624497,2003,ramas_comunes
3222,237.0,0.0023976859802342034,1.917414911546927,2003,ramas_comunes
3231,137.0,0.005955122788247717,3.828481039162634,2003,ramas_comunes
3241,118.0,0.008184153641781685,5.025923352685497,2003,ramas_comunes
3251,127.0,0.0059619764970398285,3.8321628728614483,2003,ramas_comunes
3252,58.0,0.008765195388013255,5.33806078755223,2003,ramas_comunes
3253,75.0,0.007487060048646826,4.651442504391286,2003,ramas_comunes
3254,83.0,0.006903835882022507,4.338132666495664,2003,ramas_comunes
3255,88.0,0.008444802555110001,5.165944760329205,2003,ramas_comunes
3256,121.0,0.006940496650999741,4.357826945715723,2003,ramas_comunes
3259,150.0,0.001787054065004598,1.5893815457798375,2003,ramas_comunes
3261,155.0,0.004794910808110696,3.2052115516768045,2003,ramas_comunes
3262,102.0,0.0064387101785118835,4.088265690626896,2003,ramas_comunes
3271,259.0,-0.0019763573063819695,-0.43233475848158825,2003,ramas_comunes
3272,160.0,0.005195107700787027,3.4201985682410885,2003,ramas_comunes
3273,703.0,-0.0018105437127431448,-0.3432591797987612,2003,ramas_comunes
3274,148.0,0.0026745086360040566,2.0661249039793153,2003,ramas_comunes
3279,292.0,-0.0002769106788666439,0.48061326022091244,2003,ramas_comunes
3311,16.0,0.009696164054848634,5.838180053494757,2003,ramas_comunes
3312,83.0,0.009002979074710846,5.465798924270139,2003,ramas_comunes
3313,45.0,0.010705224191763937,6.380250300264065,2003,ramas_comunes
3314,32.0,0.00943449554856709,5.69761091734257,2003,ramas_comunes
3315,159.0,0.005009944174565592,3.3207281455382702,2003,ramas_comunes
3321,107.0,0.007338816395442799,4.571805552405503,2003,ramas_comunes
3322,135.0,0.0035779184170015204,2.5514394506585147,2003,ramas_comunes
3323,1277.0,-0.003143270160502699,-1.059203976331381,2003,ramas_comunes
3324,109.0,0.00676694633155805,4.26459517384706,2003,ramas_comunes
3325,64.0,0.008802352997463835,5.358021971021243,2003,ramas_comunes
3326,88.0,0.007694530988818395,4.762896539311409,2003,ramas_comunes
3327,223.0,0.0033746165937377495,2.44222507831978,2003,ramas_comunes
3328,70.0,0.009002309282343206,5.46543910972517,2003,ramas_comunes
3329,162.0,0.004671741147515018,3.139044426575919,2003,ramas_comunes
3331,145.0,0.004389858196614894,2.9876160278467796,2003,ramas_comunes
3332,83.0,0.0080031958548627,4.928712266228482,2003,ramas_comunes
3333,43.0,0.01002009398000489,6.012196217687114,2003,ramas_comunes
3334,76.0,0.008918291094810755,5.420304277832937,2003,ramas_comunes
3335,88.0,0.008552097139549505,5.223583745099657,2003,ramas_comunes
3336,30.0,0.011069205909007207,6.575782411847357,2003,ramas_comunes
3339,112.0,0.0073038191498666786,4.553004923135093,2003,ramas_comunes
3341,32.0,0.011946898178785045,7.0472814314404,2003,ramas_comunes
3342,47.0,0.010963444644990853,6.518967131581469,2003,ramas_comunes
3343,31.0,0.011354644114349402,6.729120704330335,2003,ramas_comunes
3344,56.0,0.007805555701642922,4.8225393606622395,2003,ramas_comunes
3345,49.0,0.010733230239176139,6.39529523611712,2003,ramas_comunes
3346,21.0,0.013651846069118736,7.963184745654435,2003,ramas_comunes
3351,67.0,0.01007345526351653,6.040862065303993,2003,ramas_comunes
3352,60.0,0.009947262654548237,5.973071002926859,2003,ramas_comunes
3353,75.0,0.008763288936860288,5.3370366360580475,2003,ramas_comunes
3359,80.0,0.008769705243964655,5.340483496208567,2003,ramas_comunes
3361,25.0,0.010583785791155789,6.3150132134179175,2003,ramas_comunes
3362,158.0,0.004177921766413302,2.8737631177813947,2003,ramas_comunes
3363,169.0,0.004692546253367629,3.150220994206529,2003,ramas_comunes
3364,10.0,0.011331428189543722,6.716649037253223,2003,ramas_comunes
3366,30.0,0.007656807196584442,4.742631200688633,2003,ramas_comunes
3369,45.0,0.010698742037270935,6.376768066691386,2003,ramas_comunes
3371,753.0,-0.0036825492016748286,-1.3489063560322936,2003,ramas_comunes
3372,176.0,0.004013119226122608,2.7852306801046067,2003,ramas_comunes
3379,89.0,0.007694016850268844,4.7626203424820694,2003,ramas_comunes
3391,189.0,0.004049349402347274,2.804693643557546,2003,ramas_comunes
3399,238.0,-0.002771788475255311,-0.8596428585887702,2003,ramas_comunes
4311,318.0,-0.00010234416134593053,0.5743909368610653,2003,ramas_comunes
4312,655.0,-0.0013864503077314027,-0.1154348824177152,2003,ramas_comunes
4321,127.0,0.0019447017050007523,1.6740703487450934,2003,ramas_comunes
4331,144.0,0.005574830791976516,3.6241869949114083,2003,ramas_comunes
4332,70.0,0.005661734926463429,3.6708721664915718,2003,ramas_comunes
4333,85.0,0.006205237997649295,3.9628437082653285,2003,ramas_comunes
4334,106.0,0.006651411241597514,4.202529363857899,2003,ramas_comunes
4335,173.0,0.004244333321724626,2.9094396120347445,2003,ramas_comunes
4341,1189.0,-0.0031823563696744624,-1.0802012095743716,2003,ramas_comunes
4342,728.0,-0.0020883670643922878,-0.4925067491726843,2003,ramas_comunes
4343,225.0,0.004102018090375794,2.832987426724834,2003,ramas_comunes
4351,318.0,0.001592699012837367,1.4849734067255884,2003,ramas_comunes
4352,114.0,0.006266193517853478,3.9955892034744074,2003,ramas_comunes
4353,89.0,0.007783478034550376,4.810679169172035,2003,ramas_comunes
4354,93.0,0.009124236918610924,5.5309390154906355,2003,ramas_comunes
4361,103.0,0.007726906207675078,4.780288607665731,2003,ramas_comunes
4373,65.0,0.010084757039354552,6.046933414466766,2003,ramas_comunes
4611,1561.0,-0.004349016828096747,-1.7069348396692485,2003,ramas_comunes
4612,1260.0,-0.0038643909649696603,-1.4465923173502453,2003,ramas_comunes
4621,486.0,-0.0011348055584993256,0.019749460243402375,2003,ramas_comunes
4622,191.0,0.004720724725126066,3.1653585569551406,2003,ramas_comunes
4631,849.0,-0.0029578601872314488,-0.9596011615062093,2003,ramas_comunes
4632,727.0,-0.0022961877737479467,-0.6041486811873371,2003,ramas_comunes
4633,917.0,-0.0033745444646118205,-1.1834452524589645,2003,ramas_comunes
4641,1030.0,-0.0036898007450883222,-1.352801907728179,2003,ramas_comunes
4651,266.0,-0.00010926400365430627,0.5706735760314395,2003,ramas_comunes
4652,583.0,-0.001855256838848448,-0.36727921033512084,2003,ramas_comunes
4653,567.0,-0.0026483155579864605,-0.7933128230590146,2003,ramas_comunes
4659,576.0,-0.00198644270765653,-0.43775266744227825,2003,ramas_comunes
4661,765.0,-0.0021398641060814162,-0.5201711202790996,2003,ramas_comunes
4662,222.0,0.004003136624206608,2.7798679952793512,2003,ramas_comunes
4663,372.0,-0.0004705115674469117,0.3766102601933019,2003,ramas_comunes
4664,188.0,0.0011461974835714408,1.2451113952383885,2003,ramas_comunes
4671,504.0,-0.0017075026774747784,-0.28790521488440185,2003,ramas_comunes
4681,163.0,0.005592157320432604,3.6334948599357455,2003,ramas_comunes
4682,457.0,-4.906605065955925e-05,0.6030121037772924,2003,ramas_comunes
4683,217.0,0.003981893311086881,2.7684560213407012,2003,ramas_comunes
4684,946.0,-0.0025237029313587666,-0.7263705321137571,2003,ramas_comunes
4691,177.0,0.0033454110806249446,2.426535785758408,2003,ramas_comunes
4812,58.0,0.009651536839139881,5.814206174290865,2003,ramas_comunes
4831,15.0,0.00941378628527931,5.6864858366361455,2003,ramas_comunes
4832,100.0,-0.0018665412174123618,-0.3733412136280846,2003,ramas_comunes
4841,503.0,-0.0006614560716371452,0.27403427812937975,2003,ramas_comunes
4842,493.0,-0.0010698363824501033,0.05465110386700395,2003,ramas_comunes
4851,320.0,-0.0007236238208858115,0.2406375697039179,2003,ramas_comunes
4852,299.0,0.00017813020624007087,0.7250626402489188,2003,ramas_comunes
4854,120.0,0.0031331498295129575,2.312508380888787,2003,ramas_comunes
4855,52.0,0.006851783496071594,4.310169962723022,2003,ramas_comunes
4859,211.0,-0.003356363143956785,-1.1736781904043725,2003,ramas_comunes
4871,199.0,0.0032196327003987954,2.3589672483510533,2003,ramas_comunes
4872,90.0,0.0006498243077631081,0.9784581799774706,2003,ramas_comunes
4881,66.0,0.007565963303711535,4.693829578638991,2003,ramas_comunes
4882,23.0,0.009093277234687912,5.514307376909262,2003,ramas_comunes
4883,49.0,0.006416880259747244,4.076538590309687,2003,ramas_comunes
4884,403.0,0.0011041211257134035,1.222507844812757,2003,ramas_comunes
4885,59.0,0.007005942417228217,4.392984615067252,2003,ramas_comunes
4889,123.0,0.004779085405115288,3.196710095922969,2003,ramas_comunes
4911,32.0,0.010716234958110657,6.386165318222194,2003,ramas_comunes
4921,269.0,0.003867775220056908,2.707151427588176,2003,ramas_comunes
4922,122.0,0.007436329771538823,4.6241900416048,2003,ramas_comunes
4931,159.0,0.004740109368096272,3.175772047503402,2003,ramas_comunes
5121,184.0,0.00405118000004959,2.8056770463419065,2003,ramas_comunes
5122,86.0,0.006198038115887158,3.958975909369375,2003,ramas_comunes
5131,200.0,0.003968618716291568,2.7613248676926583,2003,ramas_comunes
5132,25.0,0.012018570660689391,7.085784111836859,2003,ramas_comunes
5161,290.0,0.002588842185091866,2.020104619868419,2003,ramas_comunes
5162,92.0,0.005503561126600428,3.5859007088079027,2003,ramas_comunes
5173,487.0,0.00045594525790788296,0.874305750847033,2003,ramas_comunes
5179,50.0,0.010723233249556425,6.38992482217264,2003,ramas_comunes
5182,81.0,0.006776239934690371,4.26958772638086,2003,ramas_comunes
5192,182.0,0.0008920740380889096,1.108595489235311,2003,ramas_comunes
5221,11.0,0.013832167542494065,8.060054002494946,2003,ramas_comunes
5223,560.0,-0.0019802982988425854,-0.4344518718997961,2003,ramas_comunes
5224,160.0,0.005192206011349265,3.4186397716421224,2003,ramas_comunes
5225,45.0,0.009279566250620274,5.614382416188455,2003,ramas_comunes
5231,416.0,-0.0003603826356377459,0.4357718651941003,2003,ramas_comunes
5239,12.0,0.01174270182589633,6.937586515002462,2003,ramas_comunes
5241,71.0,0.004674702610789121,3.1406353338658444,2003,ramas_comunes
5242,133.0,0.0070812502397399075,4.433440211754843,2003,ramas_comunes
5311,454.0,0.00011037860743867666,0.6886662704611293,2003,ramas_comunes
5312,138.0,0.006156434254744222,3.9366261856499847,2003,ramas_comunes
5313,112.0,0.007239750436837273,4.518587011048892,2003,ramas_comunes
5321,112.0,0.007126287903404636,4.4576345848784165,2003,ramas_comunes
5322,800.0,-0.001985423609647,-0.43720520481909236,2003,ramas_comunes
5323,201.0,0.002649691280144107,2.0527929431545724,2003,ramas_comunes
5324,472.0,-0.0004534266035356722,0.38578835599215283,2003,ramas_comunes
5331,10.0,0.01360415086870092,7.937562735514154,2003,ramas_comunes
5411,280.0,0.002701577669283032,2.0806664729230624,2003,ramas_comunes
5412,333.0,0.002327884077950155,1.8799171123456322,2003,ramas_comunes
5413,242.0,0.002877182748854364,2.1750020683298663,2003,ramas_comunes
5414,196.0,0.0035489898263327572,2.5358989216961456,2003,ramas_comunes
5415,147.0,0.0031858397719991974,2.3408135820169274,2003,ramas_comunes
5416,148.0,0.00350349668063948,2.5114598622089144,2003,ramas_comunes
5417,83.0,0.007266989040560673,4.533219673763259,2003,ramas_comunes
5418,216.0,0.002741881037358967,2.1023175677184067,2003,ramas_comunes
5419,590.0,-0.0015891652277261936,-0.22433396849331566,2003,ramas_comunes
5511,51.0,0.010299893781535022,6.1625055420898205,2003,ramas_comunes
5611,141.0,0.005543358108439244,3.607279771340279,2003,ramas_comunes
5612,90.0,0.008479324570977283,5.18449009472063,2003,ramas_comunes
5613,140.0,0.005739554634432704,3.7126771558665124,2003,ramas_comunes
5614,797.0,-0.0033907379556840714,-1.1921444462735433,2003,ramas_comunes
5615,241.0,0.0013597232032254256,1.3598180765450794,2003,ramas_comunes
5616,140.0,0.0076125717117301725,4.718867760519234,2003,ramas_comunes
5617,173.0,0.00630180847005254,4.014721666665591,2003,ramas_comunes
5619,129.0,0.005502926647768244,3.5855598648041123,2003,ramas_comunes
5621,125.0,0.0073425270067567295,4.573798904354532,2003,ramas_comunes
6111,198.0,0.003442331193486621,2.478601572101376,2003,ramas_comunes
6112,86.0,0.008280567847996276,5.077717364402758,2003,ramas_comunes
6113,158.0,0.005185841074302118,3.4152205076462567,2003,ramas_comunes
6114,505.0,-0.00017436196157696656,0.5357027503845272,2003,ramas_comunes
6115,230.0,0.004153504104595291,2.8606458738402343,2003,ramas_comunes
6116,222.0,0.004311111992993746,2.9453133221234586,2003,ramas_comunes
6117,128.0,0.006364992390812666,4.048664265590365,2003,ramas_comunes
6211,469.0,-0.0009170071814107188,0.13675142642481491,2003,ramas_comunes
6212,445.0,-0.000529392456196335,0.3449792634600764,2003,ramas_comunes
6213,246.0,0.003174284081672895,2.334605829200611,2003,ramas_comunes
6214,138.0,0.006132623418411432,3.923834930248541,2003,ramas_comunes
6215,616.0,-0.0007356907492541036,0.23415517821995355,2003,ramas_comunes
6216,34.0,0.008425593053978886,5.155625356522122,2003,ramas_comunes
6219,113.0,0.005326573083847705,3.490822181274872,2003,ramas_comunes
6221,364.0,0.0016142853175676718,1.4965696368251786,2003,ramas_comunes
6222,27.0,0.010286896239900242,6.155523222262087,2003,ramas_comunes
6223,200.0,0.004124193587851535,2.844900173001437,2003,ramas_comunes
6231,29.0,0.011031237713631476,6.555385779095989,2003,ramas_comunes
6232,72.0,0.008414877012431108,5.149868665643467,2003,ramas_comunes
6233,121.0,0.004398212536251379,2.992104005106676,2003,ramas_comunes
6239,108.0,0.0077214767927989425,4.777371909092427,2003,ramas_comunes
6241,688.0,-0.002350395693390196,-0.6332693443691702,2003,ramas_comunes
6242,82.0,0.007290454739615434,4.545825520344528,2003,ramas_comunes
6243,58.0,0.009641205717530646,5.808656263601456,2003,ramas_comunes
6244,208.0,0.004685991816115555,3.1466999301106595,2003,ramas_comunes
7111,468.0,-0.0019552936768634276,-0.42101931113285246,2003,ramas_comunes
7112,116.0,0.005605246413152577,3.640526361291445,2003,ramas_comunes
7113,179.0,0.003466636456202742,2.4916584348951014,2003,ramas_comunes
7114,25.0,0.009553166571202526,5.761361360126889,2003,ramas_comunes
7115,140.0,0.005071898056851393,3.3540099639655105,2003,ramas_comunes
7121,97.0,0.0051936139246317355,3.4193961070403196,2003,ramas_comunes
7131,909.0,-0.0026806245547706057,-0.8106693167098191,2003,ramas_comunes
7132,141.0,0.005835724491263546,3.7643399023341586,2003,ramas_comunes
7139,745.0,-0.0021198515804869383,-0.5094203292304722,2003,ramas_comunes
7211,721.0,-0.0021668017770956134,-0.5346421210052753,2003,ramas_comunes
7212,31.0,0.005134978131562804,3.3878967764696406,2003,ramas_comunes
7213,353.0,-0.0008278027432050738,0.18467232832355893,2003,ramas_comunes
7223,249.0,0.003511494053095448,2.5157560755881936,2003,ramas_comunes
7224,1005.0,-0.0034966504831041765,-1.2490409857108122,2003,ramas_comunes
7225,809.0,-0.0027377359483717967,-0.8413497351409509,2003,ramas_comunes
8111,602.0,-0.0001330187125123608,0.5579124724841497,2003,ramas_comunes
8112,582.0,-0.0008230840560971366,0.18720722172728216,2003,ramas_comunes
8113,390.0,0.0009803367583964989,1.1560104973476382,2003,ramas_comunes
8114,541.0,-0.0005964490300302938,0.3089562632484157,2003,ramas_comunes
8121,419.0,0.0006577499285298724,0.9827158481259454,2003,ramas_comunes
8122,175.0,0.003491197710357646,2.504852817086645,2003,ramas_comunes
8123,1076.0,-0.003445055286943329,-1.2213238857166333,2003,ramas_comunes
8124,170.0,0.00436586767463661,2.974728244757213,2003,ramas_comunes
8129,447.0,-0.0004716917388103076,0.37597626846299553,2003,ramas_comunes
8131,731.0,-0.0021623663438581297,-0.532259392462533,2003,ramas_comunes
8132,571.0,-0.0015064476238726028,-0.1798978142021018,2003,ramas_comunes
1125,366.0,-0.0027507247374582195,-0.9804359456718712,2008,ramas_comunes
1141,330.0,-0.002532475096318425,-0.8549548982414814,2008,ramas_comunes
2111,15.0,0.006068255053730497,4.089972489762788,2008,ramas_comunes
2122,75.0,0.0013669173065159795,1.386972467569658,2008,ramas_comunes
2123,396.0,-0.0017536927885888423,-0.40719966169760746,2008,ramas_comunes
2131,53.0,0.005129576026295692,3.550285794525503,2008,ramas_comunes
2211,49.0,0.00934426095068579,5.973488307664083,2008,ramas_comunes
2213,1699.0,-0.004648873537657596,-2.0717628243043733,2008,ramas_comunes
2361,162.0,0.005793734655344485,3.932138978786152,2008,ramas_comunes
2362,166.0,0.0052907690796900365,3.642962570866544,2008,ramas_comunes
2371,179.0,0.003999744084483458,2.9006971182806636,2008,ramas_comunes
2372,201.0,0.0045224652168909755,3.201231840197946,2008,ramas_comunes
2373,230.0,0.0032866418599482397,2.490704168957528,2008,ramas_comunes
2379,71.0,0.009401718750564548,6.006523252758055,2008,ramas_comunes
2381,125.0,0.007287054602707132,4.7907124461474835,2008,ramas_comunes
2382,203.0,0.004935386026793653,3.4386376634643625,2008,ramas_comunes
2383,158.0,0.006907615864625986,4.57255689710999,2008,ramas_comunes
2389,113.0,0.007640087265593924,4.99368601386941,2008,ramas_comunes
3111,191.0,0.0028866797088696597,2.2607488325466627,2008,ramas_comunes
3112,275.0,0.0016967636449662501,1.5766152263099016,2008,ramas_comunes
3113,365.0,-0.001100736812420125,-0.03178736141756825,2008,ramas_comunes
3114,295.0,0.0007208847656230335,1.015540746161058,2008,ramas_comunes
3115,899.0,-0.0025534061144300425,-0.8669890352174405,2008,ramas_comunes
3116,649.0,-0.002258701497992246,-0.697550754540042,2008,ramas_comunes
3117,51.0,0.004675192522364804,3.2890412962043447,2008,ramas_comunes
3118,1443.0,-0.003929571440680252,-1.6582053033104212,2008,ramas_comunes
3119,397.0,-0.002007445377584995,-0.5530928713685247,2008,ramas_comunes
3121,738.0,-0.002176076992310808,-0.6500463945686815,2008,ramas_comunes
3122,23.0,0.008710333074815276,5.609016075571829,2008,ramas_comunes
3131,121.0,-0.0049868359999953975,-2.266071889578564,2008,ramas_comunes
3132,171.0,0.0013784171566671886,1.3935842229646733,2008,ramas_comunes
3133,140.0,0.0023597915379760877,1.9578183020902133,2008,ramas_comunes
3141,182.0,-0.0009009777930683771,0.08306263719420247,2008,ramas_comunes
3149,303.0,-0.00574367285040179,-2.70120974468313,2008,ramas_comunes
3151,215.0,-0.0003253654056772166,0.41400680235544546,2008,ramas_comunes
3152,709.0,-0.0035956974412397883,-1.466246870110854,2008,ramas_comunes
3159,212.0,-0.0029511917055764824,-1.0956929742896726,2008,ramas_comunes
3161,63.0,0.0006341090085641625,0.9656496543340721,2008,ramas_comunes
3162,147.0,-0.002568937499671126,-0.8759186924572787,2008,ramas_comunes
3169,303.0,-0.0019518286238598874,-0.5211164224009206,2008,ramas_comunes
3211,160.0,-0.0006754589310632859,0.2127230704115134,2008,ramas_comunes
3212,44.0,0.005877439791240643,3.980264639257801,2008,ramas_comunes
3219,793.0,-0.0030255592327999474,-1.1384500444139312,2008,ramas_comunes
3221,50.0,0.005765007445614441,3.9156224780127573,2008,ramas_comunes
3222,363.0,0.000959045855336714,1.152469736460262,2008,ramas_comunes
3231,141.0,0.006099124842023652,4.10772085053328,2008,ramas_comunes
3241,82.0,0.009132079941643122,5.851496376220506,2008,ramas_comunes
3251,119.0,0.006297939628589525,4.2220279693566996,2008,ramas_comunes
3252,51.0,0.009603676683770363,6.122637500933657,2008,ramas_comunes
3253,100.0,0.006368364309227449,4.262518128448128,2008,ramas_comunes
3254,114.0,0.005146698408084354,3.5601301836852004,2008,ramas_comunes
3255,92.0,0.008390952666208144,5.425390627248187,2008,ramas_comunes
3256,183.0,0.0047326280111800465,3.3220634137142504,2008,ramas_comunes
3259,198.0,0.002072253591556759,1.7925004463345184,2008,ramas_comunes
3261,190.0,0.0036985236095392216,2.727512592037745,2008,ramas_comunes
3262,107.0,0.005840219064984168,3.9588648527912986,2008,ramas_comunes
3271,280.0,-0.0018969867627365788,-0.4895854923116615,2008,ramas_comunes
3272,148.0,0.005526301218847435,3.778380065120567,2008,ramas_comunes
3273,776.0,-0.0018564414234439285,-0.4662742437052846,2008,ramas_comunes
3274,150.0,0.001886504554370159,1.6857053853042387,2008,ramas_comunes
3279,350.0,-0.00013823709604951782,0.5215948660669535,2008,ramas_comunes
3311,20.0,0.009624496520175068,6.134607714794025,2008,ramas_comunes
3312,89.0,0.0083435415259188,5.3981319361808975,2008,ramas_comunes
3313,61.0,0.00983396696503602,6.255041227030713,2008,ramas_comunes
3314,52.0,0.00969843482614832,6.177118007275146,2008,ramas_comunes
3315,109.0,0.007548998938678966,4.941315441298116,2008,ramas_comunes
3321,99.0,0.007271186537016827,4.781589216926508,2008,ramas_comunes
3322,160.0,0.0037649596128733077,2.7657094900574317,2008,ramas_comunes
3323,1314.0,-0.002723769118277288,-0.9649380080290255,2008,ramas_comunes
3324,114.0,0.007607709250687558,4.975070509152199,2008,ramas_comunes
3325,89.0,0.006596252474754029,4.393540775532111,2008,ramas_comunes
3326,137.0,0.005600107625724002,3.8208145231731834,2008,ramas_comunes
3327,293.0,0.0028542208799317917,2.2420868643884715,2008,ramas_comunes
3328,109.0,0.007579634503226029,4.958929136825452,2008,ramas_comunes
3329,150.0,0.005992374764120395,4.046345667881793,2008,ramas_comunes
3331,128.0,0.00534129676122298,3.6720130947064518,2008,ramas_comunes
3332,124.0,0.00610270795327346,4.109780934345274,2008,ramas_comunes
3333,62.0,0.009930425263230059,6.310499225621364,2008,ramas_comunes
3334,77.0,0.010005892188964485,6.353888386941642,2008,ramas_comunes
3335,63.0,0.009122694152324846,5.846100084760563,2008,ramas_comunes
3336,25.0,0.011134532165763728,7.002791751551835,2008,ramas_comunes
3339,101.0,0.007822753808336493,5.098708817087419,2008,ramas_comunes
3341,26.0,0.01174749098430267,7.3552079762946505,2008,ramas_comunes
3342,42.0,0.010702734762962724,6.754532968177768,2008,ramas_comunes
3343,28.0,0.012253709569354298,7.6462546783614895,2008,ramas_comunes
3344,52.0,0.007915259575641643,5.151894336725305,2008,ramas_comunes
3345,60.0,0.010108469188743105,6.412864288607585,2008,ramas_comunes
3346,20.0,0.01208630779373065,7.550008242228713,2008,ramas_comunes
3351,95.0,0.007616308810102608,4.98001476343461,2008,ramas_comunes
3352,85.0,0.008097873315814267,5.256886781488888,2008,ramas_comunes
3353,81.0,0.009452265335687292,6.0355846450797435,2008,ramas_comunes
3359,76.0,0.00887547865854949,5.70396533054998,2008,ramas_comunes
3361,26.0,0.009869626610319511,6.275543481319884,2008,ramas_comunes
3362,191.0,0.003497144874764449,2.611731349797078,2008,ramas_comunes
3363,175.0,0.004403995920531692,3.1331187779364487,2008,ramas_comunes
3364,18.0,0.010761733079097903,6.7884536219145115,2008,ramas_comunes
3365,12.0,0.010888136556775035,6.861128384149795,2008,ramas_comunes
3366,26.0,0.007384516273862072,4.846747326740962,2008,ramas_comunes
3369,58.0,0.008918434249961003,5.7286623361219435,2008,ramas_comunes
3371,822.0,-0.0037709335000261084,-1.5669975704980148,2008,ramas_comunes
3372,151.0,0.0054367254720444624,3.7268791395085206,2008,ramas_comunes
3379,140.0,0.005973086127336283,4.035255806132034,2008,ramas_comunes
3391,222.0,0.003318497727990735,2.50901946912435,2008,ramas_comunes
3399,296.0,-0.0028158665106023826,-1.0178887354355288,2008,ramas_comunes
4311,397.0,-9.190552320138396e-05,0.5482328676678697,2008,ramas_comunes
4312,602.0,-5.253481666088917e-05,0.5708687696971949,2008,ramas_comunes
4321,250.0,0.000176895533914329,0.7027780848839252,2008,ramas_comunes
4331,257.0,0.002504589267858349,2.0410687061517296,2008,ramas_comunes
4332,132.0,0.0056007502757690975,3.8211840101531784,2008,ramas_comunes
4333,141.0,0.0045332456776726255,3.20742998789523,2008,ramas_comunes
4334,281.0,0.0022681175326471044,1.9051109979647884,2008,ramas_comunes
4335,114.0,0.007382267741078471,4.845454549133658,2008,ramas_comunes
4341,1318.0,-0.00310746325442216,-1.18554016730368,2008,ramas_comunes
4342,780.0,-0.002443396553096354,-0.8037398362202836,2008,ramas_comunes
4343,315.0,0.00257987720649125,2.084354960136817,2008,ramas_comunes
4351,399.0,0.0007414584214809164,1.0273694203024553,2008,ramas_comunes
4352,141.0,0.006708660783789831,4.458169117113927,2008,ramas_comunes
4353,106.0,0.007857626209673467,5.118758451182228,2008,ramas_comunes
4354,132.0,0.0071486367939232595,4.711130131425167,2008,ramas_comunes
4361,175.0,0.006312554242119588,4.230430535353901,2008,ramas_comunes
4373,48.0,0.012046675936322164,7.527222193402894,2008,ramas_comunes
4611,1661.0,-0.003981611391739643,-1.6881252955406763,2008,ramas_comunes
4612,1308.0,-0.003615663816135593,-1.477726392469879,2008,ramas_comunes
4621,458.0,-0.0006881226250499726,0.20544217144879964,2008,ramas_comunes
4622,212.0,0.006053273448166777,4.081358924358937,2008,ramas_comunes
4631,918.0,-0.002998556345053001,-1.1229249300520625,2008,ramas_comunes
4632,816.0,-0.002282107971687914,-0.711008136740744,2008,ramas_comunes
4633,1030.0,-0.0032793835038063953,-1.2843844671365023,2008,ramas_comunes
4641,965.0,-0.0033895773921486937,-1.3477396436096782,2008,ramas_comunes
4651,273.0,-0.0007641312018852273,0.16174159175862765,2008,ramas_comunes
4652,673.0,-0.0024570415610083263,-0.8115849345033709,2008,ramas_comunes
4653,684.0,-0.0026685687595460745,-0.933200962341563,2008,ramas_comunes
4659,691.0,-0.0017043916895609298,-0.37885435256819033,2008,ramas_comunes
4661,841.0,-0.0024809986134261782,-0.8253588679450818,2008,ramas_comunes
4662,396.0,0.0006917168567075253,0.9987708685889439,2008,ramas_comunes
4663,494.0,-0.001598889977357824,-0.318196908717157,2008,ramas_comunes
4664,373.0,-7.223586704442815e-05,0.5595417937411524,2008,ramas_comunes
4671,595.0,-0.00166915717867034,-0.358596526213201,2008,ramas_comunes
4681,228.0,0.004538907316639243,3.2106851061350294,2008,ramas_comunes
4682,488.0,8.018761904802687e-05,0.647176570998916,2008,ramas_comunes
4683,342.0,0.0022322081071400107,1.8844651343486027,2008,ramas_comunes
4684,1020.0,-0.0024498691409874035,-0.8074612036594809,2008,ramas_comunes
4691,209.0,0.005165655598306363,3.5710294826392412,2008,ramas_comunes
4811,12.0,0.009945866483953188,6.319377043425889,2008,ramas_comunes
4812,50.0,0.009309260216583794,5.953364889577278,2008,ramas_comunes
4831,16.0,0.009493079760363525,6.059050602374775,2008,ramas_comunes
4832,94.0,-0.0008688878303113152,0.10151252841844112,2008,ramas_comunes
4841,247.0,0.003669823322873864,2.7110115704850233,2008,ramas_comunes
4842,306.0,0.001962828015230014,1.729587005279378,2008,ramas_comunes
4851,322.0,0.002167500391918266,1.8472619030376696,2008,ramas_comunes
4852,281.0,0.0003712417693637775,0.8145160426692928,2008,ramas_comunes
4853,15.0,0.01177618873771918,7.371707541374331,2008,ramas_comunes
4854,113.0,0.0063373214891784034,4.244670284325203,2008,ramas_comunes
4855,71.0,0.007395079787354887,4.852820742168822,2008,ramas_comunes
4859,159.0,-0.00247273152856325,-0.8206057674937887,2008,ramas_comunes
4862,17.0,0.011302279614362075,7.0992369298530145,2008,ramas_comunes
4869,10.0,0.0073000970913730595,4.798211130362278,2008,ramas_comunes
4871,157.0,0.0039986896682345134,2.900090889309774,2008,ramas_comunes
4872,93.0,0.0008003636677033988,1.061236564168262,2008,ramas_comunes
4881,66.0,0.007967580744087405,5.181976012851182,2008,ramas_comunes
4882,24.0,0.010941096396160713,6.8915772594980185,2008,ramas_comunes
4883,51.0,0.007108423411162923,4.688009738818179,2008,ramas_comunes
4884,420.0,0.0011965710018441837,1.2890330958278189,2008,ramas_comunes
4885,66.0,0.008440987894904769,5.45415801890337,2008,ramas_comunes
4889,103.0,0.006284920610693603,4.214542779490802,2008,ramas_comunes
4911,32.0,0.010474766792777356,6.623464437984322,2008,ramas_comunes
4921,261.0,0.003685156883016525,2.7198274896200547,2008,ramas_comunes
4922,80.0,0.0080123466385808,5.207713839043489,2008,ramas_comunes
4931,150.0,0.005629881628822745,3.8379328701977857,2008,ramas_comunes
5121,134.0,0.0061587568922856755,4.142005865107519,2008,ramas_comunes
5122,68.0,0.007882340632917519,5.132967829484552,2008,ramas_comunes
5131,166.0,0.005838711562364715,3.9579981250995364,2008,ramas_comunes
5132,28.0,0.012326720461934237,7.688231761241961,2008,ramas_comunes
5161,319.0,0.002246857467599968,1.8928876778410035,2008,ramas_comunes
5162,89.0,0.0064395873387433356,4.303467292433669,2008,ramas_comunes
5173,691.0,-0.0006804979522987924,0.20982592171814932,2008,ramas_comunes
5174,32.0,0.010337492659171358,6.54453967100637,2008,ramas_comunes
5179,448.0,2.495846320766559e-06,0.6025082500448576,2008,ramas_comunes
5182,35.0,0.011901801437457128,7.443927651571811,2008,ramas_comunes
5192,106.0,0.006335872768183462,4.243837352701901,2008,ramas_comunes
5221,11.0,0.013310915153930883,8.25408735753165,2008,ramas_comunes
5223,845.0,-0.0027254504714051605,-0.9659046898090458,2008,ramas_comunes
5224,448.0,0.0007539107012899582,1.034528768217873,2008,ramas_comunes
5225,33.0,0.010090314315788348,6.402426276144282,2008,ramas_comunes
5231,383.0,-4.773635506598239e-05,0.5736276103708332,2008,ramas_comunes
5239,52.0,0.009888155350347407,6.286196445943897,2008,ramas_comunes
5241,15.0,0.012702011727789642,7.904002751219669,2008,ramas_comunes
5242,154.0,0.006624837180289577,4.409975344552971,2008,ramas_comunes
5311,646.0,-0.0006932744842463791,0.20248014738863224,2008,ramas_comunes
5312,162.0,0.005322233100139086,3.661052581102983,2008,ramas_comunes
5313,144.0,0.00484060464339741,3.384143794868061,2008,ramas_comunes
5321,116.0,0.006730141500641417,4.470519299391506,2008,ramas_comunes
5322,688.0,-0.0011490581148727965,-0.059569343616009136,2008,ramas_comunes
5323,300.0,0.0015216508535256948,1.4759353975886906,2008,ramas_comunes
5324,397.0,0.0009477661655875099,1.1459845606907706,2008,ramas_comunes
5331,29.0,0.011944598893860186,7.468533738568181,2008,ramas_comunes
5411,305.0,0.0022603090411554665,1.9006215624445055,2008,ramas_comunes
5412,294.0,0.0033004071142242798,2.498618402015061,2008,ramas_comunes
5413,221.0,0.0033237521593191244,2.5120404662874796,2008,ramas_comunes
5414,198.0,0.00411667809112398,2.96792747685929,2008,ramas_comunes
5415,161.0,0.004214799699133453,3.0243417833584076,2008,ramas_comunes
5416,208.0,0.002271145048902791,1.9068516464666239,2008,ramas_comunes
5417,93.0,0.0072137433692639015,4.748562684467105,2008,ramas_comunes
5418,275.0,0.001790798594442518,1.6306799381404604,2008,ramas_comunes
5419,599.0,-0.0014456384612859365,-0.23008606163137293,2008,ramas_comunes
5511,30.0,0.01224799303467047,7.642967998227434,2008,ramas_comunes
5611,163.0,0.004931946303514583,3.43666001952564,2008,ramas_comunes
5612,107.0,0.0076120776069441105,4.977582063882638,2008,ramas_comunes
5613,130.0,0.006724041309402291,4.467012038705011,2008,ramas_comunes
5614,982.0,-0.003018665896199657,-1.1344867705575463,2008,ramas_comunes
5615,267.0,0.0013493119754405258,1.3768504102220733,2008,ramas_comunes
5616,149.0,0.006812200810210558,4.517698703959485,2008,ramas_comunes
5617,198.0,0.005258912864772786,3.624647071266598,2008,ramas_comunes
5619,229.0,0.0028922211035235295,2.263934817191409,2008,ramas_comunes
5621,143.0,0.0067618510776557336,4.488750490593247,2008,ramas_comunes
6111,287.0,0.0019949768065434057,1.7480707195551852,2008,ramas_comunes
6112,94.0,0.008509303305933762,5.493435468739197,2008,ramas_comunes
6113,215.0,0.0043537839824491446,3.104249788502133,2008,ramas_comunes
6114,484.0,0.0005200938747092871,0.9000974804825603,2008,ramas_comunes
6115,220.0,0.00412404556313704,2.9721633514306514,2008,ramas_comunes
6116,233.0,0.00394763966133245,2.8707400582891793,2008,ramas_comunes
6117,109.0,0.00709723680434509,4.681578080404618,2008,ramas_comunes
6211,413.0,-0.0005936800785112976,0.25974122825263457,2008,ramas_comunes
6212,409.0,0.0002319625783702408,0.7344384824962069,2008,ramas_comunes
6213,254.0,0.0031050159207723508,2.3862796532089736,2008,ramas_comunes
6214,143.0,0.0058585335018465105,3.969394605365382,2008,ramas_comunes
6215,765.0,-0.001139870239396079,-0.054286841283095605,2008,ramas_comunes
6216,76.0,0.006877656824773597,4.555332164546611,2008,ramas_comunes
6219,278.0,0.0025873970734211424,2.0886784530597478,2008,ramas_comunes
6221,349.0,0.001909262765766967,1.6987900538003697,2008,ramas_comunes
6222,23.0,0.009370583443863198,5.988622234105524,2008,ramas_comunes
6223,283.0,0.0029091128713330506,2.273646616517264,2008,ramas_comunes
6231,42.0,0.009253954082772934,5.921567029275337,2008,ramas_comunes
6232,87.0,0.006946564651884718,4.594950219709951,2008,ramas_comunes
6233,227.0,0.0031576134674512835,2.416520230994455,2008,ramas_comunes
6239,240.0,0.0022246261733845914,1.8801059565547273,2008,ramas_comunes
6241,816.0,-0.002121980392126739,-0.618943946848403,2008,ramas_comunes
6242,184.0,0.0040362474967446755,2.9216844902708288,2008,ramas_comunes
6243,68.0,0.007484649978045942,4.904318473334642,2008,ramas_comunes
6244,329.0,0.00183658121154339,1.6570023216180223,2008,ramas_comunes
7111,393.0,-0.0007937353357053929,0.14472090984307567,2008,ramas_comunes
7112,27.0,0.008937794063513837,5.739793120438379,2008,ramas_comunes
7113,300.0,0.0015027716480870894,1.4650809354199654,2008,ramas_comunes
7114,33.0,0.008353935940092668,5.404108129182411,2008,ramas_comunes
7115,171.0,0.004065761185235872,2.938653171300812,2008,ramas_comunes
7121,150.0,0.0036845518227657855,2.7194796146195515,2008,ramas_comunes
7131,1007.0,-0.0028062705343750933,-1.012371598537484,2008,ramas_comunes
7132,193.0,0.003998005490065128,2.89969752603607,2008,ramas_comunes
7139,806.0,-0.0015758908913296856,-0.3049737510996655,2008,ramas_comunes
7211,797.0,-0.002272090569724134,-0.7052487041736076,2008,ramas_comunes
7212,66.0,0.0035548049234043165,2.644882576348619,2008,ramas_comunes
7213,449.0,-0.0014500268626599392,-0.23260914115663142,2008,ramas_comunes
7223,204.0,0.005143568023568294,3.558330391823534,2008,ramas_comunes
7224,1085.0,-0.0033208240696250783,-1.3082104197377513,2008,ramas_comunes
7225,928.0,-0.0026083145158840794,-0.8985582221869975,2008,ramas_comunes
8111,654.0,-9.031944868135958e-05,0.5491447697037032,2008,ramas_comunes
8112,523.0,-0.00021923345822488647,0.4750265953896766,2008,ramas_comunes
8113,489.0,0.00032589418722101313,0.7884437793840352,2008,ramas_comunes
8114,607.0,-0.00048417265996863936,0.32270172389592094,2008,ramas_comunes
8121,433.0,0.0011676223888503175,1.2723893008545177,2008,ramas_comunes
8122,228.0,0.002213645803213967,1.8737928724049082,2008,ramas_comunes
8123,1437.0,-0.003637854769618691,-1.4904849201448664,2008,ramas_comunes
8124,235.0,0.0029538170429868602,2.2993489556108484,2008,ramas_comunes
8129,423.0,0.0005736328931784479,0.9308793506419809,2008,ramas_comunes
8131,855.0,-0.0022929057177213685,-0.7172162224681216,2008,ramas_comunes
8132,561.0,-0.0009176167642859551,0.07349618143444955,2008,ramas_comunes
1125,384.0,-0.002467934569682527,-0.8441976336203513,2013,ramas_comunes
1141,316.0,-0.0023188467621443505,-0.7575440429963064,2013,ramas_comunes
2111,24.0,0.0073893378048188706,4.885097465115511,2013,ramas_comunes
2122,115.0,5.4039264066191956e-05,0.621637110097735,2013,ramas_comunes
2123,383.0,-0.0016268672435710539,-0.35534810952052825,2013,ramas_comunes
2131,27.0,0.004280922481008511,3.0784081495589892,2013,ramas_comunes
2213,1747.0,-0.004694538419786087,-2.138355899777625,2013,ramas_comunes
2361,182.0,0.005613901477949193,3.8531691324902733,2013,ramas_comunes
2362,185.0,0.004899851561088234,3.438145327374898,2013,ramas_comunes
2371,192.0,0.004483169190468707,3.1959590335381254,2013,ramas_comunes
2372,256.0,0.0038186696631170836,2.80973516343222,2013,ramas_comunes
2373,201.0,0.0034806580991354197,2.613274324849159,2013,ramas_comunes
2379,90.0,0.007870423221441708,5.164716432190055,2013,ramas_comunes
2381,176.0,0.005696426548803205,3.90113478323051,2013,ramas_comunes
2382,212.0,0.004523360338369618,3.2193191414800446,2013,ramas_comunes
2383,184.0,0.006020774449997993,4.089653956689442,2013,ramas_comunes
2389,144.0,0.0065904921516544875,4.420788241281909,2013,ramas_comunes
3111,194.0,0.003414434451391337,2.574783472002072,2013,ramas_comunes
3112,314.0,0.0012706998001229583,1.328790872439416,2013,ramas_comunes
3113,397.0,-0.0012063515798444889,-0.11093380913429872,2013,ramas_comunes
3114,366.0,-0.0002962174030377364,0.41805910901408333,2013,ramas_comunes
3115,971.0,-0.002677163625773574,-0.9658068334103896,2013,ramas_comunes
3116,795.0,-0.0025971055994373567,-0.9192750911112673,2013,ramas_comunes
3117,47.0,0.0051717225017597675,3.5961635690040294,2013,ramas_comunes
3118,1506.0,-0.004051812532179243,-1.764787417768137,2013,ramas_comunes
3119,467.0,-0.0024684868789308905,-0.8445186496732119,2013,ramas_comunes
3121,807.0,-0.002611924141839813,-0.9278880013699328,2013,ramas_comunes
3122,22.0,0.009379330090775495,6.041731127785318,2013,ramas_comunes
3131,155.0,-0.007515643756760891,-3.778053411023974,2013,ramas_comunes
3132,121.0,0.0019230452758869205,1.7079505014910612,2013,ramas_comunes
3133,101.0,0.0028536442044693254,2.2488380490653674,2013,ramas_comunes
3141,178.0,-0.0006174930574097443,0.23132560282649486,2013,ramas_comunes
3149,276.0,-0.005485686730505102,-2.5981912342156557,2013,ramas_comunes
3151,257.0,-0.0016033948631154053,-0.3417053705161682,2013,ramas_comunes
3152,706.0,-0.0035010353691224735,-1.4446618514949006,2013,ramas_comunes
3159,242.0,-0.0004328527966048657,0.33864317517999404,2013,ramas_comunes
3161,57.0,0.0004830130139225179,0.8709674632789829,2013,ramas_comunes
3162,184.0,-0.002438748420921819,-0.8272339084951074,2013,ramas_comunes
3169,325.0,-0.002186945549528574,-0.6808797344283787,2013,ramas_comunes
3211,148.0,-0.0010172098982219435,-0.0009998975696888963,2013,ramas_comunes
3212,39.0,0.00603345162270304,4.0970222489193215,2013,ramas_comunes
3219,880.0,-0.0030720940013991282,-1.1953503196253428,2013,ramas_comunes
3221,52.0,0.006941621766076055,4.624873621344084,2013,ramas_comunes
3222,429.0,0.0007007175161031106,0.9975028059101224,2013,ramas_comunes
3231,161.0,0.005382509879259524,3.7186785044651516,2013,ramas_comunes
3241,91.0,0.008303005969679774,5.416144426174385,2013,ramas_comunes
3251,124.0,0.005751972604416802,3.9334195504653398,2013,ramas_comunes
3252,69.0,0.009428332263647275,6.0702124254704595,2013,ramas_comunes
3253,121.0,0.00552733701186149,3.8028556834509746,2013,ramas_comunes
3254,123.0,0.005379028945987186,3.716655298330783,2013,ramas_comunes
3255,108.0,0.007142707822224176,4.741749904370789,2013,ramas_comunes
3256,210.0,0.003944158519150205,2.88267244876851,2013,ramas_comunes
3259,220.0,0.0013621245959833377,1.3819292676186699,2013,ramas_comunes
3261,178.0,0.0036438075987407625,2.7081009252450294,2013,ramas_comunes
3262,107.0,0.004963871036227002,3.475355059560546,2013,ramas_comunes
3271,284.0,-0.0016813813476339316,-0.38703308050979957,2013,ramas_comunes
3272,194.0,0.004768518826340755,3.361811432469171,2013,ramas_comunes
3273,839.0,-0.0020709694800294383,-0.6134715203395742,2013,ramas_comunes
3274,163.0,0.0016101199965486478,1.5260704436952552,2013,ramas_comunes
3279,389.0,-7.68898496736781e-05,0.5455378098925288,2013,ramas_comunes
3311,27.0,0.00875377559966124,5.678143094121553,2013,ramas_comunes
3312,94.0,0.008158328411163599,5.332054183416361,2013,ramas_comunes
3313,54.0,0.00991379496273245,6.352375579415819,2013,ramas_comunes
3314,50.0,0.009721277970716239,6.240479852395529,2013,ramas_comunes
3315,100.0,0.007086292977377502,4.708960174940965,2013,ramas_comunes
3321,97.0,0.007701121055486659,5.066313747069903,2013,ramas_comunes
3322,163.0,0.002878727373824146,2.263417019168403,2013,ramas_comunes
3323,1430.0,-0.0029525941842951826,-1.1258940146332532,2013,ramas_comunes
3324,109.0,0.007756700239730058,5.098617769499187,2013,ramas_comunes
3325,81.0,0.0066163892979695296,4.435840315305736,2013,ramas_comunes
3326,129.0,0.00593699146055455,4.040957171966575,2013,ramas_comunes
3327,261.0,0.003172211298500943,2.43399727172976,2013,ramas_comunes
3328,104.0,0.008136938723321323,5.319621957840932,2013,ramas_comunes
3329,165.0,0.005847042033765034,3.988676298469322,2013,ramas_comunes
3331,132.0,0.004702077025407517,3.3231937834912775,2013,ramas_comunes
3332,110.0,0.006695142669536063,4.481613759376554,2013,ramas_comunes
3333,80.0,0.00744926024982407,4.919925900145939,2013,ramas_comunes
3334,80.0,0.00961132499525304,6.1765724123371335,2013,ramas_comunes
3335,63.0,0.009523348716708478,6.125438382321464,2013,ramas_comunes
3336,29.0,0.011422826640396037,7.229462816757422,2013,ramas_comunes
3339,109.0,0.007968609524157731,5.22178478553789,2013,ramas_comunes
3341,24.0,0.013283790701356518,8.311102023660618,2013,ramas_comunes
3342,46.0,0.010946405609110626,6.9525549079794375,2013,ramas_comunes
3343,30.0,0.010855034565891852,6.899447755190004,2013,ramas_comunes
3344,73.0,0.00880154725992269,5.705909186869726,2013,ramas_comunes
3345,51.0,0.011420654302648428,7.228200199317493,2013,ramas_comunes
3346,16.0,0.013345325632369485,8.346867676192003,2013,ramas_comunes
3351,98.0,0.006971191071337534,4.642060046682786,2013,ramas_comunes
3352,94.0,0.008958011041527115,5.796849879489194,2013,ramas_comunes
3353,85.0,0.008872487636180686,5.747141521186548,2013,ramas_comunes
3359,80.0,0.008442638701924052,5.497302488777956,2013,ramas_comunes
3361,31.0,0.010714767217710888,6.817920837812262,2013,ramas_comunes
3362,207.0,0.0036557143473017577,2.7150214275483697,2013,ramas_comunes
3363,179.0,0.004145288226942244,2.999574103230644,2013,ramas_comunes
3364,22.0,0.010250793662183308,6.548247715610272,2013,ramas_comunes
3365,20.0,0.010026289231439358,6.417760083145834,2013,ramas_comunes
3366,33.0,0.006388854990057904,4.30359164188118,2013,ramas_comunes
3369,50.0,0.010062054854715851,6.438547964656677,2013,ramas_comunes
3371,936.0,-0.0039128980880918495,-1.684046842341583,2013,ramas_comunes
3372,161.0,0.005266161160848973,3.6510536974386043,2013,ramas_comunes
3379,200.0,0.003819560372161254,2.8102528659737835,2013,ramas_comunes
3391,199.0,0.003925935115833606,2.872080547547016,2013,ramas_comunes
3399,344.0,-0.0031428910058520407,-1.2364993226362058,2013,ramas_comunes
4311,324.0,-6.302269661691151e-07,0.5898618242861837,2013,ramas_comunes
4312,621.0,-0.00042069829774343164,0.34570767620104115,2013,ramas_comunes
4321,157.0,-8.221282971308565e-05,0.5424439597591657,2013,ramas_comunes
4331,201.0,0.0034303022897884472,2.5840062595341755,2013,ramas_comunes
4332,176.0,0.003344135850779741,2.533924153863125,2013,ramas_comunes
4333,126.0,0.0048340300229989955,3.3998881907920198,2013,ramas_comunes
4334,234.0,0.0026486299917914172,2.129678622477427,2013,ramas_comunes
4335,118.0,0.006631949726401424,4.444884428419592,2013,ramas_comunes
4341,1375.0,-0.002993792038759481,-1.1498392457979423,2013,ramas_comunes
4342,514.0,-0.0008078297668783097,0.12069711096411764,2013,ramas_comunes
4343,418.0,0.0012023936136855023,1.2890895956255803,2013,ramas_comunes
4351,424.0,0.0007988650499965755,1.0545486258413468,2013,ramas_comunes
4352,156.0,0.00600020859148869,4.077700561482119,2013,ramas_comunes
4353,146.0,0.005679037357260069,3.891027746913163,2013,ramas_comunes
4354,121.0,0.00782648178687703,5.139176563135197,2013,ramas_comunes
4361,166.0,0.006611956549981442,4.433263890473672,2013,ramas_comunes
4373,74.0,0.009622773647364259,6.183226657440232,2013,ramas_comunes
4611,1685.0,-0.003919850776650499,-1.6880879201335643,2013,ramas_comunes
4612,1361.0,-0.003520543946578055,-1.45600072831124,2013,ramas_comunes
4621,527.0,-0.0008894112494062776,0.07327989753658117,2013,ramas_comunes
4622,313.0,0.00436423859267384,3.126833573152303,2013,ramas_comunes
4631,989.0,-0.002934580839357972,-1.1154242046351484,2013,ramas_comunes
4632,876.0,-0.0022504304229607358,-0.7177787426306501,2013,ramas_comunes
4633,1038.0,-0.0030545350652392183,-1.1851446234593102,2013,ramas_comunes
4641,891.0,-0.003006603515718878,-1.157285599044801,2013,ramas_comunes
4651,302.0,0.0001719973951559922,0.6901973483292589,2013,ramas_comunes
4652,677.0,-0.002077740003942962,-0.617406719449418,2013,ramas_comunes
4653,768.0,-0.003000114370988376,-1.1535139446066398,2013,ramas_comunes
4659,800.0,-0.0024218280134307986,-0.8173993412817996,2013,ramas_comunes
4661,790.0,-0.0019071425430224065,-0.5182511762550096,2013,ramas_comunes
4662,477.0,-0.00033101985625585024,0.39783104621221627,2013,ramas_comunes
4663,543.0,-0.0020162035469102986,-0.5816401799569306,2013,ramas_comunes
4664,475.0,-0.00051520788064158,0.29077632506149015,2013,ramas_comunes
4671,681.0,-0.002106759559333704,-0.6342736163100297,2013,ramas_comunes
4681,207.0,0.005197804189247659,3.6113229030077925,2013,ramas_comunes
4682,539.0,-1.5358359101471037e-05,0.5813014627530484,2013,ramas_comunes
4683,430.0,0.0007260158725199349,1.0122068481561213,2013,ramas_comunes
4684,1038.0,-0.002393430257537852,-0.8008938499581122,2013,ramas_comunes
4691,264.0,0.003161998407906665,2.4280612823604213,2013,ramas_comunes
4811,13.0,0.012028452002393678,7.58146753838192,2013,ramas_comunes
4812,14.0,0.010435187288097503,6.655421937550321,2013,ramas_comunes
4831,17.0,0.008675654875334287,5.632737360568539,2013,ramas_comunes
4832,72.0,-0.0008220776984263197,0.11241585411295281,2013,ramas_comunes
4841,229.0,0.0038033157767274404,2.8008110977579994,2013,ramas_comunes
4842,340.0,0.0021550437399507224,1.8427938549641076,2013,ramas_comunes
4851,342.0,0.0018796023809355246,1.6827003962222071,2013,ramas_comunes
4852,365.0,-0.0006484834180546403,0.2133132242895935,2013,ramas_comunes
4853,15.0,0.012731689621408228,7.990206963528477,2013,ramas_comunes
4854,99.0,0.006829460839697728,4.559682864575377,2013,ramas_comunes
4855,164.0,0.003943583449098038,2.882338203562926,2013,ramas_comunes
4859,160.0,-0.0024721426929690603,-0.8466435009155248,2013,ramas_comunes
4862,17.0,0.009165843074876098,5.91764709445779,2013,ramas_comunes
4871,99.0,0.005399986055735982,3.7288360986176894,2013,ramas_comunes
4872,68.0,0.0015573050460832658,1.495373063594039,2013,ramas_comunes
4881,73.0,0.008396718995503417,5.470612798269689,2013,ramas_comunes
4882,17.0,0.011482186454638468,7.263964236610725,2013,ramas_comunes
4883,53.0,0.007118470764441732,4.727662715634894,2013,ramas_comunes
4884,466.0,0.001249520343479698,1.3164808385344984,2013,ramas_comunes
4885,62.0,0.008602931226960913,5.5904685435613555,2013,ramas_comunes
4889,59.0,0.0079600448019115,5.2168067531448425,2013,ramas_comunes
4911,32.0,0.010212301282610485,6.5258749746281195,2013,ramas_comunes
4921,102.0,0.00720538377824184,4.778178749387741,2013,ramas_comunes
4922,44.0,0.00917403940126828,5.922411005897208,2013,ramas_comunes
4931,216.0,0.0029413703418729766,2.2998266907466003,2013,ramas_comunes
5121,163.0,0.006861366295618694,4.578227119546334,2013,ramas_comunes
5122,56.0,0.008134302500702954,5.318089718824623,2013,ramas_comunes
5131,210.0,0.004842175264039021,3.4046224101374603,2013,ramas_comunes
5132,26.0,0.01193216700688967,7.525504272696993,2013,ramas_comunes
5161,352.0,0.0011915639049011025,1.2827950959808614,2013,ramas_comunes
5162,77.0,0.0073540744146946965,4.8646014941686335,2013,ramas_comunes
5173,407.0,-0.0001219654612276399,0.5193387285912273,2013,ramas_comunes
5174,14.0,0.01135878556813603,7.192240531780682,2013,ramas_comunes
5179,633.0,-0.0002160482668505383,0.4646554311584671,2013,ramas_comunes
5182,102.0,0.007542248334282962,4.973972918052159,2013,ramas_comunes
5192,132.0,0.005993548873585115,4.073829765617472,2013,ramas_comunes
5221,13.0,0.012955113709544637,8.12006667364572,2013,ramas_comunes
5223,890.0,-0.0023762041261781146,-0.790881588328331,2013,ramas_comunes
5224,517.0,0.0005017184088391998,0.8818395101642131,2013,ramas_comunes
5225,10.0,0.012450847001260338,7.826974155709181,2013,ramas_comunes
5231,325.0,0.00028474936444381556,0.7557316341307323,2013,ramas_comunes
5239,25.0,0.012344920304158836,7.765406890093311,2013,ramas_comunes
5241,60.0,0.00583432370018967,3.981284082504395,2013,ramas_comunes
5242,153.0,0.006845713679701566,4.569129424743014,2013,ramas_comunes
5311,658.0,-0.00014428109376069106,0.5063683206285208,2013,ramas_comunes
5312,163.0,0.005928539694112815,4.036044792333488,2013,ramas_comunes
5313,135.0,0.005781118373449056,3.950359805874872,2013,ramas_comunes
5321,126.0,0.005772708938935435,3.9454720306251323,2013,ramas_comunes
5322,722.0,-0.0009249190331339385,0.05264187886885104,2013,ramas_comunes
5323,89.0,0.00813707313491211,5.319700081244552,2013,ramas_comunes
5324,553.0,-0.00011950229934731572,0.5207703803456051,2013,ramas_comunes
5331,30.0,0.011348801745227788,7.186437682322772,2013,ramas_comunes
5411,342.0,0.0021196446710814052,1.822219024111567,2013,ramas_comunes
5412,283.0,0.0036177593598993403,2.6929610324374704,2013,ramas_comunes
5413,228.0,0.004140957470154032,2.997056958254037,2013,ramas_comunes
5414,207.0,0.004803614819230865,3.3822101079253466,2013,ramas_comunes
5415,105.0,0.005822121831103294,3.9741920487149236,2013,ramas_comunes
5416,195.0,0.0031003305805412536,2.3922183871201224,2013,ramas_comunes
5417,86.0,0.007869599355454693,5.164237580517697,2013,ramas_comunes
5418,309.0,0.0006331596279368012,0.9582364589079417,2013,ramas_comunes
5419,590.0,-0.0009413731400709233,0.04307833728791636,2013,ramas_comunes
5511,48.0,0.010725666125408082,6.824255557608849,2013,ramas_comunes
5611,171.0,0.004230506110870431,3.049104884786135,2013,ramas_comunes
5612,124.0,0.007521896097076855,4.962143684929324,2013,ramas_comunes
5613,131.0,0.007102721503961452,4.718508848576112,2013,ramas_comunes
5614,1156.0,-0.0033854540845324886,-1.3774830963435307,2013,ramas_comunes
5615,225.0,0.002305425860098325,1.9301997326923013,2013,ramas_comunes
5616,148.0,0.007613257341980128,5.015245142690879,2013,ramas_comunes
5617,188.0,0.005666599170779515,3.8837983594992025,2013,ramas_comunes
5619,275.0,0.0030285918085850728,2.3505220051046396,2013,ramas_comunes
5621,166.0,0.0073575291905927185,4.8666094969779055,2013,ramas_comunes
6111,248.0,0.0034097285928186664,2.5720483084161003,2013,ramas_comunes
6112,99.0,0.007542116566151809,4.973896331093891,2013,ramas_comunes
6113,252.0,0.0036270668666977973,2.6983707899297955,2013,ramas_comunes
6114,398.0,0.0006917025373982515,0.9922630731172493,2013,ramas_comunes
6115,347.0,0.002911326752874462,2.2823645997483966,2013,ramas_comunes
6116,218.0,0.004910319808306392,3.4442297364488006,2013,ramas_comunes
6117,74.0,0.009280855434200149,5.984495175908178,2013,ramas_comunes
6211,369.0,0.0001241756690178918,0.6624021560319612,2013,ramas_comunes
6212,413.0,0.0005828347375275495,0.9289863644586921,2013,ramas_comunes
6213,283.0,0.0025668963231259335,2.082172954631808,2013,ramas_comunes
6214,134.0,0.006463788481617967,4.347144875434589,2013,ramas_comunes
6215,797.0,-0.0011336889238289778,-0.06870044242245975,2013,ramas_comunes
6216,91.0,0.006652732719762873,4.456964027874592,2013,ramas_comunes
6219,290.0,0.0026039284354114852,2.103696951469136,2013,ramas_comunes
6221,296.0,0.0035196892992441294,2.635960241904577,2013,ramas_comunes
6222,18.0,0.010470659144282125,6.676039074224694,2013,ramas_comunes
6223,219.0,0.004616956274859853,3.2737194583042233,2013,ramas_comunes
6231,36.0,0.010148723395233279,6.488921904377117,2013,ramas_comunes
6232,87.0,0.007458491556046307,4.925291367943177,2013,ramas_comunes
6233,246.0,0.0030307702044579735,2.3517881436796477,2013,ramas_comunes
6239,231.0,0.003487148148482832,2.6170465050734637,2013,ramas_comunes
6241,855.0,-0.0022471894990558185,-0.7158950359886534,2013,ramas_comunes
6242,281.0,0.002380209764715437,1.9736660225450076,2013,ramas_comunes
6243,103.0,0.007412090438919671,4.898321869401451,2013,ramas_comunes
6244,384.0,0.0012219114036259892,1.3004338269702929,2013,ramas_comunes
7111,491.0,-0.0013199344513117911,-0.17695103622049627,2013,ramas_comunes
7112,60.0,0.008504659070735015,5.533350289990146,2013,ramas_comunes
7113,349.0,0.0014088221297752636,1.4090710509957032,2013,ramas_comunes
7114,47.0,0.008111141261064474,5.3046278227036785,2013,ramas_comunes
7115,264.0,0.00234426343485554,1.952773109814241,2013,ramas_comunes
7121,182.0,0.0024365370551109704,2.006404863121534,2013,ramas_comunes
7131,995.0,-0.0026060002564865367,-0.9244448899258588,2013,ramas_comunes
7132,194.0,0.004134694296359949,2.9934166438183936,2013,ramas_comunes
7139,678.0,-0.000625553340452468,0.2266407632099537,2013,ramas_comunes
7211,863.0,-0.002246573954656118,-0.715537266072365,2013,ramas_comunes
7212,72.0,0.002866605481683928,2.2563714699953876,2013,ramas_comunes
7213,551.0,-0.002053757075068637,-0.6034672368387478,2013,ramas_comunes
7223,221.0,0.004666492501789779,3.3025111616656564,2013,ramas_comunes
7224,1090.0,-0.002950323093472044,-1.124573999417335,2013,ramas_comunes
7225,961.0,-0.002207604975006714,-0.692887513115796,2013,ramas_comunes
8111,718.0,-0.000258556683952514,0.43994846796372344,2013,ramas_comunes
8112,567.0,-0.00028957861713568953,0.42191773867197363,2013,ramas_comunes
8113,551.0,0.00020214170746001277,0.7077179822507623,2013,ramas_comunes
8114,628.0,-0.0003417416255922593,0.39159928369464936,2013,ramas_comunes
8121,515.0,0.0007100371546027882,1.0029196146529056,2013,ramas_comunes
8122,248.0,0.002452231374487786,2.0155267970265136,2013,ramas_comunes
8123,814.0,-0.0012373201596395538,-0.1289335280924198,2013,ramas_comunes
8124,254.0,0.002750033662752287,2.1886169913240447,2013,ramas_comunes
8129,370.0,0.001561601124320439,1.4978700525229125,2013,ramas_comunes
8131,990.0,-0.002370394487293921,-0.7875048798109994,2013,ramas_comunes
8132,709.0,-0.002321355208873194,-0.7590020154457824,2013,ramas_comunes
1125,519.0,-0.002266158222996564,-0.7666651810983537,2018,ramas_comunes
1141,319.0,-0.0022082413690053438,-0.7325422635735818,2018,ramas_comunes
2111,10.0,0.00881478755830669,5.761904189213124,2018,ramas_comunes
2121,11.0,0.007667272414910798,5.085821807347891,2018,ramas_comunes
2122,117.0,-0.0003216313533209668,0.3789932141021574,2018,ramas_comunes
2123,397.0,-0.0012978433301916322,-0.1961623490522603,2018,ramas_comunes
2131,65.0,0.004714849810453673,3.346340704913777,2018,ramas_comunes
2211,48.0,0.006828020743237251,4.591359252814372,2018,ramas_comunes
2213,1813.0,-0.004589757510958176,-2.1356619652771487,2018,ramas_comunes
2361,217.0,0.004198593649247193,3.042177664338841,2018,ramas_comunes
2362,209.0,0.004079425289959882,2.9719671502087097,2018,ramas_comunes
2371,220.0,0.004253029289602411,3.074249552541381,2018,ramas_comunes
2372,242.0,0.0036837077104359657,2.7388219187490725,2018,ramas_comunes
2373,207.0,0.004136598704929209,3.0056520551916988,2018,ramas_comunes
2379,93.0,0.007931086918038016,5.241253601578522,2018,ramas_comunes
2381,234.0,0.0038669143168983994,2.846761896346245,2018,ramas_comunes
2382,213.0,0.004190810026297413,3.037591781203691,2018,ramas_comunes
2383,222.0,0.005319515009845607,3.7025917666872408,2018,ramas_comunes
2389,154.0,0.006723193560817271,4.529598140917419,2018,ramas_comunes
3111,253.0,0.0023720262882468124,1.9660175638212083,2018,ramas_comunes
3112,334.0,0.0014316533521640355,1.411977315962705,2018,ramas_comunes
3113,464.0,-0.001843649469367705,-0.5177353729330595,2018,ramas_comunes
3114,469.0,-0.0009585343992779285,0.003748555409886129,2018,ramas_comunes
3115,1058.0,-0.0026859444112708603,-1.0139909333343737,2018,ramas_comunes
3116,847.0,-0.002759317980650855,-1.0572204957831774,2018,ramas_comunes
3117,54.0,0.006387198161826825,4.33163947261351,2018,ramas_comunes
3118,1477.0,-0.004026323325887741,-1.8037030120040627,2018,ramas_comunes
3119,595.0,-0.0017345833865841183,-0.453476824840332,2018,ramas_comunes
3121,907.0,-0.002777615898244825,-1.0680010940012499,2018,ramas_comunes
3122,20.0,0.008421516373656216,5.530200302107448,2018,ramas_comunes
3131,188.0,-0.007802086861468624,-4.028272525693456,2018,ramas_comunes
3132,206.0,-0.0011817944500659935,-0.12778974086519215,2018,ramas_comunes
3133,166.0,0.0011296794792026638,1.2340631363828034,2018,ramas_comunes
3141,238.0,-0.001583022838732449,-0.36418177999663637,2018,ramas_comunes
3149,324.0,-0.005685443400152019,-2.7812080654794467,2018,ramas_comunes
3151,340.0,-0.0019350153833715663,-0.5715654989375174,2018,ramas_comunes
3152,743.0,-0.0036880039101613383,-1.6043751009678175,2018,ramas_comunes
3159,296.0,-0.000487763026874686,0.2811132878930217,2018,ramas_comunes
3161,67.0,0.0003974652356358408,0.8026639059017816,2018,ramas_comunes
3162,180.0,-0.0026932242547080343,-1.018280004305625,2018,ramas_comunes
3169,335.0,-0.001937755621971833,-0.5731799674265909,2018,ramas_comunes
3211,190.0,-0.0009243997502797262,0.023859692880841877,2018,ramas_comunes
3212,72.0,0.006497916153724603,4.3968712772728065,2018,ramas_comunes
3219,1006.0,-0.003342233373739614,-1.4006572074060695,2018,ramas_comunes
3221,69.0,0.007362137778531975,4.906045398348115,2018,ramas_comunes
3222,506.0,-0.0001605885744574329,0.4738749123027109,2018,ramas_comunes
3231,196.0,0.004038551559835326,2.947885543114142,2018,ramas_comunes
3241,110.0,0.007984524208889697,5.272737291434251,2018,ramas_comunes
3251,147.0,0.005413049263786699,3.7576994152044887,2018,ramas_comunes
3252,81.0,0.008728131764369788,5.710849128280414,2018,ramas_comunes
3253,147.0,0.004713839559617063,3.345745494649383,2018,ramas_comunes
3254,138.0,0.005359337895196373,3.726054246756145,2018,ramas_comunes
3255,122.0,0.007566813315300117,5.026634242167852,2018,ramas_comunes
3256,269.0,0.0034338123986559412,2.5915909052173354,2018,ramas_comunes
3259,232.0,0.0012590758176993855,1.3102996769103754,2018,ramas_comunes
3261,209.0,0.0031118637299701706,2.4019081598382424,2018,ramas_comunes
3262,127.0,0.005736919278165039,3.9485141613067922,2018,ramas_comunes
3271,292.0,-0.0018183482699179454,-0.5028286457438922,2018,ramas_comunes
3272,166.0,0.005239797421821865,3.655624493882328,2018,ramas_comunes
3273,823.0,-0.0019525249857780956,-0.5818816448887483,2018,ramas_comunes
3274,163.0,0.000344890096445174,0.7716881706049629,2018,ramas_comunes
3279,395.0,-4.254757063414036e-06,0.565982228043265,2018,ramas_comunes
3311,22.0,0.00871730161174131,5.704468318905336,2018,ramas_comunes
3312,128.0,0.00664452538723131,4.483249152426001,2018,ramas_comunes
3313,57.0,0.010189122316836257,6.571622058623661,2018,ramas_comunes
3314,63.0,0.008829039051070398,5.770300752193817,2018,ramas_comunes
3315,134.0,0.006246884711752701,4.248970889039869,2018,ramas_comunes
3321,109.0,0.006267533172760982,4.261136358733818,2018,ramas_comunes
3322,183.0,0.0032397490775243117,2.477254468667073,2018,ramas_comunes
3323,1463.0,-0.0031437027902416845,-1.2836887904428194,2018,ramas_comunes
3324,122.0,0.007224573117513604,4.824996320941999,2018,ramas_comunes
3325,83.0,0.007976550854090311,5.26803962383897,2018,ramas_comunes
3326,167.0,0.005058674383928696,3.548912093985716,2018,ramas_comunes
3327,270.0,0.0030995514230016496,2.3946541084477753,2018,ramas_comunes
3328,116.0,0.007759830247989872,5.140354177232962,2018,ramas_comunes
3329,157.0,0.005917051777921208,4.054642965085439,2018,ramas_comunes
3331,168.0,0.004273184433068153,3.0861243739584028,2018,ramas_comunes
3332,120.0,0.005330407237895126,3.709009149085999,2018,ramas_comunes
3333,85.0,0.008716816574716641,5.704182549267507,2018,ramas_comunes
3334,104.0,0.008762990912408302,5.7313871194096,2018,ramas_comunes
3335,79.0,0.008731662840006585,5.712929534836102,2018,ramas_comunes
3336,38.0,0.010930490185839836,7.008414337661471,2018,ramas_comunes
3339,118.0,0.0072259938929301205,4.825833400289686,2018,ramas_comunes
3341,27.0,0.011900687534436932,7.580026257638166,2018,ramas_comunes
3342,54.0,0.010005810593715882,6.4636201493640755,2018,ramas_comunes
3343,46.0,0.008897917896999667,5.810882154961347,2018,ramas_comunes
3344,70.0,0.008209511965294094,5.40529350135951,2018,ramas_comunes
3345,63.0,0.009939912985172763,6.424795204526128,2018,ramas_comunes
3351,89.0,0.007757829991252627,5.139175684428713,2018,ramas_comunes
3352,90.0,0.008119095550269153,5.352022792400606,2018,ramas_comunes
3353,102.0,0.0077490446214309805,5.133999601316634,2018,ramas_comunes
3359,95.0,0.008297829609478264,5.457327675883828,2018,ramas_comunes
3361,37.0,0.010235647564931415,6.599033374918764,2018,ramas_comunes
3362,224.0,0.0030409051561684987,2.360101442196484,2018,ramas_comunes
3363,194.0,0.003949083896133268,2.895173810703708,2018,ramas_comunes
3364,25.0,0.010261322810734918,6.614160479286587,2018,ramas_comunes
3365,27.0,0.009741364753754277,6.307816389923915,2018,ramas_comunes
3366,46.0,0.005879516432741556,4.032528236823036,2018,ramas_comunes
3369,66.0,0.007999940569358547,5.281820160418994,2018,ramas_comunes
3371,881.0,-0.00377556281095649,-1.6559622460645729,2018,ramas_comunes
3372,183.0,0.004739883143333272,3.361089612949255,2018,ramas_comunes
3379,182.0,0.004489638480554197,3.2136527720200285,2018,ramas_comunes
3391,203.0,0.0038986916514372103,2.8654841730394733,2018,ramas_comunes
3399,377.0,-0.0034229777823273177,-1.4482294528744157,2018,ramas_comunes
4311,433.0,-0.0007003048353802546,0.155889866688188,2018,ramas_comunes
4312,588.0,7.958082396159883e-05,0.6153757019600549,2018,ramas_comunes
4321,188.0,-7.8824835246986e-05,0.5220477175800488,2018,ramas_comunes
4331,175.0,0.004984212856904785,3.5050415386929394,2018,ramas_comunes
4332,200.0,0.003969559082235611,2.9072371918877153,2018,ramas_comunes
4333,146.0,0.004338998695238923,3.1249002135498865,2018,ramas_comunes
4334,233.0,0.0028206045615070657,2.230306770969523,2018,ramas_comunes
4335,131.0,0.006653236599472136,4.488381544059006,2018,ramas_comunes
4341,1431.0,-0.0028772271729482924,-1.1266891455269614,2018,ramas_comunes
4342,600.0,-0.0013642744589007774,-0.23530162837781404,2018,ramas_comunes
4343,430.0,0.0009734797612050037,1.1420348280870039,2018,ramas_comunes
4351,468.0,0.0007241675541505664,0.9951473628160638,2018,ramas_comunes
4352,174.0,0.00569104254928741,3.9214849335791437,2018,ramas_comunes
4353,141.0,0.005530697117417364,3.8270140918444566,2018,ramas_comunes
4354,146.0,0.007419794778791834,4.940015217649612,2018,ramas_comunes
4361,229.0,0.004692802801394355,3.3333512515862007,2018,ramas_comunes
4373,78.0,0.008217732651126285,5.4101368891701025,2018,ramas_comunes
4611,1647.0,-0.003859333736623023,-1.705317626933952,2018,ramas_comunes
4612,1297.0,-0.0033822266124504136,-1.4242200546954615,2018,ramas_comunes
4621,608.0,-0.0010634630921100598,-0.05807236345486672,2018,ramas_comunes
4622,314.0,0.0039952406584155475,2.9223680259283036,2018,ramas_comunes
4631,980.0,-0.00276035021967865,-1.0578286608471263,2018,ramas_comunes
4632,918.0,-0.002079230988312001,-0.6565331181026324,2018,ramas_comunes
4633,1098.0,-0.003087348526033713,-1.2504865051455316,2018,ramas_comunes
4641,861.0,-0.0026523113924824373,-0.9941753417209126,2018,ramas_comunes
4651,291.0,0.0015131421876540974,1.4599881560031296,2018,ramas_comunes
4652,634.0,-0.0013324098552292875,-0.21652793526239328,2018,ramas_comunes
4653,849.0,-0.0030458910515185652,-1.2260609729182428,2018,ramas_comunes
4659,917.0,-0.002595456981083759,-0.960678384317621,2018,ramas_comunes
4661,790.0,-0.0016661951303106738,-0.4131844631586101,2018,ramas_comunes
4662,564.0,-0.0006365005885423898,0.19348146399609267,2018,ramas_comunes
4663,640.0,-0.002002261788571297,-0.6111851153416763,2018,ramas_comunes
4664,578.0,-0.0006330116088416306,0.1955370688566857,2018,ramas_comunes
4671,667.0,-0.001442942890687773,-0.28165076899373465,2018,ramas_comunes
4681,207.0,0.005044515479959378,3.5405700816164076,2018,ramas_comunes
4682,586.0,-3.1722775625762604e-05,0.5497988743667339,2018,ramas_comunes
4683,626.0,-0.0008923349374129494,0.04275134340222792,2018,ramas_comunes
4684,1129.0,-0.0021572573308274974,-0.7025039584873591,2018,ramas_comunes
4691,143.0,0.004689425642385277,3.3313615282087485,2018,ramas_comunes
4811,14.0,0.010950274181145563,7.0200704894308705,2018,ramas_comunes
4812,40.0,0.009600969165577086,6.2250994129807555,2018,ramas_comunes
4831,22.0,0.009017965102798927,5.881610459768588,2018,ramas_comunes
4832,95.0,-7.36591372898425e-05,0.5250911958286465,2018,ramas_comunes
4841,235.0,0.003992183922693282,2.920567086585816,2018,ramas_comunes
4842,392.0,0.001289389802622068,1.3281597907819036,2018,ramas_comunes
4851,372.0,0.0011842200088768916,1.2661968223063031,2018,ramas_comunes
4852,360.0,-0.0008548312500054756,0.06484741983058606,2018,ramas_comunes
4853,38.0,0.009751285570330311,6.313661445075802,2018,ramas_comunes
4854,140.0,0.006062360102528747,4.140254382739402,2018,ramas_comunes
4855,211.0,0.0036068077334933694,2.693514700037454,2018,ramas_comunes
4859,175.0,-0.002309874571515039,-0.7924215758639647,2018,ramas_comunes
4862,20.0,0.009335143520155428,6.06848271249375,2018,ramas_comunes
4871,150.0,0.003988017250244366,2.9181122049662336,2018,ramas_comunes
4872,82.0,0.0016819309590465862,1.5594335665947792,2018,ramas_comunes
4881,82.0,0.007952004168468156,5.2535774341434065,2018,ramas_comunes
4882,18.0,0.009710453227227316,6.289604222004639,2018,ramas_comunes
4883,57.0,0.007217880670116826,4.8210533265488005,2018,ramas_comunes
4884,451.0,0.0016359001890767619,1.5323135823580631,2018,ramas_comunes
4885,88.0,0.008263829436057546,5.437295767492551,2018,ramas_comunes
4889,93.0,0.0065812925958542035,4.445994239972552,2018,ramas_comunes
4911,32.0,0.01000684741726383,6.464231015493298,2018,ramas_comunes
4921,159.0,0.004633159881934859,3.2982113867385427,2018,ramas_comunes
4922,104.0,0.006221316315732758,4.233906737441416,2018,ramas_comunes
4931,238.0,0.002595031053004311,2.0974054530288107,2018,ramas_comunes
5121,216.0,0.005134405672478593,3.5935307556558507,2018,ramas_comunes
5122,117.0,0.004708325382268514,3.3424967025290444,2018,ramas_comunes
5131,204.0,0.005024920745717421,3.529025436933886,2018,ramas_comunes
5132,50.0,0.010100155364633366,6.519205330793282,2018,ramas_comunes
5161,389.0,0.000815144919521049,1.0487485673225903,2018,ramas_comunes
5162,78.0,0.007290743700344114,4.863982094251335,2018,ramas_comunes
5173,186.0,0.0013824015241545424,1.3829595784770508,2018,ramas_comunes
5174,55.0,0.006172151418325287,4.204940216925586,2018,ramas_comunes
5179,695.0,-0.0009947748182951098,-0.01760324020687724,2018,ramas_comunes
5182,86.0,0.008377901554229098,5.504503725314881,2018,ramas_comunes
5192,149.0,0.005185546814957676,3.623661622004374,2018,ramas_comunes
5221,12.0,0.012418971479596468,7.885384009248316,2018,ramas_comunes
5223,854.0,-0.0017943630125465506,-0.48869723316373703,2018,ramas_comunes
5224,403.0,0.0019024236714346302,1.6893414279708663,2018,ramas_comunes
5231,282.0,0.0012178006295082105,1.2859815424571397,2018,ramas_comunes
5239,29.0,0.009552279744904522,6.196413029459463,2018,ramas_comunes
5241,66.0,0.005545141741898095,3.835524442387789,2018,ramas_comunes
5242,191.0,0.005663970668235833,3.905534972545289,2018,ramas_comunes
5311,646.0,0.00021132365995757646,0.6929947302286104,2018,ramas_comunes
5312,166.0,0.0058151748805363975,3.994620074897576,2018,ramas_comunes
5313,217.0,0.0030744484411459904,2.3798641652713663,2018,ramas_comunes
5321,138.0,0.005319748289466289,3.7027292082212355,2018,ramas_comunes
5322,870.0,-0.0015120983862807553,-0.3223951656569548,2018,ramas_comunes
5323,302.0,0.002621445561202867,2.1129681091919608,2018,ramas_comunes
5324,587.0,-0.0003857312230745092,0.34122744441307284,2018,ramas_comunes
5331,31.0,0.01027725267414484,6.623545889195075,2018,ramas_comunes
5411,389.0,0.002088006366091078,1.7986813272814697,2018,ramas_comunes
5412,370.0,0.0026014037403845527,2.101160054166505,2018,ramas_comunes
5413,236.0,0.0038512058789977968,2.8375069438758205,2018,ramas_comunes
5414,312.0,0.002772715517503946,2.202091945987725,2018,ramas_comunes
5415,88.0,0.006939118306474503,4.656814689812428,2018,ramas_comunes
5416,131.0,0.004705562079398631,3.340868645246456,2018,ramas_comunes
5417,109.0,0.007808682083061191,5.169136250570804,2018,ramas_comunes
5418,336.0,-7.200855589096613e-05,0.5260636701441596,2018,ramas_comunes
5419,626.0,-0.0009697070116925683,-0.0028340212614709715,2018,ramas_comunes
5511,56.0,0.010140208594315093,6.542803523009273,2018,ramas_comunes
5611,165.0,0.0051544498696948155,3.6053402107854944,2018,ramas_comunes
5612,103.0,0.008553155568954847,5.607758268306433,2018,ramas_comunes
5613,155.0,0.00621909609918407,4.232598650745452,2018,ramas_comunes
5614,1229.0,-0.0036270184027263094,-1.5684442225273667,2018,ramas_comunes
5615,250.0,0.0023597734336301196,1.9587985400187098,2018,ramas_comunes
5616,148.0,0.007702382870751407,5.106507861688617,2018,ramas_comunes
5617,195.0,0.005880469452945244,4.033089728471302,2018,ramas_comunes
5619,312.0,0.002359712774702026,1.958762801551272,2018,ramas_comunes
5621,137.0,0.007252841498432893,4.841651224725516,2018,ramas_comunes
6111,271.0,0.0034298274742086124,2.589243104207991,2018,ramas_comunes
6112,115.0,0.007255603833577005,4.843278711852365,2018,ramas_comunes
6113,281.0,0.0029143221277174725,2.285522421717833,2018,ramas_comunes
6114,334.0,0.0012068231956806079,1.2795139593044065,2018,ramas_comunes
6115,352.0,0.0027138023128759777,2.16738200779003,2018,ramas_comunes
6116,247.0,0.004505158578611294,3.2227967601596292,2018,ramas_comunes
6117,45.0,0.011027978835874922,7.06585180077459,2018,ramas_comunes
6211,386.0,0.00030726273010642816,0.7495192261653003,2018,ramas_comunes
6212,433.0,0.0007216063500824983,0.9936383762403764,2018,ramas_comunes
6213,315.0,0.0026435203741348107,2.1259739437486114,2018,ramas_comunes
6214,202.0,0.004304483594961918,3.104564925305638,2018,ramas_comunes
6215,834.0,-0.0010687957884104526,-0.06121423224612645,2018,ramas_comunes
6216,125.0,0.004390162175460006,3.155044240643088,2018,ramas_comunes
6219,356.0,0.0025128288539875867,2.048974320049319,2018,ramas_comunes
6221,298.0,0.0035070786182587535,2.634757220315141,2018,ramas_comunes
6222,37.0,0.010072928307109937,6.503163944317852,2018,ramas_comunes
6223,187.0,0.005287231089752625,3.683571024592441,2018,ramas_comunes
6231,102.0,0.007109236461509157,4.757043334389599,2018,ramas_comunes
6232,221.0,0.003908656469057439,2.8713551523204957,2018,ramas_comunes
6233,245.0,0.003139119494833367,2.4179664598391786,2018,ramas_comunes
6239,242.0,0.0037959623899194764,2.804959094818171,2018,ramas_comunes
6241,829.0,-0.0020123379715570864,-0.6171217078409982,2018,ramas_comunes
6242,259.0,0.0028445115385312084,2.2443920630571266,2018,ramas_comunes
6243,82.0,0.008053435090471637,5.313337568671967,2018,ramas_comunes
6244,388.0,0.0016995035327583142,1.56978681339845,2018,ramas_comunes
7111,511.0,-0.001446087660236933,-0.28350357529389514,2018,ramas_comunes
7112,93.0,0.005501979863983564,3.810094725495447,2018,ramas_comunes
7113,339.0,0.0013870035316204952,1.385670946764301,2018,ramas_comunes
7114,36.0,0.008404395026136687,5.520112904587369,2018,ramas_comunes
7115,272.0,0.0022728195171185708,1.9075678339788187,2018,ramas_comunes
7121,220.0,0.0018058537599330102,1.6324452587479341,2018,ramas_comunes
7131,963.0,-0.0023105509657067704,-0.7928200875514639,2018,ramas_comunes
7132,220.0,0.0029440832849400656,2.303056825667023,2018,ramas_comunes
7139,677.0,-0.0001061172649503782,0.5059678157269427,2018,ramas_comunes
7211,877.0,-0.00214594621337127,-0.6958397786938508,2018,ramas_comunes
7212,66.0,0.00430478233157792,3.1047409321880393,2018,ramas_comunes
7213,586.0,-0.002031343437460087,-0.6283191728418814,2018,ramas_comunes
7223,315.0,0.0032922231692828104,2.508170669770365,2018,ramas_comunes
7224,1100.0,-0.002665201564217223,-1.001769854141303,2018,ramas_comunes
7225,985.0,-0.0021148622267607195,-0.6775260023341452,2018,ramas_comunes
8111,730.0,-0.00011677377339347178,0.49968931243046105,2018,ramas_comunes
8112,537.0,5.058172449687501e-05,0.5982902801676793,2018,ramas_comunes
8113,594.0,0.00018693646757688329,0.6786265092891012,2018,ramas_comunes
8114,679.0,-0.000380000078477499,0.34460406729448784,2018,ramas_comunes
8121,481.0,0.0009598231499045009,1.133988751876691,2018,ramas_comunes
8122,282.0,0.0025429917887604845,2.0667454395876264,2018,ramas_comunes
8123,919.0,-0.0015078069489191791,-0.31986677619757586,2018,ramas_comunes
8124,296.0,0.002578916749005341,2.0879113761162538,2018,ramas_comunes
8129,320.0,0.0022121928076904874,1.8718483488367834,2018,ramas_comunes
8131,966.0,-0.002053559204972163,-0.6414080537171962,2018,ramas_comunes
8132,1104.0,-0.003506008281290891,-1.4971485959722812,2018,ramas_comunes
1125,471.0,-0.0021455461910062854,-0.7748909904316437,2023,ramas_comunes
1141,301.0,-0.0019167322081887288,-0.6349700959025117,2023,ramas_comunes
2111,17.0,0.005826597071790226,4.100114474309963,2023,ramas_comunes
2122,100.0,8.204985570926526e-05,0.5872951297868909,2023,ramas_comunes
2123,380.0,-0.0011784111055478568,-0.18348305014090419,2023,ramas_comunes
2131,53.0,0.005703534484624162,4.024861086963114,2023,ramas_comunes
2211,64.0,0.00582290824640379,4.097858739142574,2023,ramas_comunes
2213,1808.0,-0.004433324977778572,-2.1738791570997043,2023,ramas_comunes
2361,216.0,0.004083197582044337,3.034016969589811,2023,ramas_comunes
2362,221.0,0.0047344748219163,3.4322762580617434,2023,ramas_comunes
2371,240.0,0.00424423699764247,3.132493377401416,2023,ramas_comunes
2372,237.0,0.003973766229787872,2.967099150544347,2023,ramas_comunes
2373,220.0,0.003906626547935454,2.9260428994030776,2023,ramas_comunes
2379,93.0,0.007459237021578595,5.098481966564714,2023,ramas_comunes
2381,282.0,0.003444122792645264,2.6432195405925043,2023,ramas_comunes
2382,220.0,0.004855846530726033,3.506495664839554,2023,ramas_comunes
2383,248.0,0.005157359451906676,3.6908723236616923,2023,ramas_comunes
2389,163.0,0.006654762255398721,4.606541624790438,2023,ramas_comunes
3111,292.0,0.0017448753283838116,1.6041212202097057,2023,ramas_comunes
3112,342.0,0.0015194872272570573,1.4662952694634028,2023,ramas_comunes
3113,558.0,-0.002164398506281032,-0.7864192754809496,2023,ramas_comunes
3114,565.0,-0.001655270204041497,-0.47508477309498776,2023,ramas_comunes
3115,1120.0,-0.0028077404650512067,-1.1798260998839025,2023,ramas_comunes
3116,908.0,-0.00309880549372891,-1.35781382020257,2023,ramas_comunes
3117,51.0,0.00589443859541798,4.141599905205956,2023,ramas_comunes
3118,1528.0,-0.003989769678265305,-1.902642873736206,2023,ramas_comunes
3119,679.0,-0.0018475650091528777,-0.5926740078662861,2023,ramas_comunes
3121,958.0,-0.0026798158576222366,-1.101599562836901,2023,ramas_comunes
3122,18.0,0.0070074636583648915,4.822220296159292,2023,ramas_comunes
3131,191.0,-0.007150939902780205,-3.8357142714123604,2023,ramas_comunes
3132,224.0,-0.0006831000493877578,0.11940213718328818,2023,ramas_comunes
3133,190.0,0.0009367620383041749,1.109955902878641,2023,ramas_comunes
3141,256.0,-0.0018549443744843618,-0.5971865266622278,2023,ramas_comunes
3149,340.0,-0.005994829678874885,-3.128747089113502,2023,ramas_comunes
3151,318.0,-0.002068549009341225,-0.7278068288688974,2023,ramas_comunes
3152,731.0,-0.0038464053550724157,-1.8149748733032645,2023,ramas_comunes
3159,340.0,-0.00039852430275021236,0.2934216290889454,2023,ramas_comunes
3161,57.0,0.0015065473586713465,1.458382475125805,2023,ramas_comunes
3162,169.0,-0.0028946963699604225,-1.233000070502599,2023,ramas_comunes
3169,396.0,-0.002151402933121231,-0.7784724175177805,2023,ramas_comunes
3211,215.0,-0.0005115085422383649,0.22433120173739202,2023,ramas_comunes
3212,100.0,0.0058278238203792005,4.100864637205683,2023,ramas_comunes
3219,1022.0,-0.0032145488384420955,-1.4285914541943507,2023,ramas_comunes
3221,71.0,0.00771001227989032,5.251832290861671,2023,ramas_comunes
3222,647.0,-0.0010361442642194431,-0.096486165355337,2023,ramas_comunes
3231,258.0,0.0025980581964717858,2.1258468098341177,2023,ramas_comunes
3241,128.0,0.007594848791465066,5.181409241889157,2023,ramas_comunes
3251,147.0,0.00586198164389815,4.121752317071605,2023,ramas_comunes
3252,96.0,0.008787765876317912,5.910884003686308,2023,ramas_comunes
3253,195.0,0.0032082134995049284,2.4989598283254875,2023,ramas_comunes
3254,154.0,0.004049580329145987,3.013459851361159,2023,ramas_comunes
3255,122.0,0.006954169051600911,4.789630377657937,2023,ramas_comunes
3256,356.0,0.0021414164277830648,1.8466080851394118,2023,ramas_comunes
3259,260.0,0.00040498700129299646,0.7847728089494825,2023,ramas_comunes
3261,209.0,0.003309725735207374,2.5610350680037524,2023,ramas_comunes
3262,133.0,0.005456238143492759,3.873638137915997,2023,ramas_comunes
3271,303.0,-0.0016979835137185964,-0.5012041755227883,2023,ramas_comunes
3272,153.0,0.005212897278661573,3.7248339824032617,2023,ramas_comunes
3273,856.0,-0.0019649935705192763,-0.6644821602673414,2023,ramas_comunes
3274,163.0,-4.155888846921327e-05,0.5117077646962455,2023,ramas_comunes
3279,385.0,-0.00012788107072550384,0.45892131864833285,2023,ramas_comunes
3311,31.0,0.008618439617884239,5.807340150047777,2023,ramas_comunes
3312,146.0,0.00636255236591471,4.4278538163645775,2023,ramas_comunes
3313,77.0,0.00959871876349467,6.406785748839829,2023,ramas_comunes
3314,60.0,0.008548840267633376,5.764779799382879,2023,ramas_comunes
3315,149.0,0.006380127411871718,4.4386010448399285,2023,ramas_comunes
3321,111.0,0.005984319927899224,4.196562789411654,2023,ramas_comunes
3322,200.0,0.002761275284405693,2.22565487516709,2023,ramas_comunes
3323,1530.0,-0.002968305055435843,-1.278012149703399,2023,ramas_comunes
3324,131.0,0.006707435148672448,4.638751362384027,2023,ramas_comunes
3325,101.0,0.007328385476184713,5.018465592317911,2023,ramas_comunes
3326,186.0,0.004918012789900002,3.5445106431465714,2023,ramas_comunes
3327,273.0,0.0030336090374092867,2.392188326757421,2023,ramas_comunes
3328,133.0,0.006746129332815231,4.6624130494525575,2023,ramas_comunes
3329,148.0,0.007183774335077149,4.930035156496239,2023,ramas_comunes
3331,174.0,0.004022617441868622,2.9969719109805872,2023,ramas_comunes
3332,122.0,0.005556749085667845,3.935101081595962,2023,ramas_comunes
3333,98.0,0.008311106211767507,5.6194042355856535,2023,ramas_comunes
3334,102.0,0.008757318688572012,5.892265396148239,2023,ramas_comunes
3335,108.0,0.00845512732115471,5.707473864060252,2023,ramas_comunes
3336,35.0,0.010648985358874432,7.049029023092764,2023,ramas_comunes
3339,126.0,0.007222088461303498,4.9534644362486375,2023,ramas_comunes
3341,28.0,0.01139164047227195,7.503166338101477,2023,ramas_comunes
3342,42.0,0.01053028419021126,6.976442664966884,2023,ramas_comunes
3343,30.0,0.008852548105329799,5.950498660628676,2023,ramas_comunes
3344,76.0,0.008799853107897214,5.9182754062314284,2023,ramas_comunes
3345,68.0,0.009932813303390858,6.611086230409817,2023,ramas_comunes
3351,82.0,0.007969099322197176,5.410265312629346,2023,ramas_comunes
3352,86.0,0.00845274498034407,5.706017050743193,2023,ramas_comunes
3353,104.0,0.00789309973830787,5.363791187094316,2023,ramas_comunes
3359,96.0,0.008349299652504041,5.64275971555762,2023,ramas_comunes
3361,42.0,0.009850575730438,6.560797543373398,2023,ramas_comunes
3362,241.0,0.0029632663196618226,2.349173403151624,2023,ramas_comunes
3363,194.0,0.004252589062672332,3.1376007069262712,2023,ramas_comunes
3364,25.0,0.009718333608425694,6.47993082457175,2023,ramas_comunes
3365,35.0,0.009704028679530068,6.471183289029537,2023,ramas_comunes
3366,50.0,0.006149064654327639,4.297305013321986,2023,ramas_comunes
3369,77.0,0.008705758474057959,5.86073606717942,2023,ramas_comunes
3371,877.0,-0.003551272315903639,-1.6344995442298527,2023,ramas_comunes
3372,181.0,0.004639329598716603,3.3740944783630336,2023,ramas_comunes
3379,194.0,0.004756657236926606,3.445840915749352,2023,ramas_comunes
3391,231.0,0.0035938420643257573,2.734773623799422,2023,ramas_comunes
3399,434.0,-0.0034843677946304213,-1.5935870949585327,2023,ramas_comunes
4311,479.0,-0.0011572457480675715,-0.17054032821804127,2023,ramas_comunes
4312,608.0,0.00037430568405268024,0.7660110300549642,2023,ramas_comunes
4321,186.0,9.411725195504417e-05,0.5946744029263877,2023,ramas_comunes
4331,204.0,0.004299568896796019,3.1663291103851536,2023,ramas_comunes
4332,193.0,0.00378950418556341,2.8544219892180203,2023,ramas_comunes
4333,169.0,0.0042705123707968895,3.148560899458338,2023,ramas_comunes
4334,283.0,0.0024110419484927714,2.011485439141269,2023,ramas_comunes
4335,161.0,0.005821183216565447,4.096803874771533,2023,ramas_comunes
4341,1402.0,-0.0027733014261949788,-1.1587664554331998,2023,ramas_comunes
4342,681.0,-0.0017140957452799876,-0.5110568856813624,2023,ramas_comunes
4343,458.0,0.0008707434672192603,1.0695852165770887,2023,ramas_comunes
4351,512.0,0.00024307200677117658,0.6857609802482768,2023,ramas_comunes
4352,185.0,0.005225128611275238,3.732313503451378,2023,ramas_comunes
4353,154.0,0.0052708092619182575,3.7602474497161062,2023,ramas_comunes
4354,141.0,0.007623626947461275,5.199007228167378,2023,ramas_comunes
4361,289.0,0.0032919712690453466,2.5501781231759577,2023,ramas_comunes
4373,85.0,0.008300588411935726,5.61297254840107,2023,ramas_comunes
4611,1581.0,-0.0037010140300886432,-1.7260673511404874,2023,ramas_comunes
4612,1307.0,-0.00316964168230102,-1.40113050368492,2023,ramas_comunes
4621,434.0,0.0014923996380041883,1.4497310732013189,2023,ramas_comunes
4622,351.0,0.003858101535552347,2.8963696117128963,2023,ramas_comunes
4631,986.0,-0.002689374017004641,-1.10744442508863,2023,ramas_comunes
4632,1001.0,-0.002156869164230432,-0.7818150451714069,2023,ramas_comunes
4633,1092.0,-0.0029427809882128816,-1.262404054979983,2023,ramas_comunes
4641,870.0,-0.0024896820186961523,-0.985331769692424,2023,ramas_comunes
4651,381.0,0.0005296379408650302,0.8609974817341105,2023,ramas_comunes
4652,593.0,-0.0007934517365076384,0.051921528767307004,2023,ramas_comunes
4653,910.0,-0.002861997574529537,-1.2130045936074538,2023,ramas_comunes
4659,1087.0,-0.002732414967412177,-1.1337641814612478,2023,ramas_comunes
4661,823.0,-0.0018825313485332565,-0.614056099223932,2023,ramas_comunes
4662,632.0,-0.0009298228189360958,-0.03147006997301118,2023,ramas_comunes
4663,755.0,-0.0019667134813082235,-0.6655338943140832,2023,ramas_comunes
4664,739.0,-0.0010713011625538768,-0.11798478446615415,2023,ramas_comunes
4671,706.0,-0.0014903620374173924,-0.3742426046878155,2023,ramas_comunes
4681,209.0,0.004831104325329497,3.4913656825321913,2023,ramas_comunes
4682,570.0,0.0003476135892383393,0.749688680619454,2023,ramas_comunes
4683,932.0,-0.002019861419491142,-0.6980341242447968,2023,ramas_comunes
4684,1195.0,-0.002210337802150975,-0.8145113845951296,2023,ramas_comunes
4691,227.0,0.003298374473266145,2.554093714572054,2023,ramas_comunes
4811,14.0,0.01165737019843458,7.665661394259398,2023,ramas_comunes
4812,36.0,0.010054061387619115,6.68523004013795,2023,ramas_comunes
4831,23.0,0.009598814192568885,6.406844104195844,2023,ramas_comunes
4832,86.0,-0.0005012662460132732,0.2305944170890074,2023,ramas_comunes
4841,252.0,0.004158807165555293,3.080252607943536,2023,ramas_comunes
4842,379.0,0.0018357129387062917,1.659668873096568,2023,ramas_comunes
4851,356.0,0.0014750079323570006,1.4390959582420981,2023,ramas_comunes
4852,362.0,-0.000113608709277449,0.46764893903352245,2023,ramas_comunes
4853,85.0,0.006603942595631967,4.575465148752258,2023,ramas_comunes
4854,153.0,0.0061289384215161835,4.2849977213295825,2023,ramas_comunes
4855,204.0,0.004043198883440467,3.0095575654059457,2023,ramas_comunes
4859,213.0,-0.0025865963156396356,-1.0445953468305675,2023,ramas_comunes
4862,24.0,0.008992157388419028,6.035870435263583,2023,ramas_comunes
4871,119.0,0.0047658455980856195,3.4514596445385406,2023,ramas_comunes
4872,84.0,0.001430521413613198,1.4118922296042251,2023,ramas_comunes
4879,20.0,0.008534167623512,5.755807404141599,2023,ramas_comunes
4881,80.0,0.007708945354418131,5.251179860600958,2023,ramas_comunes
4882,28.0,0.010820964538937178,7.154195151571692,2023,ramas_comunes
4883,62.0,0.006616192127626047,4.582955798812493,2023,ramas_comunes
4884,467.0,0.0017867306386426616,1.6297159517033761,2023,ramas_comunes
4885,96.0,0.007586810878043173,5.176494017643288,2023,ramas_comunes
4889,156.0,0.0034917089248855523,2.67231869838109,2023,ramas_comunes
4911,32.0,0.009795461203257957,6.527094734438287,2023,ramas_comunes
4921,134.0,0.0064252508763039135,4.466194268950889,2023,ramas_comunes
4922,426.0,0.0006222009713856066,0.9176002376989555,2023,ramas_comunes
4931,219.0,0.004199971475550481,3.1054247893210776,2023,ramas_comunes
5121,213.0,0.005535233445395347,3.9219441599942986,2023,ramas_comunes
5122,109.0,0.004969485532366984,3.575986482521258,2023,ramas_comunes
5131,196.0,0.004970181437185029,3.576412031796914,2023,ramas_comunes
5132,32.0,0.011251884062115977,7.417704594529643,2023,ramas_comunes
5161,420.0,0.0007739915745018341,1.0104209504351764,2023,ramas_comunes
5162,94.0,0.005815096383610385,4.093081745986245,2023,ramas_comunes
5173,200.0,0.002109567865063934,1.8271325297985428,2023,ramas_comunes
5174,62.0,0.008404054432052846,5.676242537017543,2023,ramas_comunes
5179,728.0,-0.0015708930006965935,-0.42348769137599634,2023,ramas_comunes
5182,64.0,0.009484603489934039,6.337003688497952,2023,ramas_comunes
5192,156.0,0.004759921860597592,3.447837249446797,2023,ramas_comunes
5221,11.0,0.012532507193626516,8.200812042375283,2023,ramas_comunes
5222,14.0,0.011477726746521881,7.555808525223995,2023,ramas_comunes
5223,825.0,-0.001556237670041237,-0.4145258834057522,2023,ramas_comunes
5224,421.0,0.0013778077482443816,1.3796575596706346,2023,ramas_comunes
5225,10.0,0.013263767535450766,8.647981397594762,2023,ramas_comunes
5231,280.0,0.0012420912652896018,1.2966662517813714,2023,ramas_comunes
5239,46.0,0.00941103734213774,6.292017621300618,2023,ramas_comunes
5241,54.0,0.005164775086855269,3.695407021509839,2023,ramas_comunes
5242,205.0,0.00502216919521686,3.608202805764508,2023,ramas_comunes
5311,702.0,-9.803535998624073e-05,0.4771721199895479,2023,ramas_comunes
5312,204.0,0.004590052601709648,3.343961348315557,2023,ramas_comunes
5313,203.0,0.003331605709535119,2.5744147817018157,2023,ramas_comunes
5321,175.0,0.0048664110788460375,3.5129559388361207,2023,ramas_comunes
5322,951.0,-0.0018941019400539945,-0.6211315737901159,2023,ramas_comunes
5323,408.0,0.0016774161334497724,1.5628695852215069,2023,ramas_comunes
5324,614.0,-0.00042573981557864754,0.27677920692080366,2023,ramas_comunes
5331,37.0,0.010273919272873683,6.819674236228146,2023,ramas_comunes
5411,430.0,0.0017544009491443902,1.6099461849314998,2023,ramas_comunes
5412,405.0,0.0020957351636035856,1.8186737636940709,2023,ramas_comunes
5413,289.0,0.0031847573838461995,2.4846162963230527,2023,ramas_comunes
5414,368.0,0.0018296952387202986,1.6559890194675202,2023,ramas_comunes
5415,125.0,0.005098186777622362,3.654687937482182,2023,ramas_comunes
5416,147.0,0.005512117518100725,3.907808654877407,2023,ramas_comunes
5417,100.0,0.007689613327317782,5.239358229371808,2023,ramas_comunes
5418,417.0,-0.0002306152208969701,0.39609887216286926,2023,ramas_comunes
5419,629.0,-0.0007855967260293294,0.05672490694868787,2023,ramas_comunes
5511,65.0,0.008580354237702197,5.78405074964517,2023,ramas_comunes
5611,178.0,0.00524463423064714,3.744241287222519,2023,ramas_comunes
5612,151.0,0.00682404977441152,4.710061789079414,2023,ramas_comunes
5613,131.0,0.006954814479636277,4.790025060128609,2023,ramas_comunes
5614,1029.0,-0.0030152319576112504,-1.3067081850112563,2023,ramas_comunes
5615,298.0,0.0020904073239061283,1.8154157630806627,2023,ramas_comunes
5616,154.0,0.00741827071995199,5.073430868294574,2023,ramas_comunes
5617,199.0,0.005551967084011921,3.932176863674061,2023,ramas_comunes
5619,418.0,0.0009949850272654042,1.1455595517347978,2023,ramas_comunes
5621,169.0,0.006536344607767035,4.534128641192874,2023,ramas_comunes
6111,277.0,0.0035112857869168393,2.684290047394647,2023,ramas_comunes
6112,151.0,0.006794458858551438,4.691966796080755,2023,ramas_comunes
6113,322.0,0.002653003744243909,2.1594462870164133,2023,ramas_comunes
6114,283.0,0.002382728766702843,1.9941717869149909,2023,ramas_comunes
6115,356.0,0.0025161073972010234,2.0757334863381263,2023,ramas_comunes
6116,276.0,0.004473619543017538,3.2727619507771957,2023,ramas_comunes
6117,37.0,0.011191171474119804,7.380578543415989,2023,ramas_comunes
6211,344.0,0.000578922579432,0.8911352846337428,2023,ramas_comunes
6212,438.0,0.0010408977837376655,1.1736354318746023,2023,ramas_comunes
6213,399.0,0.001888186508495734,1.6917567233829287,2023,ramas_comunes
6214,279.0,0.0034745322030759955,2.6618150471134676,2023,ramas_comunes
6215,928.0,-0.0013658538421601394,-0.2981052207653765,2023,ramas_comunes
6216,170.0,0.002715730442487698,2.197803976616738,2023,ramas_comunes
6219,360.0,0.0026849745153101046,2.178996573372536,2023,ramas_comunes
6221,316.0,0.0032886264419890983,2.54813274470742,2023,ramas_comunes
6222,47.0,0.010183404010842521,6.764323700933119,2023,ramas_comunes
6223,220.0,0.004841557092153731,3.497757601707504,2023,ramas_comunes
6231,113.0,0.0064013827963904256,4.451598818746908,2023,ramas_comunes
6232,330.0,0.0022323806761527292,1.9022331778252992,2023,ramas_comunes
6233,255.0,0.0033549777723874373,2.5887069149928785,2023,ramas_comunes
6239,222.0,0.0045803861760318285,3.3380502806828662,2023,ramas_comunes
6241,842.0,-0.0017090349859650669,-0.5079622060572376,2023,ramas_comunes
6242,253.0,0.002881719428894505,2.299307071724972,2023,ramas_comunes
6243,60.0,0.00842559650575191,5.6894156227917145,2023,ramas_comunes
6244,404.0,0.002257393979555442,1.9175289379188891,2023,ramas_comunes
7111,533.0,-0.0016601033332674885,-0.4780402557816155,2023,ramas_comunes
7112,71.0,0.006476977321223814,4.49782524864401,2023,ramas_comunes
7113,372.0,0.0018858477345994784,1.6903265514518433,2023,ramas_comunes
7114,43.0,0.0089047655772189,5.982429905768526,2023,ramas_comunes
7115,273.0,0.00244052199856688,2.0295126371574925,2023,ramas_comunes
7121,232.0,0.0018105682366749139,1.6442927620845758,2023,ramas_comunes
7131,838.0,-0.0017897374427828323,-0.557312161901693,2023,ramas_comunes
7132,230.0,0.0025379162364692447,2.0890697005916263,2023,ramas_comunes
7139,658.0,0.0004332743979791997,0.8020706934559109,2023,ramas_comunes
7211,878.0,-0.002240027681279866,-0.832666894127467,2023,ramas_comunes
7212,63.0,0.004104806370504062,3.047230851773691,2023,ramas_comunes
7213,585.0,-0.0017854425164652553,-0.5546857929844959,2023,ramas_comunes
7223,366.0,0.0023175416260310436,1.9543095244680884,2023,ramas_comunes
7224,1158.0,-0.0024522831403277507,-0.9624621685812657,2023,ramas_comunes
7225,1086.0,-0.0020063359532778006,-0.6897632340300006,2023,ramas_comunes
8111,720.0,-0.00023273588494684245,0.3948020754933646,2023,ramas_comunes
8112,553.0,-5.011870534993504e-07,0.5368147543944113,2023,ramas_comunes
8113,561.0,0.0003203039143114645,0.7329886778573198,2023,ramas_comunes
8114,784.0,-0.0012082909871463966,-0.2017547471334162,2023,ramas_comunes
8121,469.0,0.0018363790561046452,1.6600762072161503,2023,ramas_comunes
8122,342.0,0.0019153737432739736,1.7083818533819897,2023,ramas_comunes
8123,1203.0,-0.002176002055100181,-0.7935149035998935,2023,ramas_comunes
8124,336.0,0.0019887496700918593,1.7532515994999485,2023,ramas_comunes
8129,371.0,0.00161283587745983,1.5233784357918936,2023,ramas_comunes
8131,959.0,-0.00190185977903806,-0.6258755311169237,2023,ramas_comunes
8132,1163.0,-0.003411194449905842,-1.5488412288035114,2023,ramas_comunes
